{"v":"5.7.8","fr":60,"ip":0,"op":210,"w":552,"h":552,"nm":"08C - Authentication - Disambig to AAD","ddd":0,"assets":[{"id":"comp_0","layers":[{"ddd":0,"ind":1,"ty":0,"nm":"Tile - Clipboard","refId":"comp_1","sr":1,"ks":{"o":{"a":0,"k":100},"r":{"a":1,"k":[{"i":{"x":[0],"y":[1]},"o":{"x":[0.167],"y":[0.167]},"t":8,"s":[-28.5]},{"t":78,"s":[1.2]}]},"p":{"a":1,"k":[{"i":{"x":0,"y":1},"o":{"x":0.167,"y":0.167},"t":8,"s":[230,560.941,0],"to":[0,0,0],"ti":[0,0,0]},{"t":78,"s":[205,340.941,0]}]},"a":{"a":0,"k":[50.765,197.43,0]},"s":{"a":1,"k":[{"i":{"x":[0,0,0.833],"y":[1,1,1]},"o":{"x":[0.167,0.167,0.167],"y":[0.167,0.167,0]},"t":8,"s":[0,0,100]},{"t":44,"s":[100,100,100]}]}},"ao":0,"w":250,"h":250,"ip":8,"op":219,"st":8,"bm":0},{"ddd":0,"ind":2,"ty":4,"nm":"Shape Layer 5","sr":1,"ks":{"o":{"a":1,"k":[{"i":{"x":[0.833],"y":[0.833]},"o":{"x":[0.167],"y":[0.167]},"t":32,"s":[0]},{"t":48,"s":[60]}]},"r":{"a":0,"k":1.3},"p":{"a":0,"k":[309.331,292.977,0]},"a":{"a":0,"k":[0,0,0]},"s":{"a":0,"k":[100,100,100]}},"ao":0,"ef":[{"ty":29,"nm":"Gaussian Blur","np":5,"mn":"ADBE Gaussian Blur 2","ix":1,"en":1,"ef":[{"ty":0,"nm":"Blurriness","mn":"ADBE Gaussian Blur 2-0001","ix":1,"v":{"a":0,"k":40}},{"ty":7,"nm":"Blur Dimensions","mn":"ADBE Gaussian Blur 2-0002","ix":2,"v":{"a":0,"k":1}},{"ty":7,"nm":"Repeat Edge Pixels","mn":"ADBE Gaussian Blur 2-0003","ix":3,"v":{"a":0,"k":0}}]}],"shapes":[{"ty":"gr","it":[{"ind":0,"ty":"sh","ks":{"a":0,"k":{"i":[[0,0],[0,0],[0,0],[0,0]],"o":[[0,0],[0,0],[0,0],[0,0]],"v":[[-110.321,-108.502],[-109.397,86.527],[3.194,90.762],[2.769,-104.279]],"c":true}},"nm":"Path 1","hd":false},{"ty":"fl","c":{"a":0,"k":[0,0,0,1]},"o":{"a":0,"k":100},"r":1,"bm":0,"nm":"Fill 1","hd":false},{"ty":"tr","p":{"a":0,"k":[-2.466,23.562]},"a":{"a":0,"k":[0,0]},"s":{"a":0,"k":[100,42.217]},"r":{"a":0,"k":-0.186},"o":{"a":0,"k":100},"sk":{"a":0,"k":0},"sa":{"a":0,"k":0},"nm":"Transform"}],"nm":"Shape 2","bm":0,"hd":false},{"ty":"gr","it":[{"ty":"fl","c":{"a":0,"k":[0,0,0,1]},"o":{"a":0,"k":100},"r":1,"bm":0,"nm":"Fill 1","hd":false},{"ty":"tr","p":{"a":0,"k":[0,0]},"a":{"a":0,"k":[0,0]},"s":{"a":0,"k":[100,100]},"r":{"a":0,"k":0},"o":{"a":0,"k":100},"sk":{"a":0,"k":0},"sa":{"a":0,"k":0},"nm":"Transform"}],"nm":"Shape 1","bm":0,"hd":false}],"ip":32,"op":229,"st":19,"bm":0},{"ddd":0,"ind":3,"ty":4,"nm":"Shape Layer 1","sr":1,"ks":{"o":{"a":1,"k":[{"i":{"x":[0.833],"y":[0.833]},"o":{"x":[0.167],"y":[0.167]},"t":40,"s":[0]},{"t":55,"s":[40]}]},"r":{"a":0,"k":1.3},"p":{"a":0,"k":[309.331,292.977,0]},"a":{"a":0,"k":[0,0,0]},"s":{"a":0,"k":[100,100,100]}},"ao":0,"ef":[{"ty":29,"nm":"Gaussian Blur","np":5,"mn":"ADBE Gaussian Blur 2","ix":1,"en":1,"ef":[{"ty":0,"nm":"Blurriness","mn":"ADBE Gaussian Blur 2-0001","ix":1,"v":{"a":0,"k":30}},{"ty":7,"nm":"Blur Dimensions","mn":"ADBE Gaussian Blur 2-0002","ix":2,"v":{"a":0,"k":1}},{"ty":7,"nm":"Repeat Edge Pixels","mn":"ADBE Gaussian Blur 2-0003","ix":3,"v":{"a":0,"k":0}}]}],"shapes":[{"ty":"gr","it":[{"ind":0,"ty":"sh","ks":{"a":0,"k":{"i":[[0,0],[0,0],[0,0],[0,0]],"o":[[0,0],[0,0],[0,0],[0,0]],"v":[[-33.16,-96.443],[-32.496,76.406],[53.016,74.802],[52.852,-98.058]],"c":true}},"nm":"Path 1","hd":false},{"ty":"fl","c":{"a":0,"k":[0,0,0,1]},"o":{"a":0,"k":100},"r":1,"bm":0,"nm":"Fill 1","hd":false},{"ty":"tr","p":{"a":0,"k":[1.875,-5.544]},"a":{"a":0,"k":[0,0]},"s":{"a":0,"k":[100,51.833]},"r":{"a":0,"k":0},"o":{"a":0,"k":100},"sk":{"a":0,"k":0},"sa":{"a":0,"k":0},"nm":"Transform"}],"nm":"Shape 2","bm":0,"hd":false},{"ty":"gr","it":[{"ty":"fl","c":{"a":0,"k":[0,0,0,1]},"o":{"a":0,"k":100},"r":1,"bm":0,"nm":"Fill 1","hd":false},{"ty":"tr","p":{"a":0,"k":[0,0]},"a":{"a":0,"k":[0,0]},"s":{"a":0,"k":[100,100]},"r":{"a":0,"k":0},"o":{"a":0,"k":100},"sk":{"a":0,"k":0},"sa":{"a":0,"k":0},"nm":"Transform"}],"nm":"Shape 1","bm":0,"hd":false}],"ip":40,"op":229,"st":19,"bm":0},{"ddd":0,"ind":4,"ty":0,"nm":"Tile - Notebook","refId":"comp_2","sr":1,"ks":{"o":{"a":0,"k":100},"r":{"a":1,"k":[{"i":{"x":[0],"y":[1]},"o":{"x":[0.167],"y":[0.167]},"t":5,"s":[-49]},{"t":80,"s":[-16]}]},"p":{"a":1,"k":[{"i":{"x":0,"y":1},"o":{"x":0.167,"y":0.167},"t":5,"s":[261,491.941,0],"to":[-148,-95.941,0],"ti":[0,0,0]},{"t":90,"s":[145,285.941,0]}]},"a":{"a":0,"k":[100,100,0]},"s":{"a":1,"k":[{"i":{"x":[0,0,0.833],"y":[1,1,1]},"o":{"x":[0.167,0.167,0.167],"y":[0.167,0.167,1.852]},"t":5,"s":[0,0,100]},{"t":47,"s":[100,100,100]}]}},"ao":0,"w":200,"h":200,"ip":5,"op":216,"st":5,"bm":0},{"ddd":0,"ind":5,"ty":0,"nm":"Tile - Pie Chart","refId":"comp_3","sr":1,"ks":{"o":{"a":0,"k":100},"r":{"a":1,"k":[{"i":{"x":[0],"y":[1]},"o":{"x":[0.167],"y":[0.167]},"t":15,"s":[77]},{"t":80,"s":[13]}]},"p":{"a":1,"k":[{"i":{"x":0,"y":1},"o":{"x":0.167,"y":0.167},"t":15,"s":[318,487.941,0],"to":[138,-53.941,0],"ti":[0,0,0]},{"t":80,"s":[406,276.941,0]}]},"a":{"a":0,"k":[75,75,0]},"s":{"a":1,"k":[{"i":{"x":[0,0,0.833],"y":[1,1,1]},"o":{"x":[0.167,0.167,0.167],"y":[0.167,0.167,0]},"t":15,"s":[0,0,100]},{"t":50,"s":[100,100,100]}]}},"ao":0,"w":150,"h":150,"ip":15,"op":226,"st":15,"bm":0},{"ddd":0,"ind":6,"ty":0,"nm":"Tile - Form","refId":"comp_4","sr":1,"ks":{"o":{"a":0,"k":100},"r":{"a":1,"k":[{"i":{"x":[0.45],"y":[1]},"o":{"x":[0.167],"y":[0.167]},"t":0,"s":[-13]},{"t":35,"s":[26]}]},"p":{"a":1,"k":[{"i":{"x":0.15,"y":1},"o":{"x":0.167,"y":0.167},"t":0,"s":[277,524,0],"to":[-212.667,-79.333,0],"ti":[0,0,0]},{"t":35,"s":[131,158,0]}]},"a":{"a":0,"k":[75,75,0]},"s":{"a":1,"k":[{"i":{"x":[0.25,0.25,0.833],"y":[1,1,1]},"o":{"x":[0.167,0.167,0.167],"y":[0.167,0.167,12.821]},"t":0,"s":[0,0,100]},{"i":{"x":[0.833,0.833,0.833],"y":[0.833,0.833,13.821]},"o":{"x":[0.75,0.75,0.167],"y":[0,0,-8.772]},"t":20,"s":[50,50,100]},{"t":35,"s":[0,0,100]}]}},"ao":0,"w":150,"h":150,"ip":0,"op":36,"st":0,"bm":0},{"ddd":0,"ind":7,"ty":0,"nm":"Tile - Form","refId":"comp_4","sr":1,"ks":{"o":{"a":0,"k":100},"r":{"a":1,"k":[{"i":{"x":[0.833],"y":[0.833]},"o":{"x":[0.167],"y":[0.167]},"t":6,"s":[60.9]},{"t":41,"s":[-30.1]}]},"p":{"a":1,"k":[{"i":{"x":0.15,"y":1},"o":{"x":0.167,"y":0.167},"t":6,"s":[275,520,0],"to":[100.333,-44,0],"ti":[15.667,138,0]},{"t":41,"s":[425,106,0]}]},"a":{"a":0,"k":[75,75,0]},"s":{"a":1,"k":[{"i":{"x":[0,0,0.833],"y":[1,1,1]},"o":{"x":[0.167,0.167,0.167],"y":[0.167,0.167,7.143]},"t":6,"s":[0,0,100]},{"i":{"x":[0.833,0.833,0.833],"y":[0.833,0.833,8.143]},"o":{"x":[1,1,0.167],"y":[0,0,0]},"t":16,"s":[100,100,100]},{"t":41,"s":[0,0,100]}]}},"ao":0,"w":150,"h":150,"ip":6,"op":42,"st":6,"bm":0},{"ddd":0,"ind":8,"ty":0,"nm":"Tile - Folder","refId":"comp_5","sr":1,"ks":{"o":{"a":0,"k":100},"r":{"a":0,"k":-31.4},"p":{"a":1,"k":[{"i":{"x":0.45,"y":1},"o":{"x":0.167,"y":0.167},"t":10,"s":[277,528,0],"to":[-45,-218,0],"ti":[-0.003,0.039,0]},{"t":40,"s":[257,108,0]}]},"a":{"a":0,"k":[150,150,0]},"s":{"a":1,"k":[{"i":{"x":[0,0,0.833],"y":[1,1,1]},"o":{"x":[0.167,0.167,0.167],"y":[0.167,0.167,-5]},"t":10,"s":[0,0,100]},{"i":{"x":[0.833,0.833,0.833],"y":[0.833,0.833,-4]},"o":{"x":[1,1,0.167],"y":[0,0,0]},"t":25,"s":[35,35,100]},{"t":40,"s":[0,0,100]}]}},"ao":0,"w":300,"h":300,"ip":10,"op":41,"st":10,"bm":0},{"ddd":0,"ind":9,"ty":0,"nm":"Tile - Form","refId":"comp_4","sr":1,"ks":{"o":{"a":0,"k":100},"r":{"a":1,"k":[{"i":{"x":[0.45],"y":[1]},"o":{"x":[0.167],"y":[0.167]},"t":3,"s":[44]},{"t":48,"s":[19]}]},"p":{"a":1,"k":[{"i":{"x":0.292,"y":1},"o":{"x":0.167,"y":0.167},"t":3,"s":[335,514,0],"to":[0,0,0],"ti":[-35.157,79.055,0]},{"t":48,"s":[489,418,0]}]},"a":{"a":0,"k":[75,75,0]},"s":{"a":1,"k":[{"i":{"x":[0,0,0.833],"y":[1,1,1]},"o":{"x":[0.167,0.167,0.167],"y":[0.167,0.167,3.333]},"t":3,"s":[0,0,100]},{"i":{"x":[0.833,0.833,0.833],"y":[0.833,0.833,4.333]},"o":{"x":[1,1,0.167],"y":[0,0,0]},"t":23,"s":[30,30,100]},{"t":48,"s":[0,0,100]}]}},"ao":0,"w":150,"h":150,"ip":3,"op":49,"st":3,"bm":0},{"ddd":0,"ind":10,"ty":0,"nm":"Tile - Calendar","refId":"comp_6","sr":1,"ks":{"o":{"a":0,"k":100},"r":{"a":1,"k":[{"i":{"x":[0.833],"y":[0.833]},"o":{"x":[0.167],"y":[0.167]},"t":6,"s":[-41]},{"t":46,"s":[37]}]},"p":{"a":1,"k":[{"i":{"x":0.15,"y":1},"o":{"x":0.167,"y":0.167},"t":6,"s":[277,528,0],"to":[0,0,0],"ti":[36.667,80,0]},{"t":46,"s":[59,456,0]}]},"a":{"a":0,"k":[62.5,62.5,0]},"s":{"a":1,"k":[{"i":{"x":[0,0,0.833],"y":[1,1,1]},"o":{"x":[0.167,0.167,0.167],"y":[0.167,0.167,8.333]},"t":6,"s":[0,0,100]},{"i":{"x":[0.833,0.833,0.833],"y":[0.833,0.833,9.333]},"o":{"x":[1,1,0.167],"y":[0,0,0]},"t":26,"s":[60,60,100]},{"t":46,"s":[0,0,100]}]}},"ao":0,"w":125,"h":125,"ip":6,"op":48,"st":6,"bm":0}]},{"id":"comp_1","layers":[{"ddd":0,"ind":1,"ty":4,"nm":"Shape Layer 1","sr":1,"ks":{"o":{"a":0,"k":100},"r":{"a":0,"k":0},"p":{"a":0,"k":[150,99.5,0]},"a":{"a":0,"k":[26.5,-26.5,0]},"s":{"a":0,"k":[100,100,100]}},"ao":0,"shapes":[{"ty":"gr","it":[{"ind":0,"ty":"sh","ks":{"a":0,"k":{"i":[[0,0],[0,0]],"o":[[0,0],[0,0]],"v":[[-2.5,-26.5],[57.375,-26.5]],"c":false}},"nm":"Path 1","hd":false},{"ty":"st","c":{"a":0,"k":[0.878431432387,0.878431432387,0.878431432387,1]},"o":{"a":0,"k":100},"w":{"a":0,"k":3},"lc":2,"lj":2,"bm":0,"nm":"Stroke 1","hd":false},{"ty":"tr","p":{"a":0,"k":[0,0]},"a":{"a":0,"k":[0,0]},"s":{"a":0,"k":[100,100]},"r":{"a":0,"k":0},"o":{"a":0,"k":100},"sk":{"a":0,"k":0},"sa":{"a":0,"k":0},"nm":"Transform"}],"nm":"Shape 1","bm":0,"hd":false},{"ty":"tm","s":{"a":0,"k":0},"e":{"a":1,"k":[{"i":{"x":[0],"y":[1]},"o":{"x":[0.167],"y":[0.167]},"t":0,"s":[0]},{"t":30,"s":[100]}]},"o":{"a":0,"k":0},"m":1,"nm":"Trim Paths 1","hd":false}],"ip":0,"op":231,"st":0,"bm":0},{"ddd":0,"ind":2,"ty":4,"nm":"Shape Layer 2","sr":1,"ks":{"o":{"a":0,"k":100},"r":{"a":0,"k":0},"p":{"a":0,"k":[150,111.25,0]},"a":{"a":0,"k":[26.5,-26.5,0]},"s":{"a":0,"k":[100,100,100]}},"ao":0,"shapes":[{"ty":"gr","it":[{"ind":0,"ty":"sh","ks":{"a":0,"k":{"i":[[0,0],[0,0]],"o":[[0,0],[0,0]],"v":[[-2.5,-26.5],[42.375,-26.5]],"c":false}},"nm":"Path 1","hd":false},{"ty":"st","c":{"a":0,"k":[0.878431432387,0.878431432387,0.878431432387,1]},"o":{"a":0,"k":100},"w":{"a":0,"k":3},"lc":2,"lj":2,"bm":0,"nm":"Stroke 1","hd":false},{"ty":"tr","p":{"a":0,"k":[0,0]},"a":{"a":0,"k":[0,0]},"s":{"a":0,"k":[100,100]},"r":{"a":0,"k":0},"o":{"a":0,"k":100},"sk":{"a":0,"k":0},"sa":{"a":0,"k":0},"nm":"Transform"}],"nm":"Shape 1","bm":0,"hd":false},{"ty":"tm","s":{"a":0,"k":0},"e":{"a":1,"k":[{"i":{"x":[0],"y":[1]},"o":{"x":[0.167],"y":[0.167]},"t":6,"s":[0]},{"t":36,"s":[100]}]},"o":{"a":0,"k":0},"m":1,"nm":"Trim Paths 1","hd":false}],"ip":6,"op":237,"st":6,"bm":0},{"ddd":0,"ind":3,"ty":4,"nm":"Shape Layer 4","sr":1,"ks":{"o":{"a":0,"k":100},"r":{"a":0,"k":0},"p":{"a":0,"k":[150,159.5,0]},"a":{"a":0,"k":[26.5,-26.5,0]},"s":{"a":0,"k":[100,100,100]}},"ao":0,"shapes":[{"ty":"gr","it":[{"ind":0,"ty":"sh","ks":{"a":0,"k":{"i":[[0,0],[0,0]],"o":[[0,0],[0,0]],"v":[[-2.5,-26.5],[57.375,-26.5]],"c":false}},"nm":"Path 1","hd":false},{"ty":"st","c":{"a":0,"k":[0.878431432387,0.878431432387,0.878431432387,1]},"o":{"a":0,"k":100},"w":{"a":0,"k":3},"lc":2,"lj":2,"bm":0,"nm":"Stroke 1","hd":false},{"ty":"tr","p":{"a":0,"k":[0,0]},"a":{"a":0,"k":[0,0]},"s":{"a":0,"k":[100,100]},"r":{"a":0,"k":0},"o":{"a":0,"k":100},"sk":{"a":0,"k":0},"sa":{"a":0,"k":0},"nm":"Transform"}],"nm":"Shape 1","bm":0,"hd":false},{"ty":"tm","s":{"a":0,"k":0},"e":{"a":1,"k":[{"i":{"x":[0],"y":[1]},"o":{"x":[0.167],"y":[0.167]},"t":12,"s":[0]},{"t":42,"s":[100]}]},"o":{"a":0,"k":0},"m":1,"nm":"Trim Paths 1","hd":false}],"ip":12,"op":243,"st":12,"bm":0},{"ddd":0,"ind":4,"ty":4,"nm":"Shape Layer 3","sr":1,"ks":{"o":{"a":0,"k":100},"r":{"a":0,"k":0},"p":{"a":0,"k":[150,171.25,0]},"a":{"a":0,"k":[26.5,-26.5,0]},"s":{"a":0,"k":[100,100,100]}},"ao":0,"shapes":[{"ty":"gr","it":[{"ind":0,"ty":"sh","ks":{"a":0,"k":{"i":[[0,0],[0,0]],"o":[[0,0],[0,0]],"v":[[-2.5,-26.5],[42.375,-26.5]],"c":false}},"nm":"Path 1","hd":false},{"ty":"st","c":{"a":0,"k":[0.878431432387,0.878431432387,0.878431432387,1]},"o":{"a":0,"k":100},"w":{"a":0,"k":3},"lc":2,"lj":2,"bm":0,"nm":"Stroke 1","hd":false},{"ty":"tr","p":{"a":0,"k":[0,0]},"a":{"a":0,"k":[0,0]},"s":{"a":0,"k":[100,100]},"r":{"a":0,"k":0},"o":{"a":0,"k":100},"sk":{"a":0,"k":0},"sa":{"a":0,"k":0},"nm":"Transform"}],"nm":"Shape 1","bm":0,"hd":false},{"ty":"tm","s":{"a":0,"k":0},"e":{"a":1,"k":[{"i":{"x":[0],"y":[1]},"o":{"x":[0.167],"y":[0.167]},"t":21,"s":[0]},{"t":51,"s":[100]}]},"o":{"a":0,"k":0},"m":1,"nm":"Trim Paths 1","hd":false}],"ip":21,"op":252,"st":21,"bm":0},{"ddd":0,"ind":5,"ty":4,"nm":"MSA-Disambig 4","parent":7,"td":1,"sr":1,"ks":{"o":{"a":0,"k":100},"r":{"a":0,"k":0},"p":{"a":0,"k":[0,0,0]},"a":{"a":0,"k":[0,0,0]},"s":{"a":0,"k":[100,100,100]}},"ao":0,"shapes":[{"ty":"gr","it":[{"ty":"gr","it":[{"ind":0,"ty":"sh","ks":{"a":0,"k":{"i":[[3.981,0],[0,3.982],[-3.982,0],[0,-3.982]],"o":[[-3.982,0],[0,-3.982],[3.981,0],[0,3.982]],"v":[[-1.24,-100.151],[-8.461,-107.372],[-1.24,-114.593],[5.981,-107.372]],"c":true}},"nm":"Path 1","hd":false},{"ind":1,"ty":"sh","ks":{"a":0,"k":{"i":[[5.48,0],[0,0],[12.208,0],[0,-12.208],[0,0],[0,-5.48],[0,0],[-5.48,0],[0,0],[0,5.48],[0,0]],"o":[[0,0],[0,-12.208],[-12.208,0],[0,0],[-5.48,0],[0,0],[0,5.48],[0,0],[5.48,0],[0,0],[0,-5.48]],"v":[[45.687,-107.372],[20.865,-107.372],[-1.24,-129.477],[-23.345,-107.372],[-48.168,-107.372],[-58.091,-97.45],[-58.091,-80.194],[-48.168,-70.272],[45.687,-70.272],[55.61,-80.194],[55.61,-97.45]],"c":true}},"nm":"Path 2","hd":false},{"ty":"tr","p":{"a":0,"k":[0,0]},"a":{"a":0,"k":[0,0]},"s":{"a":0,"k":[100,100]},"r":{"a":0,"k":0},"o":{"a":0,"k":100},"sk":{"a":0,"k":0},"sa":{"a":0,"k":0},"nm":"Transform"}],"nm":"Group 1","bm":0,"hd":false},{"ty":"fl","c":{"a":0,"k":[1,1,1,1]},"o":{"a":0,"k":100},"r":1,"bm":0,"nm":"Fill 1","hd":false},{"ty":"tr","p":{"a":0,"k":[0,0]},"a":{"a":0,"k":[0,0]},"s":{"a":0,"k":[100,100]},"r":{"a":0,"k":0},"o":{"a":0,"k":100},"sk":{"a":0,"k":0},"sa":{"a":0,"k":0},"nm":"Transform"}],"nm":"Group 1","bm":0,"hd":false}],"ip":0,"op":231,"st":0,"bm":0},{"ddd":0,"ind":6,"ty":4,"nm":"Clip - Emboss","parent":7,"tt":1,"sr":1,"ks":{"o":{"a":0,"k":30},"r":{"a":0,"k":0},"p":{"a":0,"k":[0,0,0]},"a":{"a":0,"k":[0,0,0]},"s":{"a":0,"k":[100,100,100]}},"ao":0,"ef":[{"ty":29,"nm":"Gaussian Blur","np":5,"mn":"ADBE Gaussian Blur 2","ix":1,"en":1,"ef":[{"ty":0,"nm":"Blurriness","mn":"ADBE Gaussian Blur 2-0001","ix":1,"v":{"a":0,"k":3}},{"ty":7,"nm":"Blur Dimensions","mn":"ADBE Gaussian Blur 2-0002","ix":2,"v":{"a":0,"k":1}},{"ty":7,"nm":"Repeat Edge Pixels","mn":"ADBE Gaussian Blur 2-0003","ix":3,"v":{"a":0,"k":0}}]}],"shapes":[{"ty":"gr","it":[{"ty":"gr","it":[{"ind":0,"ty":"sh","ks":{"a":0,"k":{"i":[[3.981,0],[0,3.982],[-3.982,0],[0,-3.982]],"o":[[-3.982,0],[0,-3.982],[3.981,0],[0,3.982]],"v":[[-1.24,-100.151],[-8.461,-107.372],[-1.24,-114.593],[5.981,-107.372]],"c":true}},"nm":"Path 1","hd":false},{"ind":1,"ty":"sh","ks":{"a":0,"k":{"i":[[5.48,0],[0,0],[12.208,0],[0,-12.208],[0,0],[0,-5.48],[0,0],[-5.48,0],[0,0],[0,5.48],[0,0]],"o":[[0,0],[0,-12.208],[-12.208,0],[0,0],[-5.48,0],[0,0],[0,5.48],[0,0],[5.48,0],[0,0],[0,-5.48]],"v":[[45.687,-107.372],[20.865,-107.372],[-1.24,-129.477],[-35.845,-113.122],[-65.168,-112.567],[-64.841,-97.394],[-64.841,-80.139],[-48.168,-70.272],[45.687,-70.272],[55.61,-80.194],[55.61,-97.45]],"c":true}},"nm":"Path 2","hd":false},{"ty":"tr","p":{"a":0,"k":[0,0]},"a":{"a":0,"k":[0,0]},"s":{"a":0,"k":[100,100]},"r":{"a":0,"k":0},"o":{"a":0,"k":100},"sk":{"a":0,"k":0},"sa":{"a":0,"k":0},"nm":"Transform"}],"nm":"Group 1","bm":0,"hd":false},{"ty":"tr","p":{"a":0,"k":[0,0]},"a":{"a":0,"k":[0,0]},"s":{"a":0,"k":[100,100]},"r":{"a":0,"k":0},"o":{"a":0,"k":100},"sk":{"a":0,"k":0},"sa":{"a":0,"k":0},"nm":"Transform"}],"nm":"Group 1","bm":0,"hd":false},{"ty":"st","c":{"a":0,"k":[0,0,0,1]},"o":{"a":0,"k":100},"w":{"a":0,"k":0.5},"lc":1,"lj":1,"ml":4,"bm":0,"nm":"Stroke 1","hd":false}],"ip":0,"op":231,"st":0,"bm":0},{"ddd":0,"ind":7,"ty":4,"nm":"MSA-Disambig 3","sr":1,"ks":{"o":{"a":0,"k":100},"r":{"a":0,"k":0},"p":{"a":0,"k":[126,136,0]},"a":{"a":0,"k":[0,0,0]},"s":{"a":0,"k":[100,100,100]}},"ao":0,"shapes":[{"ty":"gr","it":[{"ty":"gr","it":[{"ind":0,"ty":"sh","ks":{"a":0,"k":{"i":[[3.981,0],[0,3.982],[-3.982,0],[0,-3.982]],"o":[[-3.982,0],[0,-3.982],[3.981,0],[0,3.982]],"v":[[-1.24,-100.151],[-8.461,-107.372],[-1.24,-114.593],[5.981,-107.372]],"c":true}},"nm":"Path 1","hd":false},{"ind":1,"ty":"sh","ks":{"a":0,"k":{"i":[[5.48,0],[0,0],[12.208,0],[0,-12.208],[0,0],[0,-5.48],[0,0],[-5.48,0],[0,0],[0,5.48],[0,0]],"o":[[0,0],[0,-12.208],[-12.208,0],[0,0],[-5.48,0],[0,0],[0,5.48],[0,0],[5.48,0],[0,0],[0,-5.48]],"v":[[45.687,-107.372],[20.865,-107.372],[-1.24,-129.477],[-23.345,-107.372],[-48.168,-107.372],[-58.091,-97.45],[-58.091,-80.194],[-48.168,-70.272],[45.687,-70.272],[55.61,-80.194],[55.61,-97.45]],"c":true}},"nm":"Path 2","hd":false},{"ty":"tr","p":{"a":0,"k":[0,0]},"a":{"a":0,"k":[0,0]},"s":{"a":0,"k":[100,100]},"r":{"a":0,"k":0},"o":{"a":0,"k":100},"sk":{"a":0,"k":0},"sa":{"a":0,"k":0},"nm":"Transform"}],"nm":"Group 1","bm":0,"hd":false},{"ty":"fl","c":{"a":0,"k":[1,1,1,1]},"o":{"a":0,"k":100},"r":1,"bm":0,"nm":"Fill 1","hd":false},{"ty":"tr","p":{"a":0,"k":[0,0]},"a":{"a":0,"k":[0,0]},"s":{"a":0,"k":[100,100]},"r":{"a":0,"k":0},"o":{"a":0,"k":100},"sk":{"a":0,"k":0},"sa":{"a":0,"k":0},"nm":"Transform"}],"nm":"Group 1","bm":0,"hd":false}],"ip":0,"op":231,"st":0,"bm":0},{"ddd":0,"ind":8,"ty":4,"nm":"MSA-Disambig 8","sr":1,"ks":{"o":{"a":0,"k":3},"r":{"a":0,"k":0},"p":{"a":0,"k":[126,136,0]},"a":{"a":0,"k":[0,0,0]},"s":{"a":0,"k":[100,100,100]}},"ao":0,"ef":[{"ty":29,"nm":"Gaussian Blur","np":5,"mn":"ADBE Gaussian Blur 2","ix":1,"en":1,"ef":[{"ty":0,"nm":"Blurriness","mn":"ADBE Gaussian Blur 2-0001","ix":1,"v":{"a":0,"k":10}},{"ty":7,"nm":"Blur Dimensions","mn":"ADBE Gaussian Blur 2-0002","ix":2,"v":{"a":0,"k":1}},{"ty":7,"nm":"Repeat Edge Pixels","mn":"ADBE Gaussian Blur 2-0003","ix":3,"v":{"a":0,"k":0}}]}],"shapes":[{"ty":"gr","it":[{"ty":"gr","it":[{"ind":0,"ty":"sh","ks":{"a":0,"k":{"i":[[3.981,0],[0,3.982],[-3.982,0],[0,-3.982]],"o":[[-3.982,0],[0,-3.982],[3.981,0],[0,3.982]],"v":[[-1.24,-100.151],[-8.461,-107.372],[-1.24,-114.593],[5.981,-107.372]],"c":true}},"nm":"Path 1","hd":false},{"ind":1,"ty":"sh","ks":{"a":0,"k":{"i":[[5.48,0],[0,0],[12.208,0],[0,-12.208],[0,0],[0,-5.48],[0,0],[-5.48,0],[0,0],[0,5.48],[0,0]],"o":[[0,0],[0,-12.208],[-12.208,0],[0,0],[-5.48,0],[0,0],[0,5.48],[0,0],[5.48,0],[0,0],[0,-5.48]],"v":[[45.687,-107.372],[20.865,-107.372],[-1.24,-129.477],[-23.345,-107.372],[-48.168,-107.372],[-58.091,-97.45],[-58.091,-80.194],[-48.168,-70.272],[45.687,-70.272],[55.61,-80.194],[55.61,-97.45]],"c":true}},"nm":"Path 2","hd":false},{"ty":"tr","p":{"a":0,"k":[0,0]},"a":{"a":0,"k":[0,0]},"s":{"a":0,"k":[100,100]},"r":{"a":0,"k":0},"o":{"a":0,"k":100},"sk":{"a":0,"k":0},"sa":{"a":0,"k":0},"nm":"Transform"}],"nm":"Group 1","bm":0,"hd":false},{"ty":"fl","c":{"a":0,"k":[0,0,0,1]},"o":{"a":0,"k":100},"r":1,"bm":0,"nm":"Fill 1","hd":false},{"ty":"tr","p":{"a":0,"k":[0,0]},"a":{"a":0,"k":[0,0]},"s":{"a":0,"k":[100,100]},"r":{"a":0,"k":0},"o":{"a":0,"k":100},"sk":{"a":0,"k":0},"sa":{"a":0,"k":0},"nm":"Transform"}],"nm":"Group 1","bm":0,"hd":false}],"ip":0,"op":231,"st":0,"bm":0},{"ddd":0,"ind":9,"ty":4,"nm":"Clip - Shadow","parent":7,"sr":1,"ks":{"o":{"a":0,"k":30},"r":{"a":0,"k":0},"p":{"a":0,"k":[0,0,0]},"a":{"a":0,"k":[0,0,0]},"s":{"a":0,"k":[100,100,100]}},"ao":0,"ef":[{"ty":29,"nm":"Gaussian Blur","np":5,"mn":"ADBE Gaussian Blur 2","ix":1,"en":1,"ef":[{"ty":0,"nm":"Blurriness","mn":"ADBE Gaussian Blur 2-0001","ix":1,"v":{"a":0,"k":6}},{"ty":7,"nm":"Blur Dimensions","mn":"ADBE Gaussian Blur 2-0002","ix":2,"v":{"a":0,"k":1}},{"ty":7,"nm":"Repeat Edge Pixels","mn":"ADBE Gaussian Blur 2-0003","ix":3,"v":{"a":0,"k":0}}]}],"shapes":[{"ty":"gr","it":[{"ty":"gr","it":[{"ind":0,"ty":"sh","ks":{"a":0,"k":{"i":[[3.981,0],[0,3.982],[-3.982,0],[0,-3.982]],"o":[[-3.982,0],[0,-3.982],[3.981,0],[0,3.982]],"v":[[-4.5,-88.911],[-7.221,-106.132],[0,-113.353],[14.721,-101.632]],"c":true}},"nm":"Path 1","hd":false},{"ind":1,"ty":"sh","ks":{"a":0,"k":{"i":[[5.48,0],[0,0],[12.208,0],[0,-12.208],[0,0],[0,-5.48],[0,0],[-5.48,0],[0,0],[0,5.48],[0,0]],"o":[[0,0],[0,-12.208],[-12.208,0],[0,0],[-5.48,0],[0,0],[0,5.48],[0,0],[5.48,0],[0,0],[0,-5.48]],"v":[[47.028,-94.382],[22.206,-94.382],[0.001,-122.487],[-22.032,-94.132],[-46.855,-94.132],[-55.278,-84.163],[-55.35,-78.908],[-46.928,-69.032],[46.928,-69.032],[54.35,-78.908],[54.45,-84.413]],"c":true}},"nm":"Path 2","hd":false},{"ty":"tr","p":{"a":0,"k":[0,0]},"a":{"a":0,"k":[0,0]},"s":{"a":0,"k":[100,100]},"r":{"a":0,"k":0},"o":{"a":0,"k":100},"sk":{"a":0,"k":0},"sa":{"a":0,"k":0},"nm":"Transform"}],"nm":"Group 2","bm":0,"hd":false},{"ty":"st","c":{"a":0,"k":[0,0,0,1]},"o":{"a":0,"k":100},"w":{"a":0,"k":1},"lc":2,"lj":1,"ml":4,"bm":0,"nm":"Stroke 1","hd":false},{"ty":"tr","p":{"a":0,"k":[0,0]},"a":{"a":0,"k":[0,0]},"s":{"a":0,"k":[100,100]},"r":{"a":0,"k":0},"o":{"a":0,"k":100},"sk":{"a":0,"k":0},"sa":{"a":0,"k":0},"nm":"Transform"}],"nm":"Group 2","bm":0,"hd":false}],"ip":0,"op":231,"st":0,"bm":0},{"ddd":0,"ind":10,"ty":4,"nm":"Paper","sr":1,"ks":{"o":{"a":0,"k":100},"r":{"a":0,"k":0},"p":{"a":0,"k":[126,136,0]},"a":{"a":0,"k":[0,0,0]},"s":{"a":0,"k":[100,100,100]}},"ao":0,"shapes":[{"ty":"gr","it":[{"ty":"gr","it":[{"ind":0,"ty":"sh","ks":{"a":0,"k":{"i":[[0,1.37],[0,0],[1.37,0],[0,0],[0,-1.37],[0,0],[-1.37,0],[0,0]],"o":[[0,0],[0,-1.37],[0,0],[-1.37,0],[0,0],[0,1.37],[0,0],[1.37,0]],"v":[[-22.339,42.297],[-22.339,15.093],[-24.82,12.612],[-52.023,12.612],[-54.504,15.093],[-54.504,42.297],[-52.023,44.777],[-24.82,44.777]],"c":true}},"nm":"Path 1","hd":false},{"ind":1,"ty":"sh","ks":{"a":0,"k":{"i":[[0,1.37],[0,0],[1.37,0],[0,0],[0,-1.37],[0,0],[-1.37,0],[0,0]],"o":[[0,0],[0,-1.37],[0,0],[-1.37,0],[0,0],[0,1.37],[0,0],[1.37,0]],"v":[[-22.339,-16.254],[-22.339,-43.457],[-24.82,-45.938],[-52.023,-45.938],[-54.504,-43.457],[-54.504,-16.254],[-52.023,-13.773],[-24.82,-13.773]],"c":true}},"nm":"Path 2","hd":false},{"ty":"tr","p":{"a":0,"k":[0,0]},"a":{"a":0,"k":[0,0]},"s":{"a":0,"k":[100,100]},"r":{"a":0,"k":0},"o":{"a":0,"k":100},"sk":{"a":0,"k":0},"sa":{"a":0,"k":0},"nm":"Transform"}],"nm":"Group 1","bm":0,"hd":false},{"ty":"mm","mm":1,"nm":"Merge Paths 1","hd":false},{"ty":"fl","c":{"a":0,"k":[0.878431379795,0.878431379795,0.878431379795,1]},"o":{"a":0,"k":100},"r":1,"bm":0,"nm":"Fill 1","hd":false},{"ty":"tr","p":{"a":0,"k":[0,0]},"a":{"a":0,"k":[0,0]},"s":{"a":0,"k":[100,100]},"r":{"a":0,"k":0},"o":{"a":0,"k":100},"sk":{"a":0,"k":0},"sa":{"a":0,"k":0},"nm":"Transform"}],"nm":"Group 1","bm":0,"hd":false},{"ty":"gr","it":[{"ind":0,"ty":"sh","ks":{"a":0,"k":{"i":[[0,1.37],[0,0],[-1.37,0],[0,0],[0,-1.37],[0,0],[1.37,0],[0,0]],"o":[[0,0],[0,-1.37],[0,0],[1.37,0],[0,0],[0,1.37],[0,0],[-1.37,0]],"v":[[-73.863,91.056],[-73.863,-85.101],[-71.382,-87.582],[71.383,-87.582],[73.863,-85.101],[73.863,91.056],[71.383,93.536],[-71.382,93.536]],"c":true}},"nm":"Path 1","hd":false},{"ty":"fl","c":{"a":0,"k":[1,1,1,1]},"o":{"a":0,"k":100},"r":1,"bm":0,"nm":"Fill 1","hd":false},{"ty":"tr","p":{"a":0,"k":[0,0]},"a":{"a":0,"k":[0,0]},"s":{"a":0,"k":[100,100]},"r":{"a":0,"k":0},"o":{"a":0,"k":100},"sk":{"a":0,"k":0},"sa":{"a":0,"k":0},"nm":"Transform"}],"nm":"Group 2","bm":0,"hd":false}],"ip":0,"op":231,"st":0,"bm":0},{"ddd":0,"ind":11,"ty":4,"nm":"Paper - Shadow","parent":10,"sr":1,"ks":{"o":{"a":0,"k":20},"r":{"a":0,"k":0},"p":{"a":0,"k":[0,-2,0]},"a":{"a":0,"k":[0,0,0]},"s":{"a":0,"k":[100,100,100]}},"ao":0,"ef":[{"ty":29,"nm":"Gaussian Blur","np":5,"mn":"ADBE Gaussian Blur 2","ix":1,"en":1,"ef":[{"ty":0,"nm":"Blurriness","mn":"ADBE Gaussian Blur 2-0001","ix":1,"v":{"a":0,"k":4}},{"ty":7,"nm":"Blur Dimensions","mn":"ADBE Gaussian Blur 2-0002","ix":2,"v":{"a":0,"k":1}},{"ty":7,"nm":"Repeat Edge Pixels","mn":"ADBE Gaussian Blur 2-0003","ix":3,"v":{"a":0,"k":0}}]}],"shapes":[{"ty":"gr","it":[{"ind":0,"ty":"sh","ks":{"a":0,"k":{"i":[[0,1.37],[0,0],[-1.37,0],[0,0],[0,-1.37],[0,0],[1.37,0],[0,0]],"o":[[0,0],[0,-1.37],[0,0],[1.37,0],[0,0],[0,1.37],[0,0],[-1.37,0]],"v":[[-72.363,93.536],[-72.249,-78.62],[-69.769,-81.101],[69.996,-81.101],[72.477,-78.62],[72.363,93.536],[69.883,96.017],[-69.882,96.017]],"c":true}},"nm":"Path 1","hd":false},{"ty":"st","c":{"a":0,"k":[0,0,0,1]},"o":{"a":0,"k":100},"w":{"a":0,"k":2},"lc":1,"lj":1,"ml":4,"bm":0,"nm":"Stroke 1","hd":false},{"ty":"tr","p":{"a":0,"k":[0,0]},"a":{"a":0,"k":[0,0]},"s":{"a":0,"k":[100,100]},"r":{"a":0,"k":0},"o":{"a":0,"k":100},"sk":{"a":0,"k":0},"sa":{"a":0,"k":0},"nm":"Transform"}],"nm":"Group 3","bm":0,"hd":false}],"ip":0,"op":231,"st":0,"bm":0},{"ddd":0,"ind":12,"ty":4,"nm":"MSA-Disambig 7","td":1,"sr":1,"ks":{"o":{"a":0,"k":100},"r":{"a":0,"k":0},"p":{"a":0,"k":[126,136,0]},"a":{"a":0,"k":[0,0,0]},"s":{"a":0,"k":[100,100,100]}},"ao":0,"shapes":[{"ty":"gr","it":[{"ind":0,"ty":"sh","ks":{"a":0,"k":{"i":[[4.11,0],[0,0],[0,4.11],[0,0],[-4.11,0],[0,0],[0,-4.11],[0,0]],"o":[[0,0],[-4.11,0],[0,0],[0,-4.11],[0,0],[4.11,0],[0,0],[0,4.11]],"v":[[76.344,103.459],[-76.344,103.459],[-83.786,96.017],[-83.786,-90.062],[-76.344,-97.504],[76.344,-97.504],[83.786,-90.062],[83.786,96.017]],"c":true}},"nm":"Path 1","hd":false},{"ty":"gf","o":{"a":0,"k":100},"r":1,"bm":0,"g":{"p":3,"k":{"a":0,"k":[0,0.882,0.875,0.867,0.5,0.941,0.937,0.933,1,1,1,1]}},"s":{"a":0,"k":[63.595,112.831]},"e":{"a":0,"k":[-62.595,-105.736]},"t":1,"nm":"Gradient Fill 1","hd":false},{"ty":"tr","p":{"a":0,"k":[0,0]},"a":{"a":0,"k":[0,0]},"s":{"a":0,"k":[100,100]},"r":{"a":0,"k":0},"o":{"a":0,"k":100},"sk":{"a":0,"k":0},"sa":{"a":0,"k":0},"nm":"Transform"}],"nm":"Group 6","bm":0,"hd":false}],"ip":0,"op":231,"st":0,"bm":0},{"ddd":0,"ind":13,"ty":4,"nm":"MSA-Emboss","tt":1,"sr":1,"ks":{"o":{"a":0,"k":40},"r":{"a":0,"k":0},"p":{"a":0,"k":[128.5,137,0]},"a":{"a":0,"k":[0,0,0]},"s":{"a":0,"k":[100,100,100]}},"ao":0,"ef":[{"ty":29,"nm":"Gaussian Blur","np":5,"mn":"ADBE Gaussian Blur 2","ix":1,"en":1,"ef":[{"ty":0,"nm":"Blurriness","mn":"ADBE Gaussian Blur 2-0001","ix":1,"v":{"a":0,"k":4}},{"ty":7,"nm":"Blur Dimensions","mn":"ADBE Gaussian Blur 2-0002","ix":2,"v":{"a":0,"k":1}},{"ty":7,"nm":"Repeat Edge Pixels","mn":"ADBE Gaussian Blur 2-0003","ix":3,"v":{"a":0,"k":0}}]}],"shapes":[{"ty":"gr","it":[{"ind":0,"ty":"sh","ks":{"a":0,"k":{"i":[[4.11,0],[0,0],[0,4.11],[0,0],[-4.11,0],[0,0],[0,-4.11],[0,0]],"o":[[0,0],[-4.11,0],[0,0],[0,-4.11],[0,0],[4.11,0],[0,0],[0,4.11]],"v":[[73.844,103.459],[-83.844,103.459],[-91.286,96.017],[-91.286,-97.562],[-83.844,-105.004],[73.844,-105.004],[81.286,-97.562],[81.286,96.017]],"c":true}},"nm":"Path 1","hd":false},{"ty":"st","c":{"a":0,"k":[0,0,0,1]},"o":{"a":0,"k":100},"w":{"a":0,"k":1},"lc":2,"lj":1,"ml":4,"bm":0,"nm":"Stroke 1","hd":false},{"ty":"tr","p":{"a":0,"k":[0,0]},"a":{"a":0,"k":[0,0]},"s":{"a":0,"k":[100,100]},"r":{"a":0,"k":0},"o":{"a":0,"k":100},"sk":{"a":0,"k":0},"sa":{"a":0,"k":0},"nm":"Transform"}],"nm":"Group 5","bm":0,"hd":false}],"ip":0,"op":231,"st":0,"bm":0},{"ddd":0,"ind":14,"ty":4,"nm":"MSA-Disambig","sr":1,"ks":{"o":{"a":0,"k":100},"r":{"a":0,"k":0},"p":{"a":0,"k":[126,136,0]},"a":{"a":0,"k":[0,0,0]},"s":{"a":0,"k":[100,100,100]}},"ao":0,"shapes":[{"ty":"gr","it":[{"ind":0,"ty":"sh","ks":{"a":0,"k":{"i":[[4.11,0],[0,0],[0,4.11],[0,0],[-4.11,0],[0,0],[0,-4.11],[0,0]],"o":[[0,0],[-4.11,0],[0,0],[0,-4.11],[0,0],[4.11,0],[0,0],[0,4.11]],"v":[[76.344,103.459],[-76.344,103.459],[-83.786,96.017],[-83.786,-90.062],[-76.344,-97.504],[76.344,-97.504],[83.786,-90.062],[83.786,96.017]],"c":true}},"nm":"Path 1","hd":false},{"ty":"gf","o":{"a":0,"k":100},"r":1,"bm":0,"g":{"p":3,"k":{"a":0,"k":[0,0.882,0.875,0.867,0.5,0.941,0.937,0.933,1,1,1,1]}},"s":{"a":0,"k":[63.595,112.831]},"e":{"a":0,"k":[-62.595,-105.736]},"t":1,"nm":"Gradient Fill 1","hd":false},{"ty":"tr","p":{"a":0,"k":[0,0]},"a":{"a":0,"k":[0,0]},"s":{"a":0,"k":[100,100]},"r":{"a":0,"k":0},"o":{"a":0,"k":100},"sk":{"a":0,"k":0},"sa":{"a":0,"k":0},"nm":"Transform"}],"nm":"Group 6","bm":0,"hd":false}],"ip":0,"op":231,"st":0,"bm":0},{"ddd":0,"ind":15,"ty":4,"nm":"MSA-Disambig 5","sr":1,"ks":{"o":{"a":0,"k":100},"r":{"a":0,"k":0},"p":{"a":0,"k":[126,136,0]},"a":{"a":0,"k":[0,0,0]},"s":{"a":0,"k":[100,100,100]}},"ao":0,"ef":[{"ty":29,"nm":"Gaussian Blur","np":5,"mn":"ADBE Gaussian Blur 2","ix":1,"en":1,"ef":[{"ty":0,"nm":"Blurriness","mn":"ADBE Gaussian Blur 2-0001","ix":1,"v":{"a":0,"k":6}},{"ty":7,"nm":"Blur Dimensions","mn":"ADBE Gaussian Blur 2-0002","ix":2,"v":{"a":0,"k":1}},{"ty":7,"nm":"Repeat Edge Pixels","mn":"ADBE Gaussian Blur 2-0003","ix":3,"v":{"a":0,"k":0}}]}],"shapes":[{"ty":"gr","it":[{"ind":0,"ty":"sh","ks":{"a":0,"k":{"i":[[4.11,0],[0,0],[0,4.11],[0,0],[-4.11,0],[0,0],[0,-4.11],[0,0]],"o":[[0,0],[-4.11,0],[0,0],[0,-4.11],[0,0],[4.11,0],[0,0],[0,4.11]],"v":[[73.844,103.459],[-73.844,103.459],[-81.286,96.017],[-81.286,-82.562],[-73.844,-90.004],[73.844,-90.004],[81.286,-82.562],[81.286,96.017]],"c":true}},"nm":"Path 1","hd":false},{"ty":"st","c":{"a":0,"k":[0,0,0,1]},"o":{"a":0,"k":100},"w":{"a":0,"k":1},"lc":2,"lj":1,"ml":4,"bm":0,"nm":"Stroke 1","hd":false},{"ty":"tr","p":{"a":0,"k":[0,0]},"a":{"a":0,"k":[0,0]},"s":{"a":0,"k":[100,100]},"r":{"a":0,"k":0},"o":{"a":0,"k":100},"sk":{"a":0,"k":0},"sa":{"a":0,"k":0},"nm":"Transform"}],"nm":"Group 5","bm":0,"hd":false}],"ip":0,"op":231,"st":0,"bm":0}]},{"id":"comp_2","layers":[{"ddd":0,"ind":1,"ty":4,"nm":"MSA-Disambig 7","parent":10,"sr":1,"ks":{"o":{"a":0,"k":100},"r":{"a":0,"k":0},"p":{"a":0,"k":[-132.372,37.635,0]},"a":{"a":0,"k":[0,0,0]},"s":{"a":0,"k":[100,100,100]}},"ao":0,"shapes":[{"ty":"gr","it":[{"ind":0,"ty":"sh","ks":{"a":0,"k":{"i":[[-3.239,0.942],[0,0],[0,0],[0,0],[-0.942,-3.239],[0,0]],"o":[[0,0],[0,0],[0,0],[-3.239,0.942],[0,0],[0.942,3.239]],"v":[[22.876,73.765],[24.373,73.329],[-18.472,-74.009],[-19.969,-73.574],[-24.129,-66.003],[15.305,69.605]],"c":true}},"nm":"Path 1","hd":false},{"ty":"fl","c":{"a":0,"k":[0.076401385139,0.2659807093,0.541176470588,1]},"o":{"a":0,"k":100},"r":1,"bm":0,"nm":"Fill 1","hd":false},{"ty":"tr","p":{"a":0,"k":[0,0]},"a":{"a":0,"k":[0,0]},"s":{"a":0,"k":[100,100]},"r":{"a":0,"k":0},"o":{"a":0,"k":100},"sk":{"a":0,"k":0},"sa":{"a":0,"k":0},"nm":"Transform"}],"nm":"Group 1","bm":1,"hd":false}],"ip":0,"op":210,"st":0,"bm":0},{"ddd":0,"ind":2,"ty":4,"nm":"MSA-Disambig 6","parent":10,"sr":1,"ks":{"o":{"a":0,"k":100},"r":{"a":0,"k":0},"p":{"a":0,"k":[-128.764,36.586,0]},"a":{"a":0,"k":[0,0,0]},"s":{"a":0,"k":[100,100,100]}},"ao":0,"shapes":[{"ty":"gr","it":[{"ind":0,"ty":"sh","ks":{"a":0,"k":{"i":[[0,0],[0,0],[0.942,3.239],[0,0],[-3.239,0.942],[0,0]],"o":[[0,0],[-3.239,0.942],[0,0],[-0.942,-3.239],[0,0],[0,0]],"v":[[27.982,72.28],[19.268,74.814],[11.697,70.654],[-27.737,-64.954],[-23.577,-72.524],[-14.863,-75.058]],"c":true}},"nm":"Path 1","hd":false},{"ty":"fl","c":{"a":0,"k":[0.090196078431,0.329411764706,0.682352941176,1]},"o":{"a":0,"k":100},"r":1,"bm":0,"nm":"Fill 1","hd":false},{"ty":"tr","p":{"a":0,"k":[0,0]},"a":{"a":0,"k":[0,0]},"s":{"a":0,"k":[100,100]},"r":{"a":0,"k":0},"o":{"a":0,"k":100},"sk":{"a":0,"k":0},"sa":{"a":0,"k":0},"nm":"Transform"}],"nm":"Group 1","bm":1,"hd":false}],"ip":0,"op":210,"st":0,"bm":0},{"ddd":0,"ind":3,"ty":4,"nm":"MSA-Disambig 10","parent":10,"sr":1,"ks":{"o":{"a":0,"k":50},"r":{"a":0,"k":0},"p":{"a":0,"k":[-54.318,15.456,0]},"a":{"a":0,"k":[0,0,0]},"s":{"a":0,"k":[100,100,100]}},"ao":0,"shapes":[{"ty":"gr","it":[{"ind":0,"ty":"sh","ks":{"a":0,"k":{"i":[[0,0],[0,0],[0,0],[0,0]],"o":[[0,0],[0,0],[0,0],[0,0]],"v":[[22.132,73.463],[20.713,73.876],[-22.132,-73.463],[-20.713,-73.876]],"c":true}},"nm":"Path 1","hd":false},{"ty":"fl","c":{"a":0,"k":[0,0.470588237047,0.831372559071,1]},"o":{"a":0,"k":100},"r":1,"bm":0,"nm":"Fill 1","hd":false},{"ty":"tr","p":{"a":0,"k":[0,0]},"a":{"a":0,"k":[0,0]},"s":{"a":0,"k":[100,100]},"r":{"a":0,"k":0},"o":{"a":0,"k":100},"sk":{"a":0,"k":0},"sa":{"a":0,"k":0},"nm":"Transform"}],"nm":"Group 1","bm":0,"hd":false}],"ip":0,"op":210,"st":0,"bm":0},{"ddd":0,"ind":4,"ty":4,"nm":"MSA-Disambig 9","parent":10,"sr":1,"ks":{"o":{"a":0,"k":50},"r":{"a":0,"k":0},"p":{"a":0,"k":[-51.302,14.579,0]},"a":{"a":0,"k":[0,0,0]},"s":{"a":0,"k":[100,100,100]}},"ao":0,"shapes":[{"ty":"gr","it":[{"ind":0,"ty":"sh","ks":{"a":0,"k":{"i":[[0,0],[0,0],[0,0],[0,0]],"o":[[0,0],[0,0],[0,0],[0,0]],"v":[[22.132,73.463],[20.713,73.876],[-22.132,-73.463],[-20.713,-73.876]],"c":true}},"nm":"Path 1","hd":false},{"ty":"fl","c":{"a":0,"k":[0,0.470588237047,0.831372559071,1]},"o":{"a":0,"k":100},"r":1,"bm":0,"nm":"Fill 1","hd":false},{"ty":"tr","p":{"a":0,"k":[0,0]},"a":{"a":0,"k":[0,0]},"s":{"a":0,"k":[100,100]},"r":{"a":0,"k":0},"o":{"a":0,"k":100},"sk":{"a":0,"k":0},"sa":{"a":0,"k":0},"nm":"Transform"}],"nm":"Group 1","bm":0,"hd":false}],"ip":0,"op":210,"st":0,"bm":0},{"ddd":0,"ind":5,"ty":4,"nm":"MSA-Disambig 8","parent":10,"sr":1,"ks":{"o":{"a":0,"k":100},"r":{"a":0,"k":0},"p":{"a":0,"k":[-52.81,15.017,0]},"a":{"a":0,"k":[0,0,0]},"s":{"a":0,"k":[100,100,100]}},"ao":0,"shapes":[{"ty":"gr","it":[{"ind":0,"ty":"sh","ks":{"a":0,"k":{"i":[[0,0],[0,0],[0,0],[0,0]],"o":[[0,0],[0,0],[0,0],[0,0]],"v":[[25.045,72.616],[17.8,74.723],[-25.045,-72.616],[-17.8,-74.723]],"c":true}},"nm":"Path 1","hd":false},{"ty":"fl","c":{"a":0,"k":[0.129411771894,0.250980407,0.603921592236,1]},"o":{"a":0,"k":100},"r":1,"bm":0,"nm":"Fill 1","hd":false},{"ty":"tr","p":{"a":0,"k":[0,0]},"a":{"a":0,"k":[0,0]},"s":{"a":0,"k":[100,100]},"r":{"a":0,"k":0},"o":{"a":0,"k":100},"sk":{"a":0,"k":0},"sa":{"a":0,"k":0},"nm":"Transform"}],"nm":"Group 1","bm":0,"hd":false}],"ip":0,"op":210,"st":0,"bm":0},{"ddd":0,"ind":6,"ty":4,"nm":"MSA-Disambig 11","td":1,"sr":1,"ks":{"o":{"a":0,"k":100},"r":{"a":0,"k":16},"p":{"a":0,"k":[96.737,98.146,0]},"a":{"a":0,"k":[-80.763,23.146,0]},"s":{"a":0,"k":[100,100,100]}},"ao":0,"shapes":[{"ty":"gr","it":[{"ind":0,"ty":"sh","ks":{"a":0,"k":{"i":[[3.182,-0.925],[0,0],[0.925,3.182],[0,0],[-3.182,0.925],[0,0],[-0.925,-3.182],[0,0]],"o":[[0,0],[-3.182,0.925],[0,0],[-0.925,-3.182],[0,0],[3.182,-0.925],[0,0],[0.925,3.182]],"v":[[-9.08,82.2],[-109.6,111.43],[-117.037,107.344],[-156.531,-28.472],[-152.445,-35.908],[-51.925,-65.139],[-44.488,-61.053],[-4.994,74.763]],"c":true}},"nm":"Path 1","hd":false},{"ty":"fl","c":{"a":0,"k":[0,0.470588237047,0.831372559071,1]},"o":{"a":0,"k":100},"r":1,"bm":0,"nm":"Fill 1","hd":false},{"ty":"tr","p":{"a":0,"k":[0,0]},"a":{"a":0,"k":[0,0]},"s":{"a":0,"k":[100,100]},"r":{"a":0,"k":0},"o":{"a":0,"k":100},"sk":{"a":0,"k":0},"sa":{"a":0,"k":0},"nm":"Transform"}],"nm":"Group 1","bm":0,"hd":false}],"ip":0,"op":210,"st":0,"bm":0},{"ddd":0,"ind":7,"ty":4,"nm":"MSA-Disambig 4","parent":10,"tt":1,"sr":1,"ks":{"o":{"a":0,"k":10},"r":{"a":0,"k":0},"p":{"a":0,"k":[-72.685,21.401,0]},"a":{"a":0,"k":[0,0,0]},"s":{"a":0,"k":[100,100,100]}},"ao":0,"shapes":[{"ty":"gr","it":[{"ind":0,"ty":"sh","ks":{"a":0,"k":{"i":[[-0.728,0.167],[0,0],[1.287,0.727],[0,0],[0.419,-0.122],[0,0],[-0.453,-0.904],[0,0]],"o":[[0,0],[1.44,-0.331],[0,0],[-0.38,-0.215],[0,0],[-0.971,0.282],[0,0],[0.335,0.668]],"v":[[9.434,85.313],[16.873,83.604],[17.307,80.616],[9.508,76.207],[8.259,76.061],[5.896,76.749],[4.901,79.029],[7.624,84.461]],"c":true}},"nm":"Path 1","hd":false},{"ind":1,"ty":"sh","ks":{"a":0,"k":{"i":[[-1.826,-0.116],[0,0],[-0.388,0.198],[0,0],[0.055,0.962],[0,0],[1.566,-0.889],[0,0],[0.393,-0.013],[0,0],[0.427,-0.697],[0,0]],"o":[[0,0],[0.435,0.028],[0,0],[0.858,-0.437],[0,0],[-0.102,-1.798],[0,0],[-0.342,0.194],[0,0],[-0.816,0.027],[0,0],[-0.955,1.56]],"v":[[33.837,80.396],[50.015,81.423],[51.272,81.163],[77.43,67.836],[78.752,65.534],[78.118,54.36],[74.494,52.385],[56.171,62.787],[55.052,63.102],[41.249,63.558],[39.258,64.717],[31.919,76.704]],"c":true}},"nm":"Path 2","hd":false},{"ind":2,"ty":"sh","ks":{"a":0,"k":{"i":[[0.075,-0.035],[0,0],[-0.223,-0.768],[0,0],[-0.751,0.04],[0,0],[0.136,0.942],[0,0],[-0.921,0.087],[0,0],[0.451,1.012],[0,0],[0.777,-0.226],[0,0]],"o":[[0,0],[-0.725,0.337],[0,0],[0.21,0.723],[0,0],[0.95,-0.051],[0,0],[-0.132,-0.916],[0,0],[1.103,-0.104],[0,0],[-0.329,-0.739],[0,0],[-0.079,0.023]],"v":[[62.332,37.754],[51.218,42.924],[50.347,44.844],[52.649,52.762],[54.291,53.927],[60.336,53.601],[61.851,51.753],[60.983,45.732],[62.433,43.889],[68.686,43.299],[70.012,41.027],[68.406,37.425],[66.475,36.529],[62.563,37.667]],"c":true}},"nm":"Path 3","hd":false},{"ind":3,"ty":"sh","ks":{"a":0,"k":{"i":[[-0.161,-0.76],[0,0],[-0.904,0.263],[0,0],[-0.083,0.638],[0,0],[1.151,-0.482],[0,0]],"o":[[0,0],[0.195,0.921],[0,0],[0.618,-0.18],[0,0],[0.16,-1.238],[0,0],[-0.717,0.3]],"v":[[49.844,33.957],[50.219,35.734],[52.256,36.953],[57.857,35.325],[59.011,33.978],[59.374,31.173],[57.142,29.472],[50.802,32.129]],"c":true}},"nm":"Path 4","hd":false},{"ind":4,"ty":"sh","ks":{"a":0,"k":{"i":[[0.04,-1.037],[0,0],[0.512,-0.27],[0,0],[-0.718,-0.782],[0,0],[-0.423,1.131],[0,0],[0.059,0.295],[0,0],[0.597,0.159],[0,0]],"o":[[0,0],[-0.022,0.578],[0,0],[-0.939,0.495],[0,0],[0.817,0.89],[0,0],[0.105,-0.282],[0,0],[-0.12,-0.606],[0,0],[-1.003,-0.267]],"v":[[34.102,25.083],[33.719,35.027],[32.856,36.397],[25.855,40.089],[25.417,42.617],[39.558,58.012],[42.267,57.484],[46.217,46.925],[46.289,46.043],[42.347,26.172],[41.175,24.922],[36.136,23.58]],"c":true}},"nm":"Path 5","hd":false},{"ind":5,"ty":"sh","ks":{"a":0,"k":{"i":[[-1.425,-1.462],[0,0],[0.035,-0.675],[0,0],[-1.65,0.693],[0,0],[0.882,1.268],[0,0],[-1.062,0.78],[0,0],[-0.857,-0.738],[0,0],[-0.911,0.775],[0,0],[0.868,1.022],[0,0],[0.961,-0.365],[0,0],[-1.105,-1.276],[0,0],[1.967,-0.185],[0,0]],"o":[[0,0],[0.472,0.484],[0,0],[-0.091,1.788],[0,0],[1.424,-0.599],[0,0],[-0.752,-1.081],[0,0],[0.912,-0.67],[0,0],[0.907,0.781],[0,0],[1.021,-0.869],[0,0],[-0.665,-0.784],[0,0],[-1.578,0.599],[0,0],[1.293,1.493],[0,0],[-2.032,0.191]],"v":[[-17.262,64.89],[-13.493,68.758],[-12.807,70.577],[-13.4,82.186],[-10.034,84.549],[-1.111,80.8],[-0.058,77.174],[-1.988,74.398],[-1.432,71.054],[2.89,67.881],[5.912,67.998],[15.079,75.893],[18.237,75.903],[31.996,64.201],[32.273,60.779],[11.601,36.435],[8.888,35.737],[-8.491,42.333],[-9.465,46.194],[-1.346,55.568],[-2.955,59.576],[-15.75,60.777]],"c":true}},"nm":"Path 6","hd":false},{"ind":6,"ty":"sh","ks":{"a":0,"k":{"i":[[0.245,-1.498],[0,0],[-1.059,0.104],[0,0],[0.594,1.019],[0,0]],"o":[[0,0],[-0.172,1.05],[0,0],[1.174,-0.115],[0,0],[-0.765,-1.311]],"v":[[-19.093,46.237],[-20.4,54.22],[-18.644,56.093],[-13.006,55.539],[-11.765,53.112],[-16.096,45.683]],"c":true}},"nm":"Path 7","hd":false},{"ind":7,"ty":"sh","ks":{"a":0,"k":{"i":[[-0.041,-0.988],[0,0],[-0.761,-0.121],[0,0],[-0.146,0.878],[0,0],[0.926,0.099],[0,0]],"o":[[0,0],[0.032,0.77],[0,0],[0.879,0.14],[0,0],[0.153,-0.919],[0,0],[-0.983,-0.105]],"v":[[-39.719,70.87],[-38.676,96.328],[-37.313,97.86],[-25.717,99.71],[-23.865,98.377],[-19.617,72.879],[-21.042,71.003],[-37.929,69.194]],"c":true}},"nm":"Path 8","hd":false},{"ind":8,"ty":"sh","ks":{"a":0,"k":{"i":[[-0.044,-0.017],[0,0],[0.025,1.159],[0,0],[0.964,-0.143],[0,0],[-1.414,-0.709],[0,0]],"o":[[0,0],[1.077,0.428],[0,0],[-0.021,-0.974],[0,0],[-1.565,0.232],[0,0],[0.042,0.021]],"v":[[16.323,2.151],[20.618,3.857],[22.834,2.317],[22.733,-2.341],[20.877,-3.907],[13.093,-2.756],[12.604,0.293],[16.195,2.094]],"c":true}},"nm":"Path 9","hd":false},{"ind":9,"ty":"sh","ks":{"a":0,"k":{"i":[[-0.441,-1.197],[0,0],[-0.706,0.05],[0,0],[0.145,0.921],[0,0],[-0.102,0.262],[0,0],[0.668,0.398],[0,0],[0.496,-0.623],[0,0],[0.604,0.149],[0,0]],"o":[[0,0],[0.245,0.664],[0,0],[0.93,-0.066],[0,0],[-0.044,-0.278],[0,0],[0.282,-0.724],[0,0],[-0.684,-0.407],[0,0],[-0.387,0.486],[0,0],[-1.238,-0.305]],"v":[[7.825,9.121],[16.91,33.79],[18.515,34.827],[26.702,34.247],[28.161,32.413],[26.354,20.908],[26.443,20.084],[32.514,4.504],[31.846,2.56],[31.846,2.56],[29.787,2.936],[24.408,9.696],[22.783,10.25],[9.699,7.027]],"c":true}},"nm":"Path 10","hd":false},{"ind":10,"ty":"sh","ks":{"a":0,"k":{"i":[[0.423,-0.89],[0,0],[-1.076,-0.16],[0,0],[-0.025,-0.783],[0,0],[-1.037,0.384],[0,0],[1.103,0.732],[0,0]],"o":[[0,0],[-0.467,0.982],[0,0],[0.775,0.115],[0,0],[0.035,1.106],[0,0],[1.242,-0.46],[0,0],[-0.821,-0.545]],"v":[[39.275,3.008],[34.397,13.26],[35.621,15.558],[46.318,17.15],[47.698,18.701],[47.938,26.345],[50.118,27.813],[66.305,21.818],[66.638,18.95],[41.633,2.355]],"c":true}},"nm":"Path 11","hd":false},{"ind":11,"ty":"sh","ks":{"a":0,"k":{"i":[[0.234,-0.408],[0,0],[-0.841,-0.411],[0,0],[-0.388,0.812],[0,0],[1.305,-0.254],[0,0]],"o":[[0,0],[-0.465,0.812],[0,0],[0.809,0.395],[0,0],[0.573,-1.2],[0,0],[-0.462,0.09]],"v":[[45.737,-12.437],[41.607,-5.226],[42.301,-2.966],[50.527,1.05],[52.698,0.292],[59.025,-12.964],[57.254,-15.251],[46.832,-13.222]],"c":true}},"nm":"Path 12","hd":false},{"ind":12,"ty":"sh","ks":{"a":0,"k":{"i":[[0.264,-0.166],[0,0],[-0.454,-0.341],[0,0],[-0.253,0.397],[0,0],[0.12,0.252],[0,0],[0.313,-0.586],[0,0],[0.398,0.252],[0,0]],"o":[[0,0],[-0.481,0.302],[0,0],[0.377,0.282],[0,0],[0.15,-0.235],[0,0],[-0.286,-0.6],[0,0],[-0.222,0.415],[0,0],[-0.264,-0.167]],"v":[[27.076,-28.368],[12.125,-18.968],[12.071,-17.635],[33.138,-1.849],[34.305,-2.061],[43.579,-16.582],[43.627,-17.366],[39.299,-26.453],[37.854,-26.487],[36.511,-23.972],[35.364,-23.67],[27.939,-28.367]],"c":true}},"nm":"Path 13","hd":false},{"ind":13,"ty":"sh","ks":{"a":0,"k":{"i":[[0.553,-1.238],[0,0],[-0.796,-0.377],[0,0],[-0.42,0.734],[0,0],[-0.352,-1.417],[0,0],[-0.766,0.029],[0,0],[0.546,1.054],[0,0]],"o":[[0,0],[-0.359,0.804],[0,0],[0.764,0.362],[0,0],[0.725,-1.268],[0,0],[0.185,0.744],[0,0],[1.186,-0.045],[0,0],[-0.624,-1.204]],"v":[[38.427,-53.472],[30.016,-34.655],[30.801,-32.531],[35.503,-30.307],[37.601,-30.967],[38.523,-32.579],[41.5,-32.166],[43.459,-24.283],[45.092,-23.056],[54.366,-23.408],[55.742,-25.771],[41.343,-53.557]],"c":true}},"nm":"Path 14","hd":false},{"ind":14,"ty":"sh","ks":{"a":0,"k":{"i":[[0.862,-0.901],[0,0],[-0.802,-0.573],[0,0],[0.429,1.475],[0,0]],"o":[[0,0],[-0.682,0.712],[0,0],[1.25,0.893],[0,0],[-0.348,-1.197]],"v":[[33.199,-77.328],[27.941,-71.833],[28.17,-69.396],[36.823,-63.215],[39.319,-64.985],[35.924,-76.661]],"c":true}},"nm":"Path 15","hd":false},{"ind":15,"ty":"sh","ks":{"a":0,"k":{"i":[[-0.552,-1.729],[0,0],[-0.895,0.618],[0,0],[0.564,0.735],[0,0]],"o":[[0,0],[0.331,1.036],[0,0],[0.762,-0.526],[0,0],[-1.105,-1.44]],"v":[[7.34,-54.63],[14.252,-33.001],[16.714,-32.161],[23.049,-36.537],[23.413,-38.855],[10.167,-56.109]],"c":true}},"nm":"Path 16","hd":false},{"ind":16,"ty":"sh","ks":{"a":0,"k":{"i":[[-0.392,-0.49],[0,0],[-0.418,2.012],[0,0],[0.706,0.572],[0,0],[-1.37,0.904],[0,0],[0.896,1.116],[0,0],[1.025,-0.521],[0,0],[0.076,-0.832],[0,0]],"o":[[0,0],[1.284,1.605],[0,0],[0.185,-0.89],[0,0],[-1.276,-1.034],[0,0],[1.194,-0.788],[0,0],[-0.72,-0.897],[0,0],[-0.744,0.378],[0,0],[-0.057,0.625]],"v":[[3.292,-71.553],[24.389,-45.179],[28.664,-46.202],[31.158,-58.2],[30.31,-60.582],[17.617,-70.871],[17.809,-74.785],[30.311,-83.035],[30.867,-86.583],[21.041,-98.822],[18.046,-99.467],[5.73,-93.207],[4.411,-91.262],[2.77,-73.291]],"c":true}},"nm":"Path 17","hd":false},{"ind":17,"ty":"sh","ks":{"a":0,"k":{"i":[[0.069,-0.281],[0,0],[-0.483,-0.057],[0,0],[0.039,0.508],[0,0],[0.493,-0.143],[0,0]],"o":[[0,0],[-0.116,0.473],[0,0],[0.506,0.059],[0,0],[-0.04,-0.512],[0,0],[-0.278,0.081]],"v":[[-14.427,-65.591],[-15.279,-62.11],[-14.586,-61.113],[-12.624,-60.883],[-11.722,-61.75],[-12.028,-65.695],[-13.061,-66.41],[-13.867,-66.176]],"c":true}},"nm":"Path 18","hd":false},{"ind":18,"ty":"sh","ks":{"a":0,"k":{"i":[[-0.006,-0.186],[0,0],[-0.52,0.422],[0,0],[0.158,0.337],[0,0],[0.368,-0.484],[0,0]],"o":[[0,0],[0.02,0.669],[0,0],[0.289,-0.234],[0,0],[-0.258,-0.55],[0,0],[-0.113,0.148]],"v":[[-14.738,-81.2],[-14.409,-70.364],[-13.09,-69.759],[-4.696,-76.558],[-4.473,-77.531],[-8.971,-87.113],[-10.348,-87.26],[-14.573,-81.715]],"c":true}},"nm":"Path 19","hd":false},{"ind":19,"ty":"sh","ks":{"a":0,"k":{"i":[[0.064,-0.366],[0,0],[-0.354,-0.143],[0,0],[0.057,0.605],[0,0],[0.438,-0.03],[0,0]],"o":[[0,0],[-0.066,0.376],[0,0],[0.563,0.228],[0,0],[-0.041,-0.437],[0,0],[-0.371,0.026]],"v":[[-31.228,-70.536],[-32.031,-65.971],[-31.538,-65.08],[-19.557,-60.221],[-18.446,-61.047],[-19.398,-71.177],[-20.26,-71.909],[-30.487,-71.204]],"c":true}},"nm":"Path 20","hd":false},{"ind":20,"ty":"sh","ks":{"a":0,"k":{"i":[[0.026,-1.057],[0,0],[-1.459,0.155],[0,0],[0.381,-1.628],[0,0],[-1.763,0.439],[0,0],[0.385,1.323],[0,0],[1.288,-0.375],[0,0]],"o":[[0,0],[-0.037,1.467],[0,0],[1.662,-0.176],[0,0],[-0.414,1.769],[0,0],[1.337,-0.333],[0,0],[-0.375,-1.288],[0,0],[-1.016,0.295]],"v":[[-22.197,-23.959],[-23.06,10.658],[-20.376,13.134],[-14.535,12.514],[-11.914,15.483],[-16.294,34.217],[-13.342,37.127],[6.973,32.064],[8.718,29.029],[-7.694,-27.41],[-10.705,-29.064],[-20.448,-26.23]],"c":true}},"nm":"Path 21","hd":false},{"ind":21,"ty":"sh","ks":{"a":0,"k":{"i":[[0.047,-0.779],[0,0],[-0.81,-0.143],[0,0],[-0.1,0.933],[0,0],[0.969,-0.01],[0,0],[0.032,-0.864],[0,0],[0.789,-0.097],[0,0]],"o":[[0,0],[-0.049,0.821],[0,0],[0.924,0.164],[0,0],[0.103,-0.964],[0,0],[-0.864,0.009],[0,0],[-0.03,0.794],[0,0],[-0.775,0.096]],"v":[[-48.718,48.206],[-49.216,56.501],[-47.882,58.193],[-28.534,61.62],[-26.641,60.198],[-22.327,19.929],[-23.954,18.137],[-31.773,18.218],[-33.374,19.777],[-34.264,43.717],[-35.684,45.264],[-47.3,46.696]],"c":true}},"nm":"Path 22","hd":false},{"ind":22,"ty":"sh","ks":{"a":0,"k":{"i":[[0.022,-0.051],[0,0],[-0.644,0.589],[0,0],[-0.001,0.225],[0,0],[0.457,-0.647],[0,0]],"o":[[0,0],[-0.346,0.801],[0,0],[0.166,-0.152],[0,0],[0.005,-0.792],[0,0],[-0.032,0.046]],"v":[[-16.972,-51.056],[-20.213,-43.552],[-18.924,-42.634],[-14.24,-46.922],[-13.977,-47.514],[-13.942,-52.82],[-15.413,-53.292],[-16.89,-51.202]],"c":true}},"nm":"Path 23","hd":false},{"ind":23,"ty":"sh","ks":{"a":0,"k":{"i":[[-0.028,-0.742],[0,0],[-1.027,0.353],[0,0],[0.241,0.83],[0,0],[0.911,-0.58],[0,0],[0.072,-0.459],[0,0],[0.267,-0.247],[0,0],[0.242,-0.07],[0,0]],"o":[[0,0],[0.04,1.086],[0,0],[0.817,-0.281],[0,0],[-0.301,-1.037],[0,0],[-0.392,0.25],[0,0],[-0.056,0.359],[0,0],[-0.185,0.171],[0,0],[-0.713,0.207]],"v":[[-30.234,-30.653],[-30.215,-30.139],[-28.071,-28.668],[6.16,-40.435],[7.189,-42.419],[-1.197,-71.256],[-3.621,-72.17],[-6.13,-70.574],[-6.86,-69.458],[-10.507,-46.162],[-11.005,-45.225],[-22.817,-34.265],[-23.466,-33.897],[-29.068,-32.268]],"c":true}},"nm":"Path 24","hd":false},{"ind":24,"ty":"sh","ks":{"a":0,"k":{"i":[[0.105,-0.065],[0,0],[-0.727,-0.137],[0,0],[-0.181,0.265],[0,0],[0.685,-0.067],[0,0]],"o":[[0,0],[-0.629,0.389],[0,0],[0.315,0.059],[0,0],[0.389,-0.567],[0,0],[-0.123,0.012]],"v":[[-40.952,4.11],[-43.652,5.777],[-43.376,7.261],[-31.706,9.456],[-30.889,9.118],[-27.408,4.044],[-28.155,2.78],[-40.605,3.993]],"c":true}},"nm":"Path 25","hd":false},{"ind":25,"ty":"sh","ks":{"a":0,"k":{"i":[[0.011,-0.049],[0,0],[-0.523,0.009],[0,0],[-0.043,0.406],[0,0],[0.57,-0.395],[0,0],[0.008,-0.256],[0,0]],"o":[[0,0],[-0.113,0.511],[0,0],[0.408,-0.007],[0,0],[0.074,-0.689],[0,0],[-0.21,0.146],[0,0],[-0.002,0.05]],"v":[[-37.829,-11.283],[-40.15,-0.753],[-39.345,0.231],[-30.911,0.082],[-30.121,-0.642],[-27.738,-22.946],[-29.004,-23.697],[-37.271,-17.963],[-37.619,-17.324],[-37.81,-11.431]],"c":true}},"nm":"Path 26","hd":false},{"ind":26,"ty":"sh","ks":{"a":0,"k":{"i":[[-0.103,-0.475],[0,0],[-0.273,-0.09],[0,0],[-0.021,0.538],[0,0],[0.38,0.086],[0,0],[0.082,0.283],[0,0],[-0.617,-0.193],[0,0],[-0.051,0.51],[0,0],[0.506,-0.046],[0,0]],"o":[[0,0],[0.061,0.281],[0,0],[0.511,0.169],[0,0],[0.015,-0.389],[0,0],[-0.287,-0.065],[0,0],[-0.18,-0.62],[0,0],[0.49,0.153],[0,0],[0.051,-0.506],[0,0],[-0.484,0.044]],"v":[[-62.688,-12.414],[-53.478,30.204],[-52.941,30.802],[-39.315,35.295],[-38.253,34.557],[-37.373,11.764],[-38.003,10.943],[-49.074,8.428],[-49.672,7.864],[-51.555,1.388],[-50.536,0.389],[-45.395,1.998],[-44.348,1.306],[-42.799,-14.161],[-43.677,-15.048],[-61.97,-13.392]],"c":true}},"nm":"Path 27","hd":false},{"ind":27,"ty":"sh","ks":{"a":0,"k":{"i":[[-0.281,-0.651],[0,0],[-0.191,0.748],[0,0],[0.392,0.142],[0,0]],"o":[[0,0],[0.306,0.709],[0,0],[0.103,-0.404],[0,0],[-0.667,-0.241]],"v":[[-78.688,-51.992],[-71.073,-34.344],[-69.546,-34.465],[-66.062,-48.098],[-66.571,-49.06],[-77.669,-53.074]],"c":true}},"nm":"Path 28","hd":false},{"ind":28,"ty":"sh","ks":{"a":0,"k":{"i":[[-0.202,-0.695],[0,0],[-0.331,0.656],[0,0],[0.379,0.211],[0,0]],"o":[[0,0],[0.205,0.706],[0,0],[0.196,-0.388],[0,0],[-0.632,-0.353]],"v":[[-62.62,-37.6],[-58.801,-24.467],[-57.301,-24.328],[-52.969,-32.914],[-53.297,-33.986],[-61.449,-38.533]],"c":true}},"nm":"Path 29","hd":false},{"ind":29,"ty":"sh","ks":{"a":0,"k":{"i":[[0.036,-0.552],[0,0],[-0.333,-0.33],[0,0],[0.15,-0.561],[0,0],[-1.126,0.111],[0,0],[0.031,0.855],[0,0],[-1.023,-0.199],[0,0],[-0.32,0.661],[0,0],[0.864,0.354],[0,0],[-0.047,0.696],[0,0],[1.122,-0.617],[0,0]],"o":[[0,0],[-0.03,0.468],[0,0],[0.413,0.409],[0,0],[-0.292,1.093],[0,0],[0.851,-0.084],[0,0],[-0.038,-1.042],[0,0],[0.721,0.14],[0,0],[0.407,-0.841],[0,0],[-0.645,-0.264],[0,0],[0.086,-1.277],[0,0],[-0.485,0.267]],"v":[[-49.711,-67.693],[-50.067,-62.213],[-49.59,-60.958],[-43.686,-55.108],[-43.261,-53.54],[-51.484,-22.749],[-49.76,-20.72],[-39.116,-21.773],[-37.657,-23.443],[-38.105,-35.769],[-36.178,-37.417],[-29.229,-36.066],[-27.463,-36.95],[-19.606,-53.189],[-20.45,-55.393],[-36.411,-61.927],[-37.413,-63.534],[-36.788,-72.811],[-39.184,-74.339],[-48.876,-69.007]],"c":true}},"nm":"Path 30","hd":false},{"ind":30,"ty":"sh","ks":{"a":0,"k":{"i":[[-0.483,0.14],[0,0],[0.022,-1.092],[0,0],[-0.294,-0.309],[0,0],[0.102,-0.516],[0,0],[0.961,0.565],[0,0],[-0.184,0.702],[0,0],[1.09,-0.048],[0,0],[-0.426,1.091],[0,0]],"o":[[0,0],[1.049,-0.305],[0,0],[-0.008,0.426],[0,0],[0.362,0.381],[0,0],[-0.216,1.094],[0,0],[-0.626,-0.367],[0,0],[0.277,-1.055],[0,0],[-1.17,0.052],[0,0],[0.183,-0.468]],"v":[[-60.277,-68.878],[-56.403,-70.005],[-54.332,-68.418],[-54.518,-59.09],[-54.072,-57.942],[-49.651,-53.294],[-49.236,-51.864],[-51.594,-39.918],[-54.002,-38.836],[-61.334,-43.141],[-62.08,-44.949],[-60.22,-52.028],[-61.857,-54.057],[-64.351,-53.946],[-65.93,-56.154],[-61.333,-67.913]],"c":true}},"nm":"Path 31","hd":false},{"ty":"fl","c":{"a":0,"k":[0.141176477075,0.121568627656,0.1254902035,1]},"o":{"a":0,"k":100},"r":1,"bm":0,"nm":"Fill 1","hd":false},{"ty":"tr","p":{"a":0,"k":[0,0]},"a":{"a":0,"k":[0,0]},"s":{"a":0,"k":[100,100]},"r":{"a":0,"k":0},"o":{"a":0,"k":100},"sk":{"a":0,"k":0},"sa":{"a":0,"k":0},"nm":"Transform"}],"nm":"Group 1","bm":0,"hd":false}],"ip":0,"op":210,"st":0,"bm":0},{"ddd":0,"ind":8,"ty":4,"nm":"MSA-Disambig 13","td":1,"sr":1,"ks":{"o":{"a":0,"k":100},"r":{"a":0,"k":16},"p":{"a":0,"k":[96.737,98.146,0]},"a":{"a":0,"k":[-80.763,23.146,0]},"s":{"a":0,"k":[100,100,100]}},"ao":0,"shapes":[{"ty":"gr","it":[{"ind":0,"ty":"sh","ks":{"a":0,"k":{"i":[[3.182,-0.925],[0,0],[0.925,3.182],[0,0],[-3.182,0.925],[0,0],[-0.925,-3.182],[0,0]],"o":[[0,0],[-3.182,0.925],[0,0],[-0.925,-3.182],[0,0],[3.182,-0.925],[0,0],[0.925,3.182]],"v":[[-9.08,82.2],[-109.6,111.43],[-117.037,107.344],[-156.531,-28.472],[-152.445,-35.908],[-51.925,-65.139],[-44.488,-61.053],[-4.994,74.763]],"c":true}},"nm":"Path 1","hd":false},{"ty":"fl","c":{"a":0,"k":[0,0.470588237047,0.831372559071,1]},"o":{"a":0,"k":100},"r":1,"bm":0,"nm":"Fill 1","hd":false},{"ty":"tr","p":{"a":0,"k":[0,0]},"a":{"a":0,"k":[0,0]},"s":{"a":0,"k":[100,100]},"r":{"a":0,"k":0},"o":{"a":0,"k":100},"sk":{"a":0,"k":0},"sa":{"a":0,"k":0},"nm":"Transform"}],"nm":"Group 1","bm":0,"hd":false}],"ip":0,"op":210,"st":0,"bm":0},{"ddd":0,"ind":9,"ty":4,"nm":"MSA-Disambig 12","tt":1,"sr":1,"ks":{"o":{"a":0,"k":30},"r":{"a":0,"k":16},"p":{"a":0,"k":[96.737,98.146,0]},"a":{"a":0,"k":[-80.763,23.146,0]},"s":{"a":0,"k":[100,100,100]}},"ao":0,"ef":[{"ty":29,"nm":"Gaussian Blur","np":5,"mn":"ADBE Gaussian Blur 2","ix":1,"en":1,"ef":[{"ty":0,"nm":"Blurriness","mn":"ADBE Gaussian Blur 2-0001","ix":1,"v":{"a":0,"k":6}},{"ty":7,"nm":"Blur Dimensions","mn":"ADBE Gaussian Blur 2-0002","ix":2,"v":{"a":0,"k":1}},{"ty":7,"nm":"Repeat Edge Pixels","mn":"ADBE Gaussian Blur 2-0003","ix":3,"v":{"a":0,"k":0}}]}],"shapes":[{"ty":"gr","it":[{"ind":0,"ty":"sh","ks":{"a":0,"k":{"i":[[3.182,-0.925],[0,0],[0.925,3.182],[0,0],[-3.182,0.925],[0,0],[-0.925,-3.182],[0,0]],"o":[[0,0],[-3.182,0.925],[0,0],[-0.925,-3.182],[0,0],[3.182,-0.925],[0,0],[0.925,3.182]],"v":[[-9.08,82.2],[-121.616,114.875],[-129.053,110.789],[-171.992,-37.042],[-167.906,-44.479],[-55.37,-77.155],[-47.934,-73.069],[-4.994,74.763]],"c":true}},"nm":"Path 1","hd":false},{"ty":"tr","p":{"a":0,"k":[0,0]},"a":{"a":0,"k":[0,0]},"s":{"a":0,"k":[100,100]},"r":{"a":0,"k":0},"o":{"a":0,"k":100},"sk":{"a":0,"k":0},"sa":{"a":0,"k":0},"nm":"Transform"}],"nm":"Group 1","bm":0,"hd":false},{"ty":"st","c":{"a":0,"k":[0,0,0,1]},"o":{"a":0,"k":100},"w":{"a":0,"k":2},"lc":1,"lj":1,"ml":4,"bm":0,"nm":"Stroke 1","hd":false}],"ip":0,"op":210,"st":0,"bm":0},{"ddd":0,"ind":10,"ty":4,"nm":"MSA-Disambig","sr":1,"ks":{"o":{"a":0,"k":100},"r":{"a":0,"k":16},"p":{"a":0,"k":[96.737,98.146,0]},"a":{"a":0,"k":[-80.763,23.146,0]},"s":{"a":0,"k":[100,100,100]}},"ao":0,"shapes":[{"ty":"gr","it":[{"ind":0,"ty":"sh","ks":{"a":0,"k":{"i":[[3.182,-0.925],[0,0],[0.925,3.182],[0,0],[-3.182,0.925],[0,0],[-0.925,-3.182],[0,0]],"o":[[0,0],[-3.182,0.925],[0,0],[-0.925,-3.182],[0,0],[3.182,-0.925],[0,0],[0.925,3.182]],"v":[[-9.08,82.2],[-109.6,111.43],[-117.037,107.344],[-156.531,-28.472],[-152.445,-35.908],[-51.925,-65.139],[-44.488,-61.053],[-4.994,74.763]],"c":true}},"nm":"Path 1","hd":false},{"ty":"fl","c":{"a":0,"k":[0,0.470588237047,0.831372559071,1]},"o":{"a":0,"k":100},"r":1,"bm":0,"nm":"Fill 1","hd":false},{"ty":"tr","p":{"a":0,"k":[0,0]},"a":{"a":0,"k":[0,0]},"s":{"a":0,"k":[100,100]},"r":{"a":0,"k":0},"o":{"a":0,"k":100},"sk":{"a":0,"k":0},"sa":{"a":0,"k":0},"nm":"Transform"}],"nm":"Group 1","bm":0,"hd":false}],"ip":0,"op":210,"st":0,"bm":0}]},{"id":"comp_3","layers":[{"ddd":0,"ind":1,"ty":3,"nm":"Null 88","sr":1,"ks":{"o":{"a":0,"k":0},"r":{"a":0,"k":0},"p":{"a":0,"k":[81,77,0]},"a":{"a":0,"k":[0,0,0]},"s":{"a":0,"k":[100,100,100]}},"ao":0,"ip":0,"op":211,"st":0,"bm":0},{"ddd":0,"ind":2,"ty":4,"nm":"Slice 3","parent":7,"td":1,"sr":1,"ks":{"o":{"a":0,"k":100},"r":{"a":0,"k":0},"p":{"a":1,"k":[{"i":{"x":0,"y":1},"o":{"x":0.167,"y":0.167},"t":10,"s":[15.154,-15.154,0],"to":[0.708,-0.708,0],"ti":[-0.708,0.708,0]},{"t":60,"s":[19.404,-19.404,0]}]},"a":{"a":0,"k":[0,0,0]},"s":{"a":0,"k":[100,100,100]}},"ao":0,"shapes":[{"ty":"gr","it":[{"ind":0,"ty":"sh","ks":{"a":0,"k":{"i":[[17.015,0],[0,0],[0,0]],"o":[[0,0],[0,0],[0,-17.015]],"v":[[-15.404,-15.404],[-15.404,15.404],[15.404,15.404]],"c":true}},"nm":"Path 1","hd":false},{"ty":"tr","p":{"a":0,"k":[0,0]},"a":{"a":0,"k":[0,0]},"s":{"a":0,"k":[100,100]},"r":{"a":0,"k":0},"o":{"a":0,"k":100},"sk":{"a":0,"k":0},"sa":{"a":0,"k":0},"nm":"Transform"}],"nm":"Group 1","bm":0,"hd":false},{"ty":"fl","c":{"a":0,"k":[1,0,0,1]},"o":{"a":0,"k":100},"r":1,"bm":0,"nm":"Fill 1","hd":false}],"ip":0,"op":211,"st":0,"bm":0},{"ddd":0,"ind":3,"ty":4,"nm":"Slice 2","parent":7,"tt":1,"sr":1,"ks":{"o":{"a":0,"k":60},"r":{"a":0,"k":0},"p":{"a":1,"k":[{"i":{"x":0,"y":1},"o":{"x":0.167,"y":0.167},"t":10,"s":[15.154,-15.154,0],"to":[0.708,-0.708,0],"ti":[-0.708,0.708,0]},{"t":60,"s":[19.404,-19.404,0]}]},"a":{"a":0,"k":[0,0,0]},"s":{"a":0,"k":[100,100,100]}},"ao":0,"ef":[{"ty":29,"nm":"Gaussian Blur","np":5,"mn":"ADBE Gaussian Blur 2","ix":1,"en":1,"ef":[{"ty":0,"nm":"Blurriness","mn":"ADBE Gaussian Blur 2-0001","ix":1,"v":{"a":0,"k":20}},{"ty":7,"nm":"Blur Dimensions","mn":"ADBE Gaussian Blur 2-0002","ix":2,"v":{"a":0,"k":1}},{"ty":7,"nm":"Repeat Edge Pixels","mn":"ADBE Gaussian Blur 2-0003","ix":3,"v":{"a":0,"k":0}}]}],"shapes":[{"ty":"gr","it":[{"ind":0,"ty":"sh","ks":{"a":0,"k":{"i":[[17.015,0],[0,0],[0,0],[0,0]],"o":[[0,0],[0,0],[0,0],[0,-17.015]],"v":[[-15.404,-16.404],[-45.904,23.904],[1.46,39.622],[15.404,15.404]],"c":true}},"nm":"Path 1","hd":false},{"ty":"tr","p":{"a":0,"k":[0,0]},"a":{"a":0,"k":[0,0]},"s":{"a":0,"k":[100,100]},"r":{"a":0,"k":0},"o":{"a":0,"k":100},"sk":{"a":0,"k":0},"sa":{"a":0,"k":0},"nm":"Transform"}],"nm":"Group 1","bm":0,"hd":false},{"ty":"st","c":{"a":0,"k":[1,0.188235294118,0,1]},"o":{"a":0,"k":100},"w":{"a":0,"k":2},"lc":1,"lj":1,"ml":4,"bm":0,"nm":"Stroke 1","hd":false}],"ip":0,"op":211,"st":0,"bm":0},{"ddd":0,"ind":4,"ty":4,"nm":"Slice","parent":7,"sr":1,"ks":{"o":{"a":0,"k":100},"r":{"a":0,"k":0},"p":{"a":1,"k":[{"i":{"x":0,"y":1},"o":{"x":0.167,"y":0.167},"t":10,"s":[15.154,-15.154,0],"to":[0.708,-0.708,0],"ti":[-0.708,0.708,0]},{"t":60,"s":[19.404,-19.404,0]}]},"a":{"a":0,"k":[0,0,0]},"s":{"a":0,"k":[100,100,100]}},"ao":0,"shapes":[{"ty":"gr","it":[{"ind":0,"ty":"sh","ks":{"a":0,"k":{"i":[[17.015,0],[0,0],[0,0]],"o":[[0,0],[0,0],[0,-17.015]],"v":[[-15.404,-15.404],[-15.404,15.404],[15.404,15.404]],"c":true}},"nm":"Path 1","hd":false},{"ty":"gf","o":{"a":0,"k":100},"r":1,"bm":0,"g":{"p":3,"k":{"a":0,"k":[0,0.929,0.424,0.278,0.5,0.965,0.492,0.349,1,1,0.561,0.42]}},"s":{"a":0,"k":[5.907,21.627]},"e":{"a":0,"k":[-15.135,-14.82]},"t":1,"nm":"Gradient Fill 1","hd":false},{"ty":"tr","p":{"a":0,"k":[0,0]},"a":{"a":0,"k":[0,0]},"s":{"a":0,"k":[100,100]},"r":{"a":0,"k":0},"o":{"a":0,"k":100},"sk":{"a":0,"k":0},"sa":{"a":0,"k":0},"nm":"Transform"}],"nm":"Group 1","bm":0,"hd":false}],"ip":0,"op":211,"st":0,"bm":0},{"ddd":0,"ind":5,"ty":4,"nm":"Pie 3","td":1,"sr":1,"ks":{"o":{"a":0,"k":100},"r":{"a":0,"k":0},"p":{"a":0,"k":[75.922,82.282,0]},"a":{"a":0,"k":[0,0,0]},"s":{"a":0,"k":[200,200,100]}},"ao":0,"shapes":[{"ty":"gr","it":[{"ind":0,"ty":"sh","ks":{"a":0,"k":{"i":[[0,0],[0,-17.015],[-17.015,0],[0,17.015],[0,0]],"o":[[-17.015,0],[0,17.015],[17.015,0],[0,0],[0,0]],"v":[[0,-30.809],[-30.808,0],[0,30.809],[30.808,0],[0,0]],"c":true}},"nm":"Path 1","hd":false},{"ty":"tr","p":{"a":0,"k":[0,0]},"a":{"a":0,"k":[0,0]},"s":{"a":0,"k":[100,100]},"r":{"a":0,"k":0},"o":{"a":0,"k":100},"sk":{"a":0,"k":0},"sa":{"a":0,"k":0},"nm":"Transform"}],"nm":"Group 1","bm":0,"hd":false},{"ty":"fl","c":{"a":0,"k":[1,0,0,1]},"o":{"a":0,"k":100},"r":1,"bm":0,"nm":"Fill 1","hd":false}],"ip":0,"op":211,"st":0,"bm":0},{"ddd":0,"ind":6,"ty":4,"nm":"Pie 2","tt":1,"sr":1,"ks":{"o":{"a":0,"k":60},"r":{"a":0,"k":0},"p":{"a":0,"k":[75.922,82.282,0]},"a":{"a":0,"k":[0,0,0]},"s":{"a":0,"k":[200,200,100]}},"ao":0,"ef":[{"ty":29,"nm":"Gaussian Blur","np":5,"mn":"ADBE Gaussian Blur 2","ix":1,"en":1,"ef":[{"ty":0,"nm":"Blurriness","mn":"ADBE Gaussian Blur 2-0001","ix":1,"v":{"a":0,"k":20}},{"ty":7,"nm":"Blur Dimensions","mn":"ADBE Gaussian Blur 2-0002","ix":2,"v":{"a":0,"k":1}},{"ty":7,"nm":"Repeat Edge Pixels","mn":"ADBE Gaussian Blur 2-0003","ix":3,"v":{"a":0,"k":0}}]}],"shapes":[{"ty":"gr","it":[{"ind":0,"ty":"sh","ks":{"a":0,"k":{"i":[[0,0],[0,-17.015],[-17.015,0],[0,17.015],[0,0]],"o":[[-29.672,0],[0,17.015],[17.015,0],[0,0],[0,0]],"v":[[-0.039,-41.059],[-31.808,-0.076],[0,30.809],[30.808,0],[13.75,-29]],"c":true}},"nm":"Path 1","hd":false},{"ty":"st","c":{"a":0,"k":[1,0.188235294118,0,1]},"o":{"a":0,"k":100},"w":{"a":0,"k":2},"lc":1,"lj":1,"ml":4,"bm":0,"nm":"Stroke 1","hd":false},{"ty":"tr","p":{"a":0,"k":[0,0]},"a":{"a":0,"k":[0,0]},"s":{"a":0,"k":[100,100]},"r":{"a":0,"k":0},"o":{"a":0,"k":100},"sk":{"a":0,"k":0},"sa":{"a":0,"k":0},"nm":"Transform"}],"nm":"Group 1","bm":0,"hd":false}],"ip":0,"op":211,"st":0,"bm":0},{"ddd":0,"ind":7,"ty":4,"nm":"Pie","sr":1,"ks":{"o":{"a":0,"k":100},"r":{"a":0,"k":0},"p":{"a":0,"k":[75.922,82.282,0]},"a":{"a":0,"k":[0,0,0]},"s":{"a":0,"k":[200,200,100]}},"ao":0,"shapes":[{"ty":"gr","it":[{"ind":0,"ty":"sh","ks":{"a":0,"k":{"i":[[0,0],[0,-17.015],[-17.015,0],[0,17.015],[0,0]],"o":[[-17.015,0],[0,17.015],[17.015,0],[0,0],[0,0]],"v":[[0,-30.809],[-30.808,0],[0,30.809],[30.808,0],[0,0]],"c":true}},"nm":"Path 1","hd":false},{"ty":"gf","o":{"a":0,"k":100},"r":1,"bm":0,"g":{"p":3,"k":{"a":0,"k":[0,0.929,0.424,0.278,0.5,0.965,0.492,0.349,1,1,0.561,0.42]}},"s":{"a":0,"k":[14.311,28.223]},"e":{"a":0,"k":[-16.502,-25.148]},"t":1,"nm":"Gradient Fill 1","hd":false},{"ty":"tr","p":{"a":0,"k":[0,0]},"a":{"a":0,"k":[0,0]},"s":{"a":0,"k":[100,100]},"r":{"a":0,"k":0},"o":{"a":0,"k":100},"sk":{"a":0,"k":0},"sa":{"a":0,"k":0},"nm":"Transform"}],"nm":"Group 1","bm":0,"hd":false}],"ip":0,"op":211,"st":0,"bm":0}]},{"id":"comp_4","layers":[{"ddd":0,"ind":1,"ty":4,"nm":"MSA-Disambig 2","sr":1,"ks":{"o":{"a":0,"k":100},"r":{"a":0,"k":27.5},"p":{"a":0,"k":[77.008,75.904,0]},"a":{"a":0,"k":[-120.992,10.903,0]},"s":{"a":0,"k":[100,100,100]}},"ao":0,"shapes":[{"ty":"gr","it":[{"ind":0,"ty":"sh","ks":{"a":0,"k":{"i":[[0,0],[0,0]],"o":[[0,0],[0,0]],"v":[[-111.887,28.199],[-150.507,48.531]],"c":false}},"nm":"Path 1","hd":false},{"ty":"st","c":{"a":0,"k":[0.878431379795,0.878431379795,0.878431379795,1]},"o":{"a":0,"k":100},"w":{"a":0,"k":2.416},"lc":2,"lj":1,"ml":10,"bm":0,"nm":"Stroke 1","hd":false},{"ty":"tr","p":{"a":0,"k":[0,0]},"a":{"a":0,"k":[0,0]},"s":{"a":0,"k":[100,100]},"r":{"a":0,"k":0},"o":{"a":0,"k":100},"sk":{"a":0,"k":0},"sa":{"a":0,"k":0},"nm":"Transform"}],"nm":"Group 2","bm":0,"hd":false},{"ty":"gr","it":[{"ind":0,"ty":"sh","ks":{"a":0,"k":{"i":[[0,0],[0,0]],"o":[[0,0],[0,0]],"v":[[-77.105,0.575],[-154.345,41.24]],"c":false}},"nm":"Path 1","hd":false},{"ty":"st","c":{"a":0,"k":[0.878431379795,0.878431379795,0.878431379795,1]},"o":{"a":0,"k":100},"w":{"a":0,"k":2.416},"lc":2,"lj":1,"ml":10,"bm":0,"nm":"Stroke 1","hd":false},{"ty":"tr","p":{"a":0,"k":[0,0]},"a":{"a":0,"k":[0,0]},"s":{"a":0,"k":[100,100]},"r":{"a":0,"k":0},"o":{"a":0,"k":100},"sk":{"a":0,"k":0},"sa":{"a":0,"k":0},"nm":"Transform"}],"nm":"Group 3","bm":0,"hd":false},{"ty":"gr","it":[{"ind":0,"ty":"sh","ks":{"a":0,"k":{"i":[[0,0],[0,0]],"o":[[0,0],[0,0]],"v":[[-80.944,-6.716],[-158.184,33.95]],"c":false}},"nm":"Path 1","hd":false},{"ty":"st","c":{"a":0,"k":[0.878431379795,0.878431379795,0.878431379795,1]},"o":{"a":0,"k":100},"w":{"a":0,"k":2.416},"lc":2,"lj":1,"ml":10,"bm":0,"nm":"Stroke 1","hd":false},{"ty":"tr","p":{"a":0,"k":[0,0]},"a":{"a":0,"k":[0,0]},"s":{"a":0,"k":[100,100]},"r":{"a":0,"k":0},"o":{"a":0,"k":100},"sk":{"a":0,"k":0},"sa":{"a":0,"k":0},"nm":"Transform"}],"nm":"Group 4","bm":0,"hd":false},{"ty":"gr","it":[{"ind":0,"ty":"sh","ks":{"a":0,"k":{"i":[[0,0],[0,0]],"o":[[0,0],[0,0]],"v":[[-84.782,-14.006],[-162.022,26.659]],"c":false}},"nm":"Path 1","hd":false},{"ty":"st","c":{"a":0,"k":[0.878431379795,0.878431379795,0.878431379795,1]},"o":{"a":0,"k":100},"w":{"a":0,"k":2.416},"lc":2,"lj":1,"ml":10,"bm":0,"nm":"Stroke 1","hd":false},{"ty":"tr","p":{"a":0,"k":[0,0]},"a":{"a":0,"k":[0,0]},"s":{"a":0,"k":[100,100]},"r":{"a":0,"k":0},"o":{"a":0,"k":100},"sk":{"a":0,"k":0},"sa":{"a":0,"k":0},"nm":"Transform"}],"nm":"Group 5","bm":0,"hd":false},{"ty":"gr","it":[{"ind":0,"ty":"sh","ks":{"a":0,"k":{"i":[[0,0],[0,0]],"o":[[0,0],[0,0]],"v":[[-88.62,-21.297],[-165.86,19.368]],"c":false}},"nm":"Path 1","hd":false},{"ty":"st","c":{"a":0,"k":[0.878431379795,0.878431379795,0.878431379795,1]},"o":{"a":0,"k":100},"w":{"a":0,"k":2.416},"lc":2,"lj":1,"ml":10,"bm":0,"nm":"Stroke 1","hd":false},{"ty":"tr","p":{"a":0,"k":[0,0]},"a":{"a":0,"k":[0,0]},"s":{"a":0,"k":[100,100]},"r":{"a":0,"k":0},"o":{"a":0,"k":100},"sk":{"a":0,"k":0},"sa":{"a":0,"k":0},"nm":"Transform"}],"nm":"Group 6","bm":0,"hd":false},{"ty":"gr","it":[{"ind":0,"ty":"sh","ks":{"a":0,"k":{"i":[[1.026,-0.54],[0,0],[0.54,1.026],[0,0],[-1.026,0.54],[0,0],[-0.54,-1.026],[0,0]],"o":[[0,0],[-1.026,0.54],[0,0],[-0.54,-1.026],[0,0],[1.026,-0.54],[0,0],[0.54,1.026]],"v":[[-142.394,-2.298],[-167.84,11.099],[-170.677,10.219],[-184.074,-15.227],[-183.194,-18.064],[-157.748,-31.461],[-154.911,-30.581],[-141.514,-5.134]],"c":true}},"nm":"Path 1","hd":false},{"ty":"fl","c":{"a":0,"k":[0.878431379795,0.878431379795,0.878431379795,1]},"o":{"a":0,"k":100},"r":1,"bm":0,"nm":"Fill 1","hd":false},{"ty":"tr","p":{"a":0,"k":[0,0]},"a":{"a":0,"k":[0,0]},"s":{"a":0,"k":[100,100]},"r":{"a":0,"k":0},"o":{"a":0,"k":100},"sk":{"a":0,"k":0},"sa":{"a":0,"k":0},"nm":"Transform"}],"nm":"Group 7","bm":0,"hd":false}],"ip":0,"op":210,"st":0,"bm":0},{"ddd":0,"ind":2,"ty":4,"nm":"MSA-Disambig 5","td":1,"sr":1,"ks":{"o":{"a":0,"k":100},"r":{"a":0,"k":27.5},"p":{"a":0,"k":[77.008,75.904,0]},"a":{"a":0,"k":[-120.992,10.903,0]},"s":{"a":0,"k":[100,100,100]}},"ao":0,"shapes":[{"ty":"gr","it":[{"ind":0,"ty":"sh","ks":{"a":0,"k":{"i":[[-2.053,1.081],[0,0],[1.081,2.053],[0,0],[2.053,-1.081],[0,0],[-1.081,-2.053],[0,0]],"o":[[0,0],[2.053,-1.081],[0,0],[-1.081,-2.053],[0,0],[-2.053,1.081],[0,0],[1.081,2.053]],"v":[[-135.605,94.202],[-44.047,46.001],[-42.286,40.327],[-100.706,-70.635],[-106.379,-72.395],[-197.937,-24.192],[-199.697,-18.518],[-141.279,92.442]],"c":true}},"nm":"Path 1","hd":false},{"ty":"fl","c":{"a":0,"k":[1,1,1,1]},"o":{"a":0,"k":100},"r":1,"bm":0,"nm":"Fill 1","hd":false},{"ty":"tr","p":{"a":0,"k":[0,0]},"a":{"a":0,"k":[0,0]},"s":{"a":0,"k":[100,100]},"r":{"a":0,"k":0},"o":{"a":0,"k":100},"sk":{"a":0,"k":0},"sa":{"a":0,"k":0},"nm":"Transform"}],"nm":"Group 10","bm":0,"hd":false}],"ip":0,"op":210,"st":0,"bm":0},{"ddd":0,"ind":3,"ty":4,"nm":"MSA-Disambig 3","tt":1,"sr":1,"ks":{"o":{"a":0,"k":40},"r":{"a":0,"k":27.5},"p":{"a":0,"k":[77.008,75.904,0]},"a":{"a":0,"k":[-120.992,10.903,0]},"s":{"a":0,"k":[100,100,100]}},"ao":0,"ef":[{"ty":29,"nm":"Gaussian Blur","np":5,"mn":"ADBE Gaussian Blur 2","ix":1,"en":1,"ef":[{"ty":0,"nm":"Blurriness","mn":"ADBE Gaussian Blur 2-0001","ix":1,"v":{"a":0,"k":4}},{"ty":7,"nm":"Blur Dimensions","mn":"ADBE Gaussian Blur 2-0002","ix":2,"v":{"a":0,"k":1}},{"ty":7,"nm":"Repeat Edge Pixels","mn":"ADBE Gaussian Blur 2-0003","ix":3,"v":{"a":0,"k":0}}]}],"shapes":[{"ty":"gr","it":[{"ind":0,"ty":"sh","ks":{"a":0,"k":{"i":[[-2.053,1.081],[0,0],[1.081,2.053],[0,0],[2.053,-1.081],[0,0],[-1.081,-2.053],[0,0]],"o":[[0,0],[2.053,-1.081],[0,0],[-1.081,-2.053],[0,0],[-2.053,1.081],[0,0],[1.081,2.053]],"v":[[-142.258,97.665],[-44.047,46.001],[-42.286,40.327],[-106.478,-81.723],[-112.151,-83.483],[-210.361,-31.816],[-212.121,-26.143],[-147.931,95.905]],"c":true}},"nm":"Path 1","hd":false},{"ty":"st","c":{"a":0,"k":[0,0,0,1]},"o":{"a":0,"k":100},"w":{"a":0,"k":1},"lc":2,"lj":1,"ml":4,"bm":0,"nm":"Stroke 1","hd":false},{"ty":"tr","p":{"a":0,"k":[0,0]},"a":{"a":0,"k":[0,0]},"s":{"a":0,"k":[100,100]},"r":{"a":0,"k":0},"o":{"a":0,"k":100},"sk":{"a":0,"k":0},"sa":{"a":0,"k":0},"nm":"Transform"}],"nm":"Group 9","bm":0,"hd":false}],"ip":0,"op":210,"st":0,"bm":0},{"ddd":0,"ind":4,"ty":4,"nm":"MSA-Disambig 4","sr":1,"ks":{"o":{"a":0,"k":100},"r":{"a":0,"k":27.5},"p":{"a":0,"k":[77.008,75.904,0]},"a":{"a":0,"k":[-120.992,10.903,0]},"s":{"a":0,"k":[100,100,100]}},"ao":0,"shapes":[{"ty":"gr","it":[{"ind":0,"ty":"sh","ks":{"a":0,"k":{"i":[[-2.053,1.081],[0,0],[1.081,2.053],[0,0],[2.053,-1.081],[0,0],[-1.081,-2.053],[0,0]],"o":[[0,0],[2.053,-1.081],[0,0],[-1.081,-2.053],[0,0],[-2.053,1.081],[0,0],[1.081,2.053]],"v":[[-135.605,94.202],[-44.047,46.001],[-42.286,40.327],[-100.706,-70.635],[-106.379,-72.395],[-197.937,-24.192],[-199.697,-18.518],[-141.279,92.442]],"c":true}},"nm":"Path 1","hd":false},{"ty":"fl","c":{"a":0,"k":[1,1,1,1]},"o":{"a":0,"k":100},"r":1,"bm":0,"nm":"Fill 1","hd":false},{"ty":"tr","p":{"a":0,"k":[0,0]},"a":{"a":0,"k":[0,0]},"s":{"a":0,"k":[100,100]},"r":{"a":0,"k":0},"o":{"a":0,"k":100},"sk":{"a":0,"k":0},"sa":{"a":0,"k":0},"nm":"Transform"}],"nm":"Group 10","bm":0,"hd":false}],"ip":0,"op":210,"st":0,"bm":0},{"ddd":0,"ind":5,"ty":4,"nm":"MSA-Disambig - Shadow","sr":1,"ks":{"o":{"a":0,"k":3},"r":{"a":0,"k":27.5},"p":{"a":0,"k":[77.008,75.904,0]},"a":{"a":0,"k":[-120.992,10.903,0]},"s":{"a":0,"k":[100,100,100]}},"ao":0,"ef":[{"ty":29,"nm":"Gaussian Blur","np":5,"mn":"ADBE Gaussian Blur 2","ix":1,"en":1,"ef":[{"ty":0,"nm":"Blurriness","mn":"ADBE Gaussian Blur 2-0001","ix":1,"v":{"a":0,"k":10}},{"ty":7,"nm":"Blur Dimensions","mn":"ADBE Gaussian Blur 2-0002","ix":2,"v":{"a":0,"k":1}},{"ty":7,"nm":"Repeat Edge Pixels","mn":"ADBE Gaussian Blur 2-0003","ix":3,"v":{"a":0,"k":0}}]}],"shapes":[{"ty":"gr","it":[{"ind":0,"ty":"sh","ks":{"a":0,"k":{"i":[[-2.053,1.081],[0,0],[1.081,2.053],[0,0],[2.053,-1.081],[0,0],[-1.081,-2.053],[0,0]],"o":[[0,0],[2.053,-1.081],[0,0],[-1.081,-2.053],[0,0],[-2.053,1.081],[0,0],[1.081,2.053]],"v":[[-135.605,94.202],[-44.047,46.001],[-42.286,40.327],[-100.706,-70.635],[-106.379,-72.395],[-197.937,-24.192],[-199.697,-18.518],[-141.279,92.442]],"c":true}},"nm":"Path 1","hd":false},{"ty":"fl","c":{"a":0,"k":[0,0,0,1]},"o":{"a":0,"k":100},"r":1,"bm":0,"nm":"Fill 1","hd":false},{"ty":"tr","p":{"a":0,"k":[0,0]},"a":{"a":0,"k":[0,0]},"s":{"a":0,"k":[100,100]},"r":{"a":0,"k":0},"o":{"a":0,"k":100},"sk":{"a":0,"k":0},"sa":{"a":0,"k":0},"nm":"Transform"}],"nm":"Group 10","bm":0,"hd":false}],"ip":0,"op":210,"st":0,"bm":0}]},{"id":"comp_5","layers":[{"ddd":0,"ind":1,"ty":4,"nm":"Shape Layer 4","sr":1,"ks":{"o":{"a":0,"k":100},"r":{"a":0,"k":0},"p":{"a":0,"k":[151.931,163.438,0]},"a":{"a":0,"k":[53.965,50.969,0]},"s":{"a":0,"k":[200,200,100]}},"ao":0,"shapes":[{"ty":"gr","it":[{"ind":0,"ty":"sh","ks":{"a":0,"k":{"i":[[0,0],[0.942,-0.704],[0,0],[3.739,0],[0,0],[1.223,-1.223],[0,-1.728],[0,0],[-1.223,-1.222],[-1.73,0],[0,0],[-1.223,1.223],[0,1.728],[0,0],[0,0],[0,0],[0,0],[1.223,1.222],[1.73,0]],"o":[[-1.175,0],[0,0],[-2.991,2.243],[0,0],[-1.73,0],[-1.223,1.223],[0,0],[0,1.728],[1.223,1.223],[0,0],[1.73,0],[1.223,-1.222],[0,0],[0,0],[0,0],[0,0],[0,-1.728],[-1.223,-1.223],[0,0]],"v":[[49.221,12.814],[45.96,13.901],[43.324,15.88],[32.956,19.335],[-0.407,19.335],[-5.018,21.245],[-6.927,25.855],[-6.858,82.604],[-4.949,87.213],[-0.338,89.124],[108.337,89.124],[112.948,87.213],[114.858,82.604],[114.858,47.827],[114.789,27.486],[114.789,21.509],[114.789,19.335],[112.879,14.725],[108.268,12.814]],"c":true}},"nm":"Path 2","hd":false},{"ty":"tr","p":{"a":0,"k":[0,0]},"a":{"a":0,"k":[0,0]},"s":{"a":0,"k":[100,100]},"r":{"a":0,"k":0},"o":{"a":0,"k":100},"sk":{"a":0,"k":0},"sa":{"a":0,"k":0},"nm":"Transform"}],"nm":"Shape 1","bm":0,"hd":false},{"ty":"fl","c":{"a":0,"k":[0.98431372549,0.815810499004,0.451626257803,1]},"o":{"a":0,"k":100},"r":1,"bm":0,"nm":"Fill 1","hd":false}],"ip":0,"op":210,"st":0,"bm":0},{"ddd":0,"ind":2,"ty":4,"nm":"Shape Layer 1","parent":3,"sr":1,"ks":{"o":{"a":0,"k":30},"r":{"a":0,"k":0},"p":{"a":0,"k":[-0.017,-0.304,0]},"a":{"a":0,"k":[61.108,23.071,0]},"s":{"a":0,"k":[100,100,100]}},"ao":0,"shapes":[{"ty":"gr","it":[{"ty":"gr","it":[{"ind":0,"ty":"sh","ks":{"a":0,"k":{"i":[[1.73,0],[0,0],[0.941,-0.705],[0,0],[3.738,0],[0,0],[1.223,-1.222],[0,-1.729],[0,0],[-1.223,1.223],[-1.73,0],[0,0],[-2.991,2.243],[0,0],[-1.175,0],[0,0],[-1.222,-1.224],[0,-1.73],[0,0],[1.224,1.222]],"o":[[0,0],[-1.176,0],[0,0],[-2.991,2.244],[0,0],[-1.73,0],[-1.223,1.223],[0,0],[0,-1.729],[1.223,-1.223],[0,0],[3.739,0],[0,0],[0.941,-0.705],[0,0],[1.73,0],[1.224,1.222],[0,0],[0,-1.728],[-1.222,-1.223]],"v":[[54.338,-7.607],[-4.71,-7.607],[-7.971,-6.521],[-10.606,-4.543],[-20.975,-1.087],[-54.337,-1.087],[-58.948,0.823],[-60.858,5.434],[-60.858,7.607],[-58.948,2.997],[-54.337,1.087],[-20.298,1.087],[-9.93,-2.369],[-7.292,-4.347],[-4.033,-5.434],[54.338,-5.434],[58.948,-3.523],[60.859,1.087],[60.859,-1.087],[58.948,-5.697]],"c":true}},"nm":"Path 4","hd":false},{"ty":"tr","p":{"a":0,"k":[0,0]},"a":{"a":0,"k":[0,0]},"s":{"a":0,"k":[100,100]},"r":{"a":0,"k":0},"o":{"a":0,"k":100},"sk":{"a":0,"k":0},"sa":{"a":0,"k":0},"nm":"Transform"}],"nm":"Group 1","bm":0,"hd":false},{"ty":"fl","c":{"a":0,"k":[1,1,1,1]},"o":{"a":0,"k":100},"r":1,"bm":0,"nm":"Fill 1","hd":false},{"ty":"tr","p":{"a":0,"k":[61.107,23.071]},"a":{"a":0,"k":[0,0]},"s":{"a":0,"k":[100,100]},"r":{"a":0,"k":0},"o":{"a":0,"k":100},"sk":{"a":0,"k":0},"sa":{"a":0,"k":0},"nm":"Transform"}],"nm":"emb","bm":0,"hd":false}],"ip":0,"op":210,"st":0,"bm":0},{"ddd":0,"ind":3,"ty":4,"nm":"Shape Layer 3","sr":1,"ks":{"o":{"a":0,"k":100},"r":{"a":0,"k":0},"p":{"a":0,"k":[150,148.992,0]},"a":{"a":0,"k":[0,24.996,0]},"s":{"a":0,"k":[200,200,100]}},"ao":0,"shapes":[{"ty":"gr","it":[{"ind":0,"ty":"sh","ks":{"a":0,"k":{"i":[[0,0],[1.223,-1.223],[0,-1.73],[0,0],[0,0],[0,0],[0,0],[0,0],[0,0],[-1.223,-1.222],[-1.73,0],[0,0],[-1.223,1.224],[0,1.73],[0,0],[0,0],[0,0],[0,0],[0,0],[0,0],[1.223,1.224],[1.73,0],[0,0],[0,0],[1.763,0.846],[1.956,0]],"o":[[-1.73,0],[-1.223,1.223],[0,0],[0,0],[0,0],[0,0],[0,0],[0,0],[0,1.73],[1.223,1.224],[0,0],[1.73,0],[1.223,-1.222],[0,0],[0,0],[0,0],[0,0],[0,0],[0,0],[0,-1.73],[-1.223,-1.223],[0,0],[0,0],[-1.222,-1.526],[-1.762,-0.848],[0,0]],"v":[[-54.337,-22.821],[-58.948,-20.912],[-60.858,-16.301],[-60.858,5.433],[-60.858,7.064],[-60.858,7.608],[-60.858,29.343],[-60.858,64.12],[-60.858,66.292],[-58.948,70.902],[-54.337,72.813],[54.338,72.813],[58.949,70.902],[60.859,66.292],[60.859,64.12],[60.859,29.343],[60.859,7.064],[60.859,1.087],[60.859,-1.087],[60.859,-3.26],[58.949,-7.871],[54.338,-9.78],[-6.557,-9.78],[-13.074,-17.928],[-17.608,-21.534],[-23.257,-22.821]],"c":true}},"nm":"Path 1","hd":false},{"ty":"tr","p":{"a":0,"k":[0,0]},"a":{"a":0,"k":[0,0]},"s":{"a":0,"k":[100,100]},"r":{"a":0,"k":0},"o":{"a":0,"k":100},"sk":{"a":0,"k":0},"sa":{"a":0,"k":0},"nm":"Transform"}],"nm":"Shape 1","bm":0,"hd":false},{"ty":"fl","c":{"a":0,"k":[0.917647118662,0.674509803922,0.149019607843,1]},"o":{"a":0,"k":100},"r":1,"bm":0,"nm":"Fill 1","hd":false}],"ip":0,"op":210,"st":0,"bm":0}]},{"id":"comp_6","layers":[{"ddd":0,"ind":1,"ty":4,"nm":"top top 211","sr":1,"ks":{"o":{"a":0,"k":100},"r":{"a":0,"k":0},"p":{"a":0,"k":[92.191,18.391,0]},"a":{"a":0,"k":[-174.343,4.945,0]},"s":{"a":0,"k":[200,200,100]}},"ao":0,"shapes":[{"ty":"gr","it":[{"ind":0,"ty":"sh","ks":{"a":0,"k":{"i":[[0.615,-0.002],[0.435,0.435],[0.002,0.615],[0,0],[-0.435,0.435],[-0.615,0.002],[0,0],[-0.435,-0.435],[-0.002,-0.615],[0,0],[0.435,-0.435]],"o":[[-0.615,-0.002],[-0.435,-0.435],[0,0],[0.002,-0.615],[0.435,-0.435],[0,0],[0.615,0.002],[0.435,0.435],[0,0],[-0.002,0.615],[-0.435,0.435]],"v":[[-174.343,10.17],[-175.984,9.488],[-176.666,7.848],[-176.666,2.043],[-175.984,0.402],[-174.343,-0.28],[-174.343,-0.28],[-172.703,0.402],[-172.021,2.043],[-172.021,7.848],[-172.703,9.488]],"c":true}},"nm":"Path 1","hd":false},{"ty":"fl","c":{"a":0,"k":[0.235294118524,0.796078443527,0.956862747669,1]},"o":{"a":0,"k":100},"r":1,"bm":0,"nm":"Fill 1","hd":false},{"ty":"tr","p":{"a":0,"k":[0,0]},"a":{"a":0,"k":[0,0]},"s":{"a":0,"k":[100,100]},"r":{"a":0,"k":0},"o":{"a":0,"k":100},"sk":{"a":0,"k":0},"sa":{"a":0,"k":0},"nm":"Transform"}],"nm":"Group 1","bm":0,"hd":false}],"ip":0,"op":231,"st":0,"bm":0},{"ddd":0,"ind":2,"ty":4,"nm":"top top 311","td":1,"sr":1,"ks":{"o":{"a":0,"k":100},"r":{"a":0,"k":0},"p":{"a":0,"k":[92.191,22.141,0]},"a":{"a":0,"k":[-174.343,4.945,0]},"s":{"a":0,"k":[200,200,100]}},"ao":0,"shapes":[{"ty":"gr","it":[{"ind":0,"ty":"sh","ks":{"a":0,"k":{"i":[[0.615,-0.002],[0.435,0.435],[0.002,0.615],[0,0],[-0.435,0.435],[-0.615,0.002],[0,0],[-0.435,-0.435],[-0.002,-0.615],[0,0],[0.435,-0.435]],"o":[[-0.615,-0.002],[-0.435,-0.435],[0,0],[0.002,-0.615],[0.435,-0.435],[0,0],[0.615,0.002],[0.435,0.435],[0,0],[-0.002,0.615],[-0.435,0.435]],"v":[[-174.343,10.17],[-175.984,9.488],[-176.666,7.848],[-176.666,2.043],[-175.984,0.402],[-174.343,-0.28],[-174.343,-0.28],[-172.703,0.402],[-172.021,2.043],[-172.021,7.848],[-172.703,9.488]],"c":true}},"nm":"Path 1","hd":false},{"ty":"fl","c":{"a":0,"k":[0.235294118524,0.796078443527,0.956862747669,1]},"o":{"a":0,"k":100},"r":1,"bm":0,"nm":"Fill 1","hd":false},{"ty":"tr","p":{"a":0,"k":[0,0]},"a":{"a":0,"k":[0,0]},"s":{"a":0,"k":[100,100]},"r":{"a":0,"k":0},"o":{"a":0,"k":100},"sk":{"a":0,"k":0},"sa":{"a":0,"k":0},"nm":"Transform"}],"nm":"Group 1","bm":0,"hd":false}],"ip":0,"op":231,"st":0,"bm":0},{"ddd":0,"ind":3,"ty":4,"nm":"top shdw 211","parent":1,"tt":1,"sr":1,"ks":{"o":{"a":0,"k":20},"r":{"a":0,"k":0},"p":{"a":0,"k":[-174.343,6.07,0]},"a":{"a":0,"k":[-174.343,4.945,0]},"s":{"a":0,"k":[100,100,100]}},"ao":0,"ef":[{"ty":29,"nm":"Gaussian Blur","np":5,"mn":"ADBE Gaussian Blur 2","ix":1,"en":1,"ef":[{"ty":0,"nm":"Blurriness","mn":"ADBE Gaussian Blur 2-0001","ix":1,"v":{"a":0,"k":11.2}},{"ty":7,"nm":"Blur Dimensions","mn":"ADBE Gaussian Blur 2-0002","ix":2,"v":{"a":0,"k":3}},{"ty":7,"nm":"Repeat Edge Pixels","mn":"ADBE Gaussian Blur 2-0003","ix":3,"v":{"a":0,"k":0}}]}],"shapes":[{"ty":"gr","it":[{"ind":0,"ty":"sh","ks":{"a":0,"k":{"i":[[0.615,-0.002],[0.435,0.435],[0.002,0.615],[0,0],[-0.435,0.435],[-0.615,0.002],[0,0],[-0.435,-0.435],[-0.002,-0.615],[0,0],[0.435,-0.435]],"o":[[-0.615,-0.002],[-0.435,-0.435],[0,0],[0.002,-0.615],[0.435,-0.435],[0,0],[0.615,0.002],[0.435,0.435],[0,0],[-0.002,0.615],[-0.435,0.435]],"v":[[-174.343,10.17],[-175.984,9.488],[-176.666,7.848],[-176.666,2.043],[-175.984,0.402],[-174.343,-0.28],[-174.343,-0.28],[-172.703,0.402],[-172.021,2.043],[-172.021,7.848],[-172.703,9.488]],"c":true}},"nm":"Path 1","hd":false},{"ty":"fl","c":{"a":0,"k":[0,0,0,1]},"o":{"a":0,"k":100},"r":1,"bm":0,"nm":"Fill 1","hd":false},{"ty":"tr","p":{"a":0,"k":[0,0]},"a":{"a":0,"k":[0,0]},"s":{"a":0,"k":[100,100]},"r":{"a":0,"k":0},"o":{"a":0,"k":100},"sk":{"a":0,"k":0},"sa":{"a":0,"k":0},"nm":"Transform"}],"nm":"Group 1","bm":1,"hd":false}],"ip":0,"op":231,"st":0,"bm":0},{"ddd":0,"ind":4,"ty":4,"nm":"top top11","sr":1,"ks":{"o":{"a":0,"k":100},"r":{"a":0,"k":0},"p":{"a":0,"k":[31.813,18.391,0]},"a":{"a":0,"k":[-174.343,4.945,0]},"s":{"a":0,"k":[200,200,100]}},"ao":0,"shapes":[{"ty":"gr","it":[{"ind":0,"ty":"sh","ks":{"a":0,"k":{"i":[[0.615,-0.002],[0.435,0.435],[0.002,0.615],[0,0],[-0.435,0.435],[-0.615,0.002],[0,0],[-0.435,-0.435],[-0.002,-0.615],[0,0],[0.435,-0.435]],"o":[[-0.615,-0.002],[-0.435,-0.435],[0,0],[0.002,-0.615],[0.435,-0.435],[0,0],[0.615,0.002],[0.435,0.435],[0,0],[-0.002,0.615],[-0.435,0.435]],"v":[[-174.343,10.17],[-175.984,9.488],[-176.666,7.848],[-176.666,2.043],[-175.984,0.402],[-174.343,-0.28],[-174.343,-0.28],[-172.703,0.402],[-172.021,2.043],[-172.021,7.848],[-172.703,9.488]],"c":true}},"nm":"Path 1","hd":false},{"ty":"fl","c":{"a":0,"k":[0.235294118524,0.796078443527,0.956862747669,1]},"o":{"a":0,"k":100},"r":1,"bm":0,"nm":"Fill 1","hd":false},{"ty":"tr","p":{"a":0,"k":[0,0]},"a":{"a":0,"k":[0,0]},"s":{"a":0,"k":[100,100]},"r":{"a":0,"k":0},"o":{"a":0,"k":100},"sk":{"a":0,"k":0},"sa":{"a":0,"k":0},"nm":"Transform"}],"nm":"Group 1","bm":0,"hd":false}],"ip":0,"op":231,"st":0,"bm":0},{"ddd":0,"ind":5,"ty":4,"nm":"top top 411","td":1,"sr":1,"ks":{"o":{"a":0,"k":100},"r":{"a":0,"k":0},"p":{"a":0,"k":[31.813,23.391,0]},"a":{"a":0,"k":[-174.343,4.945,0]},"s":{"a":0,"k":[200,200,100]}},"ao":0,"shapes":[{"ty":"gr","it":[{"ind":0,"ty":"sh","ks":{"a":0,"k":{"i":[[0.615,-0.002],[0.435,0.435],[0.002,0.615],[0,0],[-0.435,0.435],[-0.615,0.002],[0,0],[-0.435,-0.435],[-0.002,-0.615],[0,0],[0.435,-0.435]],"o":[[-0.615,-0.002],[-0.435,-0.435],[0,0],[0.002,-0.615],[0.435,-0.435],[0,0],[0.615,0.002],[0.435,0.435],[0,0],[-0.002,0.615],[-0.435,0.435]],"v":[[-174.343,10.17],[-175.984,9.488],[-176.666,7.848],[-176.666,2.043],[-175.984,0.402],[-174.343,-0.28],[-174.343,-0.28],[-172.703,0.402],[-172.021,2.043],[-172.021,7.848],[-172.703,9.488]],"c":true}},"nm":"Path 1","hd":false},{"ty":"fl","c":{"a":0,"k":[0.235294118524,0.796078443527,0.956862747669,1]},"o":{"a":0,"k":100},"r":1,"bm":0,"nm":"Fill 1","hd":false},{"ty":"tr","p":{"a":0,"k":[0,0]},"a":{"a":0,"k":[0,0]},"s":{"a":0,"k":[100,100]},"r":{"a":0,"k":0},"o":{"a":0,"k":100},"sk":{"a":0,"k":0},"sa":{"a":0,"k":0},"nm":"Transform"}],"nm":"Group 1","bm":0,"hd":false}],"ip":0,"op":231,"st":0,"bm":0},{"ddd":0,"ind":6,"ty":4,"nm":"top shdw11","parent":4,"tt":1,"sr":1,"ks":{"o":{"a":0,"k":20},"r":{"a":0,"k":0},"p":{"a":0,"k":[-174.343,6.07,0]},"a":{"a":0,"k":[-174.343,4.945,0]},"s":{"a":0,"k":[100,100,100]}},"ao":0,"ef":[{"ty":29,"nm":"Gaussian Blur","np":5,"mn":"ADBE Gaussian Blur 2","ix":1,"en":1,"ef":[{"ty":0,"nm":"Blurriness","mn":"ADBE Gaussian Blur 2-0001","ix":1,"v":{"a":0,"k":11.2}},{"ty":7,"nm":"Blur Dimensions","mn":"ADBE Gaussian Blur 2-0002","ix":2,"v":{"a":0,"k":3}},{"ty":7,"nm":"Repeat Edge Pixels","mn":"ADBE Gaussian Blur 2-0003","ix":3,"v":{"a":0,"k":0}}]}],"shapes":[{"ty":"gr","it":[{"ind":0,"ty":"sh","ks":{"a":0,"k":{"i":[[0.615,-0.002],[0.435,0.435],[0.002,0.615],[0,0],[-0.435,0.435],[-0.615,0.002],[0,0],[-0.435,-0.435],[-0.002,-0.615],[0,0],[0.435,-0.435]],"o":[[-0.615,-0.002],[-0.435,-0.435],[0,0],[0.002,-0.615],[0.435,-0.435],[0,0],[0.615,0.002],[0.435,0.435],[0,0],[-0.002,0.615],[-0.435,0.435]],"v":[[-174.343,10.17],[-175.984,9.488],[-176.666,7.848],[-176.666,2.043],[-175.984,0.402],[-174.343,-0.28],[-174.343,-0.28],[-172.703,0.402],[-172.021,2.043],[-172.021,7.848],[-172.703,9.488]],"c":true}},"nm":"Path 1","hd":false},{"ty":"fl","c":{"a":0,"k":[0,0,0,1]},"o":{"a":0,"k":100},"r":1,"bm":0,"nm":"Fill 1","hd":false},{"ty":"tr","p":{"a":0,"k":[0,0]},"a":{"a":0,"k":[0,0]},"s":{"a":0,"k":[100,100]},"r":{"a":0,"k":0},"o":{"a":0,"k":100},"sk":{"a":0,"k":0},"sa":{"a":0,"k":0},"nm":"Transform"}],"nm":"Group 1","bm":1,"hd":false}],"ip":0,"op":231,"st":0,"bm":0},{"ddd":0,"ind":7,"ty":4,"nm":"calendar 311","sr":1,"ks":{"o":{"a":0,"k":100},"r":{"a":0,"k":0},"p":{"a":0,"k":[62.002,25.357,0]},"a":{"a":0,"k":[0,0,0]},"s":{"a":0,"k":[200,200,100]}},"ao":0,"shapes":[{"ty":"gr","it":[{"ind":0,"ty":"sh","ks":{"a":0,"k":{"i":[[-0.616,0],[0,0],[-0.436,-0.436],[0,-0.616],[0,0],[0,0],[0,0],[-0.436,0.436]],"o":[[0,0],[0.616,0],[0.435,0.436],[0,0],[0,0],[0,0],[0,-0.616],[0.436,-0.436]],"v":[[-22.061,-5.225],[22.061,-5.225],[23.703,-4.545],[24.383,-2.903],[24.383,5.225],[-24.383,5.225],[-24.383,-2.903],[-23.703,-4.545]],"c":true}},"nm":"Path 1","hd":false},{"ty":"gf","o":{"a":0,"k":100},"r":1,"bm":0,"g":{"p":3,"k":{"a":0,"k":[0,0.067,0.29,0.545,0.5,0.045,0.351,0.641,1,0.024,0.412,0.737]}},"s":{"a":0,"k":[11.869,21.25]},"e":{"a":0,"k":[-3.985,-8.188]},"t":1,"nm":"Gradient Fill 1","hd":false},{"ty":"tr","p":{"a":0,"k":[0,0]},"a":{"a":0,"k":[0,0]},"s":{"a":0,"k":[100,100]},"r":{"a":0,"k":0},"o":{"a":0,"k":100},"sk":{"a":0,"k":0},"sa":{"a":0,"k":0},"nm":"Transform"}],"nm":"Group 1","bm":0,"hd":false}],"ip":0,"op":231,"st":0,"bm":0},{"ddd":0,"ind":8,"ty":4,"nm":"calendar 411","sr":1,"ks":{"o":{"a":0,"k":100},"r":{"a":0,"k":0},"p":{"a":0,"k":[31.813,18.391,0]},"a":{"a":0,"k":[-174.343,4.945,0]},"s":{"a":0,"k":[200,200,100]}},"ao":0,"shapes":[{"ty":"gr","it":[{"ind":0,"ty":"sh","ks":{"a":0,"k":{"i":[[0.615,-0.002],[0.435,0.435],[0.002,0.615],[0,0],[-0.435,0.435],[-0.615,0.002],[0,0],[-0.435,-0.435],[-0.002,-0.615],[0,0],[0.435,-0.435]],"o":[[-0.615,-0.002],[-0.435,-0.435],[0,0],[0.002,-0.615],[0.435,-0.435],[0,0],[0.615,0.002],[0.435,0.435],[0,0],[-0.002,0.615],[-0.435,0.435]],"v":[[-174.343,10.17],[-175.984,9.488],[-176.666,7.848],[-176.666,2.043],[-175.984,0.402],[-174.343,-0.28],[-174.343,-0.28],[-172.703,0.402],[-172.021,2.043],[-172.021,7.848],[-172.703,9.488]],"c":true}},"nm":"Path 1","hd":false},{"ty":"fl","c":{"a":0,"k":[0.235294118524,0.796078443527,0.956862747669,1]},"o":{"a":0,"k":100},"r":1,"bm":0,"nm":"Fill 1","hd":false},{"ty":"tr","p":{"a":0,"k":[0,0]},"a":{"a":0,"k":[0,0]},"s":{"a":0,"k":[100,100]},"r":{"a":0,"k":0},"o":{"a":0,"k":100},"sk":{"a":0,"k":0},"sa":{"a":0,"k":0},"nm":"Transform"}],"nm":"Group 1","bm":0,"hd":false}],"ip":0,"op":231,"st":0,"bm":0},{"ddd":0,"ind":9,"ty":4,"nm":"calendar 511","sr":1,"ks":{"o":{"a":0,"k":100},"r":{"a":0,"k":0},"p":{"a":0,"k":[62.002,25.357,0]},"a":{"a":0,"k":[0,0,0]},"s":{"a":0,"k":[200,200,100]}},"ao":0,"shapes":[{"ty":"gr","it":[{"ind":0,"ty":"sh","ks":{"a":0,"k":{"i":[[-0.616,0],[0,0],[-0.436,-0.436],[0,-0.616],[0,0],[0,0],[0,0],[-0.436,0.436]],"o":[[0,0],[0.616,0],[0.435,0.436],[0,0],[0,0],[0,0],[0,-0.616],[0.436,-0.436]],"v":[[-22.061,-5.225],[22.061,-5.225],[23.703,-4.545],[24.383,-2.903],[24.383,5.225],[-24.383,5.225],[-24.383,-2.903],[-23.703,-4.545]],"c":true}},"nm":"Path 1","hd":false},{"ty":"gf","o":{"a":0,"k":100},"r":1,"bm":0,"g":{"p":3,"k":{"a":0,"k":[0,0.067,0.29,0.545,0.5,0.045,0.351,0.641,1,0.024,0.412,0.737]}},"s":{"a":0,"k":[11.869,21.25]},"e":{"a":0,"k":[-3.985,-8.188]},"t":1,"nm":"Gradient Fill 1","hd":false},{"ty":"tr","p":{"a":0,"k":[0,0]},"a":{"a":0,"k":[0,0]},"s":{"a":0,"k":[100,100]},"r":{"a":0,"k":0},"o":{"a":0,"k":100},"sk":{"a":0,"k":0},"sa":{"a":0,"k":0},"nm":"Transform"}],"nm":"Group 1","bm":0,"hd":false}],"ip":0,"op":231,"st":0,"bm":0},{"ddd":0,"ind":10,"ty":4,"nm":"cal windows11","sr":1,"ks":{"o":{"a":0,"k":100},"r":{"a":0,"k":0},"p":{"a":0,"k":[62.002,74.124,0]},"a":{"a":0,"k":[0,0,0]},"s":{"a":0,"k":[200,200,100]}},"ao":0,"shapes":[{"ty":"gr","it":[{"ind":0,"ty":"sh","ks":{"a":0,"k":{"i":[[0.641,0],[0,0],[0,-0.641],[0,0],[-0.641,0],[0,0],[0,0.641],[0,0]],"o":[[0,0],[-0.641,0],[0,0],[0,0.641],[0,0],[0.641,0],[0,0],[0,-0.641]],"v":[[6.967,6.386],[3.483,6.386],[2.322,7.547],[2.322,11.031],[3.483,12.192],[6.967,12.192],[8.128,11.031],[8.128,7.547]],"c":true}},"nm":"Path 1","hd":false},{"ind":1,"ty":"sh","ks":{"a":0,"k":{"i":[[0.641,0],[0,0],[0,-0.641],[0,0],[-0.641,0],[0,0],[0,0.641],[0,0]],"o":[[0,0],[-0.641,0],[0,0],[0,0.641],[0,0],[0.641,0],[0,0],[0,-0.641]],"v":[[-3.483,6.386],[-6.967,6.386],[-8.128,7.547],[-8.128,11.031],[-6.967,12.192],[-3.483,12.192],[-2.322,11.031],[-2.322,7.547]],"c":true}},"nm":"Path 2","hd":false},{"ind":2,"ty":"sh","ks":{"a":0,"k":{"i":[[0.641,0],[0,0],[0,-0.641],[0,0],[-0.641,0],[0,0],[0,0.641],[0,0]],"o":[[0,0],[-0.641,0],[0,0],[0,0.641],[0,0],[0.641,0],[0,0],[0,-0.641]],"v":[[-13.933,6.386],[-17.417,6.386],[-18.578,7.547],[-18.578,11.031],[-17.417,12.192],[-13.933,12.192],[-12.772,11.031],[-12.772,7.547]],"c":true}},"nm":"Path 3","hd":false},{"ind":3,"ty":"sh","ks":{"a":0,"k":{"i":[[0.641,0],[0,0],[0,-0.641],[0,0],[-0.641,0],[0,0],[0,0.641],[0,0]],"o":[[0,0],[-0.641,0],[0,0],[0,0.641],[0,0],[0.641,0],[0,0],[0,-0.641]],"v":[[17.417,-2.903],[13.933,-2.903],[12.772,-1.742],[12.772,1.742],[13.933,2.903],[17.417,2.903],[18.578,1.742],[18.578,-1.742]],"c":true}},"nm":"Path 4","hd":false},{"ind":4,"ty":"sh","ks":{"a":0,"k":{"i":[[0.641,0],[0,0],[0,-0.641],[0,0],[-0.641,0],[0,0],[0,0.641],[0,0]],"o":[[0,0],[-0.641,0],[0,0],[0,0.641],[0,0],[0.641,0],[0,0],[0,-0.641]],"v":[[6.967,-2.903],[3.483,-2.903],[2.322,-1.742],[2.322,1.742],[3.483,2.903],[6.967,2.903],[8.128,1.742],[8.128,-1.742]],"c":true}},"nm":"Path 5","hd":false},{"ind":5,"ty":"sh","ks":{"a":0,"k":{"i":[[0.641,0],[0,0],[0,-0.641],[0,0],[-0.641,0],[0,0],[0,0.641],[0,0]],"o":[[0,0],[-0.641,0],[0,0],[0,0.641],[0,0],[0.641,0],[0,0],[0,-0.641]],"v":[[-3.483,-2.903],[-6.967,-2.903],[-8.128,-1.742],[-8.128,1.742],[-6.967,2.903],[-3.483,2.903],[-2.322,1.742],[-2.322,-1.742]],"c":true}},"nm":"Path 6","hd":false},{"ind":6,"ty":"sh","ks":{"a":0,"k":{"i":[[0.641,0],[0,0],[0,-0.641],[0,0],[-0.641,0],[0,0],[0,0.641],[0,0]],"o":[[0,0],[-0.641,0],[0,0],[0,0.641],[0,0],[0.641,0],[0,0],[0,-0.641]],"v":[[-13.933,-2.903],[-17.417,-2.903],[-18.578,-1.742],[-18.578,1.742],[-17.417,2.903],[-13.933,2.903],[-12.772,1.742],[-12.772,-1.742]],"c":true}},"nm":"Path 7","hd":false},{"ind":7,"ty":"sh","ks":{"a":0,"k":{"i":[[0.641,0],[0,0],[0,-0.641],[0,0],[-0.641,0],[0,0],[0,0.641],[0,0]],"o":[[0,0],[-0.641,0],[0,0],[0,0.641],[0,0],[0.641,0],[0,0],[0,-0.641]],"v":[[17.417,-12.192],[13.933,-12.192],[12.772,-11.031],[12.772,-7.547],[13.933,-6.386],[17.417,-6.386],[18.578,-7.547],[18.578,-11.031]],"c":true}},"nm":"Path 8","hd":false},{"ind":8,"ty":"sh","ks":{"a":0,"k":{"i":[[0.641,0],[0,0],[0,-0.641],[0,0],[-0.641,0],[0,0],[0,0.641],[0,0]],"o":[[0,0],[-0.641,0],[0,0],[0,0.641],[0,0],[0.641,0],[0,0],[0,-0.641]],"v":[[6.967,-12.192],[3.483,-12.192],[2.322,-11.031],[2.322,-7.547],[3.483,-6.386],[6.967,-6.386],[8.128,-7.547],[8.128,-11.031]],"c":true}},"nm":"Path 9","hd":false},{"ind":9,"ty":"sh","ks":{"a":0,"k":{"i":[[0.641,0],[0,0],[0,-0.641],[0,0],[-0.641,0],[0,0],[0,0.641],[0,0]],"o":[[0,0],[-0.641,0],[0,0],[0,0.641],[0,0],[0.641,0],[0,0],[0,-0.641]],"v":[[-3.483,-12.192],[-6.967,-12.192],[-8.128,-11.031],[-8.128,-7.547],[-6.967,-6.386],[-3.483,-6.386],[-2.322,-7.547],[-2.322,-11.031]],"c":true}},"nm":"Path 10","hd":false},{"ty":"fl","c":{"a":0,"k":[0.949019610882,0.949019610882,0.949019610882,1]},"o":{"a":0,"k":100},"r":1,"bm":0,"nm":"Fill 1","hd":false},{"ty":"tr","p":{"a":0,"k":[0,0]},"a":{"a":0,"k":[0,0]},"s":{"a":0,"k":[100,100]},"r":{"a":0,"k":0},"o":{"a":0,"k":100},"sk":{"a":0,"k":0},"sa":{"a":0,"k":0},"nm":"Transform"}],"nm":"Group 1","bm":0,"hd":false}],"ip":0,"op":231,"st":0,"bm":0},{"ddd":0,"ind":11,"ty":4,"nm":"cal win shdws11","sr":1,"ks":{"o":{"a":0,"k":25},"r":{"a":0,"k":0},"p":{"a":0,"k":[62.002,76.624,0]},"a":{"a":0,"k":[0,0,0]},"s":{"a":0,"k":[200,200,100]}},"ao":0,"ef":[{"ty":29,"nm":"Gaussian Blur","np":5,"mn":"ADBE Gaussian Blur 2","ix":1,"en":1,"ef":[{"ty":0,"nm":"Blurriness","mn":"ADBE Gaussian Blur 2-0001","ix":1,"v":{"a":0,"k":9.8}},{"ty":7,"nm":"Blur Dimensions","mn":"ADBE Gaussian Blur 2-0002","ix":2,"v":{"a":0,"k":1}},{"ty":7,"nm":"Repeat Edge Pixels","mn":"ADBE Gaussian Blur 2-0003","ix":3,"v":{"a":0,"k":0}}]}],"shapes":[{"ty":"gr","it":[{"ind":0,"ty":"sh","ks":{"a":0,"k":{"i":[[0.641,0],[0,0],[0,-0.641],[0,0],[-0.641,0],[0,0],[0,0.641],[0,0]],"o":[[0,0],[-0.641,0],[0,0],[0,0.641],[0,0],[0.641,0],[0,0],[0,-0.641]],"v":[[6.967,6.386],[3.483,6.386],[2.322,7.547],[2.322,11.031],[3.483,12.192],[6.967,12.192],[8.128,11.031],[8.128,7.547]],"c":true}},"nm":"Path 1","hd":false},{"ind":1,"ty":"sh","ks":{"a":0,"k":{"i":[[0.641,0],[0,0],[0,-0.641],[0,0],[-0.641,0],[0,0],[0,0.641],[0,0]],"o":[[0,0],[-0.641,0],[0,0],[0,0.641],[0,0],[0.641,0],[0,0],[0,-0.641]],"v":[[-3.483,6.386],[-6.967,6.386],[-8.128,7.547],[-8.128,11.031],[-6.967,12.192],[-3.483,12.192],[-2.322,11.031],[-2.322,7.547]],"c":true}},"nm":"Path 2","hd":false},{"ind":2,"ty":"sh","ks":{"a":0,"k":{"i":[[0.641,0],[0,0],[0,-0.641],[0,0],[-0.641,0],[0,0],[0,0.641],[0,0]],"o":[[0,0],[-0.641,0],[0,0],[0,0.641],[0,0],[0.641,0],[0,0],[0,-0.641]],"v":[[-13.933,6.386],[-17.417,6.386],[-18.578,7.547],[-18.578,11.031],[-17.417,12.192],[-13.933,12.192],[-12.772,11.031],[-12.772,7.547]],"c":true}},"nm":"Path 3","hd":false},{"ind":3,"ty":"sh","ks":{"a":0,"k":{"i":[[0.641,0],[0,0],[0,-0.641],[0,0],[-0.641,0],[0,0],[0,0.641],[0,0]],"o":[[0,0],[-0.641,0],[0,0],[0,0.641],[0,0],[0.641,0],[0,0],[0,-0.641]],"v":[[17.417,-2.903],[13.933,-2.903],[12.772,-1.742],[12.772,1.742],[13.933,2.903],[17.417,2.903],[18.578,1.742],[18.578,-1.742]],"c":true}},"nm":"Path 4","hd":false},{"ind":4,"ty":"sh","ks":{"a":0,"k":{"i":[[0.641,0],[0,0],[0,-0.641],[0,0],[-0.641,0],[0,0],[0,0.641],[0,0]],"o":[[0,0],[-0.641,0],[0,0],[0,0.641],[0,0],[0.641,0],[0,0],[0,-0.641]],"v":[[6.967,-2.903],[3.483,-2.903],[2.322,-1.742],[2.322,1.742],[3.483,2.903],[6.967,2.903],[8.128,1.742],[8.128,-1.742]],"c":true}},"nm":"Path 5","hd":false},{"ind":5,"ty":"sh","ks":{"a":0,"k":{"i":[[0.641,0],[0,0],[0,-0.641],[0,0],[-0.641,0],[0,0],[0,0.641],[0,0]],"o":[[0,0],[-0.641,0],[0,0],[0,0.641],[0,0],[0.641,0],[0,0],[0,-0.641]],"v":[[-3.483,-2.903],[-6.967,-2.903],[-8.128,-1.742],[-8.128,1.742],[-6.967,2.903],[-3.483,2.903],[-2.322,1.742],[-2.322,-1.742]],"c":true}},"nm":"Path 6","hd":false},{"ind":6,"ty":"sh","ks":{"a":0,"k":{"i":[[0.641,0],[0,0],[0,-0.641],[0,0],[-0.641,0],[0,0],[0,0.641],[0,0]],"o":[[0,0],[-0.641,0],[0,0],[0,0.641],[0,0],[0.641,0],[0,0],[0,-0.641]],"v":[[-13.933,-2.903],[-17.417,-2.903],[-18.578,-1.742],[-18.578,1.742],[-17.417,2.903],[-13.933,2.903],[-12.772,1.742],[-12.772,-1.742]],"c":true}},"nm":"Path 7","hd":false},{"ind":7,"ty":"sh","ks":{"a":0,"k":{"i":[[0.641,0],[0,0],[0,-0.641],[0,0],[-0.641,0],[0,0],[0,0.641],[0,0]],"o":[[0,0],[-0.641,0],[0,0],[0,0.641],[0,0],[0.641,0],[0,0],[0,-0.641]],"v":[[17.417,-12.192],[13.933,-12.192],[12.772,-11.031],[12.772,-7.547],[13.933,-6.386],[17.417,-6.386],[18.578,-7.547],[18.578,-11.031]],"c":true}},"nm":"Path 8","hd":false},{"ind":8,"ty":"sh","ks":{"a":0,"k":{"i":[[0.641,0],[0,0],[0,-0.641],[0,0],[-0.641,0],[0,0],[0,0.641],[0,0]],"o":[[0,0],[-0.641,0],[0,0],[0,0.641],[0,0],[0.641,0],[0,0],[0,-0.641]],"v":[[6.967,-12.192],[3.483,-12.192],[2.322,-11.031],[2.322,-7.547],[3.483,-6.386],[6.967,-6.386],[8.128,-7.547],[8.128,-11.031]],"c":true}},"nm":"Path 9","hd":false},{"ind":9,"ty":"sh","ks":{"a":0,"k":{"i":[[0.641,0],[0,0],[0,-0.641],[0,0],[-0.641,0],[0,0],[0,0.641],[0,0]],"o":[[0,0],[-0.641,0],[0,0],[0,0.641],[0,0],[0.641,0],[0,0],[0,-0.641]],"v":[[-3.483,-12.192],[-6.967,-12.192],[-8.128,-11.031],[-8.128,-7.547],[-6.967,-6.386],[-3.483,-6.386],[-2.322,-7.547],[-2.322,-11.031]],"c":true}},"nm":"Path 10","hd":false},{"ty":"fl","c":{"a":0,"k":[0,0,0,1]},"o":{"a":0,"k":100},"r":1,"bm":0,"nm":"Fill 1","hd":false},{"ty":"tr","p":{"a":0,"k":[0,0]},"a":{"a":0,"k":[0,0]},"s":{"a":0,"k":[100,100]},"r":{"a":0,"k":0},"o":{"a":0,"k":100},"sk":{"a":0,"k":0},"sa":{"a":0,"k":0},"nm":"Transform"}],"nm":"Group 1","bm":1,"hd":false}],"ip":0,"op":231,"st":0,"bm":0},{"ddd":0,"ind":12,"ty":4,"nm":"calendar 811","sr":1,"ks":{"o":{"a":0,"k":100},"r":{"a":0,"k":0},"p":{"a":0,"k":[62.002,74.124,0]},"a":{"a":0,"k":[0,0,0]},"s":{"a":0,"k":[200,200,100]}},"ao":0,"shapes":[{"ty":"gr","it":[{"ind":0,"ty":"sh","ks":{"a":0,"k":{"i":[[0,0],[0,0],[0,0],[0.435,-0.436],[0.616,0],[0,0],[0.436,0.435],[0,0.616]],"o":[[0,0],[0,0],[0,0.616],[-0.436,0.435],[0,0],[-0.616,0],[-0.436,-0.436],[0,0]],"v":[[-24.383,-19.158],[24.383,-19.158],[24.383,16.836],[23.703,18.478],[22.061,19.158],[-22.061,19.158],[-23.703,18.478],[-24.383,16.836]],"c":true}},"nm":"Path 1","hd":false},{"ty":"gf","o":{"a":0,"k":100},"r":1,"bm":0,"g":{"p":3,"k":{"a":0,"k":[0,0.157,0.686,0.918,0.5,0.118,0.631,0.896,1,0.078,0.576,0.875]}},"s":{"a":0,"k":[16.494,28.5]},"e":{"a":0,"k":[-13.506,-24.625]},"t":1,"nm":"Gradient Fill 1","hd":false},{"ty":"tr","p":{"a":0,"k":[0,0]},"a":{"a":0,"k":[0,0]},"s":{"a":0,"k":[100,100]},"r":{"a":0,"k":0},"o":{"a":0,"k":100},"sk":{"a":0,"k":0},"sa":{"a":0,"k":0},"nm":"Transform"}],"nm":"Group 1","bm":0,"hd":false}],"ip":0,"op":231,"st":0,"bm":0},{"ddd":0,"ind":13,"ty":4,"nm":"Isolation Mode 211","sr":1,"ks":{"o":{"a":0,"k":100},"r":{"a":0,"k":0},"p":{"a":0,"k":[62,63.671,0]},"a":{"a":0,"k":[0,0,0]},"s":{"a":0,"k":[199.3,199.3,100]}},"ao":0,"shapes":[{"ty":"gr","it":[{"ind":0,"ty":"sh","ks":{"a":0,"k":{"i":[[0,-0.62],[0,0],[0.44,-0.43],[0.62,0],[0,0],[0.43,0.44],[0,0.62],[0,0],[-0.44,0.43],[-0.62,0],[0,0],[-0.43,-0.44]],"o":[[0,0],[0,0.62],[-0.43,0.44],[0,0],[-0.62,0],[-0.44,-0.43],[0,0],[0,-0.62],[0.43,-0.44],[0,0],[0.62,0],[0.44,0.43]],"v":[[24.38,-22.06],[24.38,22.06],[23.7,23.7],[22.06,24.38],[-22.06,24.38],[-23.7,23.7],[-24.38,22.06],[-24.38,-22.06],[-23.7,-23.7],[-22.06,-24.38],[22.06,-24.38],[23.7,-23.7]],"c":true}},"nm":"Path 1","hd":false},{"ty":"gf","o":{"a":0,"k":100},"r":1,"bm":0,"g":{"p":3,"k":{"a":0,"k":[0,0.267,0.609,1,0.5,0.276,0.642,1,1,0.286,0.675,1]}},"s":{"a":0,"k":[16.37,28.23]},"e":{"a":0,"k":[-16.088,-27.988]},"t":1,"nm":"Gradient Fill 1","hd":false},{"ty":"tr","p":{"a":0,"k":[0,0]},"a":{"a":0,"k":[0,0]},"s":{"a":0,"k":[100,100]},"r":{"a":0,"k":0},"o":{"a":0,"k":100},"sk":{"a":0,"k":0},"sa":{"a":0,"k":0},"nm":"Transform"}],"nm":"Group 1","bm":0,"hd":false}],"ip":0,"op":231,"st":0,"bm":0},{"ddd":0,"ind":14,"ty":4,"nm":"drop shadow the calendar11","sr":1,"ks":{"o":{"a":0,"k":25},"r":{"a":0,"k":0},"p":{"a":0,"k":[62,67.171,0]},"a":{"a":0,"k":[0,0,0]},"s":{"a":0,"k":[200,200,100]}},"ao":0,"ef":[{"ty":21,"nm":"Fill","np":9,"mn":"ADBE Fill","ix":1,"en":1,"ef":[{"ty":10,"nm":"Fill Mask","mn":"ADBE Fill-0001","ix":1,"v":{"a":0,"k":0}},{"ty":7,"nm":"All Masks","mn":"ADBE Fill-0007","ix":2,"v":{"a":0,"k":0}},{"ty":2,"nm":"Color","mn":"ADBE Fill-0002","ix":3,"v":{"a":0,"k":[0,0,0,1]}},{"ty":7,"nm":"Invert","mn":"ADBE Fill-0006","ix":4,"v":{"a":0,"k":0}},{"ty":0,"nm":"Horizontal Feather","mn":"ADBE Fill-0003","ix":5,"v":{"a":0,"k":0}},{"ty":0,"nm":"Vertical Feather","mn":"ADBE Fill-0004","ix":6,"v":{"a":0,"k":0}},{"ty":0,"nm":"Opacity","mn":"ADBE Fill-0005","ix":7,"v":{"a":0,"k":1}}]},{"ty":29,"nm":"Gaussian Blur","np":5,"mn":"ADBE Gaussian Blur 2","ix":2,"en":1,"ef":[{"ty":0,"nm":"Blurriness","mn":"ADBE Gaussian Blur 2-0001","ix":1,"v":{"a":0,"k":8}},{"ty":7,"nm":"Blur Dimensions","mn":"ADBE Gaussian Blur 2-0002","ix":2,"v":{"a":0,"k":1}},{"ty":7,"nm":"Repeat Edge Pixels","mn":"ADBE Gaussian Blur 2-0003","ix":3,"v":{"a":0,"k":0}}]}],"shapes":[{"ty":"gr","it":[{"ind":0,"ty":"sh","ks":{"a":0,"k":{"i":[[0,-0.62],[0,0],[0.44,-0.43],[0.62,0],[0,0],[0.43,0.44],[0,0.62],[0,0],[-0.44,0.43],[-0.62,0],[0,0],[-0.43,-0.44]],"o":[[0,0],[0,0.62],[-0.43,0.44],[0,0],[-0.62,0],[-0.44,-0.43],[0,0],[0,-0.62],[0.43,-0.44],[0,0],[0.62,0],[0.44,0.43]],"v":[[24.38,-22.06],[24.38,22.06],[23.7,23.7],[22.06,24.38],[-22.06,24.38],[-23.7,23.7],[-24.38,22.06],[-24.38,-22.06],[-23.7,-23.7],[-22.06,-24.38],[22.06,-24.38],[23.7,-23.7]],"c":true}},"nm":"Path 1","hd":false},{"ty":"gf","o":{"a":0,"k":100},"r":1,"bm":0,"g":{"p":3,"k":{"a":0,"k":[0,0.067,0.29,0.545,0.5,0.045,0.351,0.641,1,0.024,0.412,0.737]}},"s":{"a":0,"k":[16.37,28.23]},"e":{"a":0,"k":[-16.088,-27.988]},"t":1,"nm":"Gradient Fill 1","hd":false},{"ty":"tr","p":{"a":0,"k":[0,0]},"a":{"a":0,"k":[0,0]},"s":{"a":0,"k":[100,100]},"r":{"a":0,"k":0},"o":{"a":0,"k":100},"sk":{"a":0,"k":0},"sa":{"a":0,"k":0},"nm":"Transform"}],"nm":"Group 1","bm":0,"hd":false}],"ip":0,"op":231,"st":0,"bm":0}]}],"layers":[{"ddd":0,"ind":1,"ty":0,"nm":"08C - Authentication - Disambig to AAD - Comped - v2","refId":"comp_0","sr":1,"ks":{"o":{"a":1,"k":[{"i":{"x":[0.833],"y":[0.833]},"o":{"x":[0.167],"y":[0.167]},"t":199,"s":[100]},{"t":209,"s":[0]}]},"r":{"a":0,"k":0},"p":{"a":1,"k":[{"i":{"x":0.833,"y":0.833},"o":{"x":1,"y":0},"t":180,"s":[276,276,0],"to":[0,0,0],"ti":[0,0,0]},{"t":209,"s":[276,216,0]}]},"a":{"a":0,"k":[276,276,0]},"s":{"a":0,"k":[100,100,100]}},"ao":0,"w":552,"h":552,"ip":0,"op":210,"st":0,"bm":0}],"markers":[]}