{"v":"5.6.5","fr":60,"ip":0,"op":210,"w":552,"h":552,"nm":"34 - Autopilot - Refresh","ddd":0,"assets":[{"id":"comp_0","layers":[{"ddd":0,"ind":1,"ty":3,"nm":"Null 106","sr":1,"ks":{"o":{"a":0,"k":0,"ix":11},"r":{"a":0,"k":0,"ix":10},"p":{"a":0,"k":[276,276,0],"ix":2},"a":{"a":0,"k":[0,0,0],"ix":1},"s":{"a":0,"k":[100,100,100],"ix":6}},"ao":0,"ip":0,"op":210,"st":0,"bm":0},{"ddd":0,"ind":2,"ty":0,"nm":"35 - Autopilot - Refresh to Check","parent":1,"refId":"comp_1","sr":1,"ks":{"o":{"a":0,"k":100,"ix":11},"r":{"a":0,"k":0,"ix":10},"p":{"a":1,"k":[{"i":{"x":0.25,"y":1},"o":{"x":0.167,"y":0.167},"t":10,"s":[116,76,0],"to":[0,-26.667,0],"ti":[0,0,0]},{"i":{"x":0.75,"y":1},"o":{"x":0.1,"y":0},"t":50,"s":[116,-84,0],"to":[0,0,0],"ti":[0,0,0]},{"i":{"x":0,"y":1},"o":{"x":0.35,"y":0},"t":62,"s":[116,-72.455,0],"to":[0,0,0],"ti":[0,0,0]},{"t":85,"s":[116,-74,0]}],"ix":2},"a":{"a":0,"k":[392,202,0],"ix":1},"s":{"a":1,"k":[{"i":{"x":[0,0,0.833],"y":[1,1,-10.111]},"o":{"x":[0.167,0.167,0.167],"y":[0.167,0.167,0]},"t":10,"s":[0,0,100]},{"t":50,"s":[100,100,100]}],"ix":6}},"ao":0,"w":552,"h":552,"ip":10,"op":220,"st":10,"bm":0},{"ddd":0,"ind":3,"ty":0,"nm":"30 - Scotty - Laptop","parent":7,"td":1,"refId":"comp_2","sr":1,"ks":{"o":{"a":0,"k":100,"ix":11},"r":{"a":0,"k":0,"ix":10},"p":{"a":0,"k":[276,276,0],"ix":2},"a":{"a":0,"k":[276,276,0],"ix":1},"s":{"a":0,"k":[100,100,100],"ix":6}},"ao":0,"w":552,"h":552,"ip":10,"op":210,"st":0,"bm":0},{"ddd":0,"ind":4,"ty":4,"nm":"sync_shdw","parent":2,"tt":1,"sr":1,"ks":{"o":{"a":0,"k":10,"ix":11},"r":{"a":0,"k":0,"ix":10},"p":{"a":0,"k":[387.453,207.314,0],"ix":2},"a":{"a":0,"k":[67.459,67.459,0],"ix":1},"s":{"a":0,"k":[99.639,99.639,100],"ix":6}},"ao":0,"ef":[{"ty":29,"nm":"Gaussian Blur","np":5,"mn":"ADBE Gaussian Blur 2","ix":1,"en":1,"ef":[{"ty":0,"nm":"Blurriness","mn":"ADBE Gaussian Blur 2-0001","ix":1,"v":{"a":0,"k":25,"ix":1}},{"ty":7,"nm":"Blur Dimensions","mn":"ADBE Gaussian Blur 2-0002","ix":2,"v":{"a":0,"k":1,"ix":2}},{"ty":7,"nm":"Repeat Edge Pixels","mn":"ADBE Gaussian Blur 2-0003","ix":3,"v":{"a":0,"k":0,"ix":3}}]}],"shapes":[{"ty":"gr","it":[{"ind":0,"ty":"sh","ix":1,"ks":{"a":0,"k":{"i":[[0,-37.118],[37.118,0],[0,37.119],[-37.118,0]],"o":[[0,37.119],[-37.118,0],[0,-37.118],[37.118,0]],"v":[[67.209,-0.001],[0.001,67.208],[-67.209,-0.001],[0.001,-67.208]],"c":true},"ix":2},"nm":"Path 1","mn":"ADBE Vector Shape - Group","hd":false},{"ty":"fl","c":{"a":0,"k":[0,0,0,1],"ix":4},"o":{"a":0,"k":100,"ix":5},"r":1,"bm":0,"nm":"Fill 1","mn":"ADBE Vector Graphic - Fill","hd":false},{"ty":"tr","p":{"a":0,"k":[67.459,67.459],"ix":2},"a":{"a":0,"k":[0,0],"ix":1},"s":{"a":0,"k":[100,100],"ix":3},"r":{"a":0,"k":0,"ix":6},"o":{"a":0,"k":100,"ix":7},"sk":{"a":0,"k":0,"ix":4},"sa":{"a":0,"k":0,"ix":5},"nm":"Transform"}],"nm":"Group 3","np":2,"cix":2,"bm":0,"ix":1,"mn":"ADBE Vector Group","hd":false}],"ip":10,"op":224,"st":10,"bm":0},{"ddd":0,"ind":6,"ty":0,"nm":"35 - Autopilot - Content","parent":7,"refId":"comp_3","sr":1,"ks":{"o":{"a":1,"k":[{"i":{"x":[0.833],"y":[0.833]},"o":{"x":[0.167],"y":[0.167]},"t":0,"s":[0]},{"t":5,"s":[100]}],"ix":11},"r":{"a":0,"k":0,"ix":10},"p":{"a":1,"k":[{"i":{"x":0,"y":1},"o":{"x":0.167,"y":0.167},"t":0,"s":[251.294,311.294,0],"to":[0,-9.804,0],"ti":[0,9.804,0]},{"t":50,"s":[251.294,252.471,0]}],"ix":2},"a":{"a":0,"k":[276,276,0],"ix":1},"s":{"a":1,"k":[{"i":{"x":[0,0,0.833],"y":[1,1,1.694]},"o":{"x":[0.167,0.167,0.167],"y":[0.167,0.167,-0.833]},"t":0,"s":[90,90,100]},{"t":50,"s":[100,100,100]}],"ix":6}},"ao":0,"w":552,"h":552,"ip":0,"op":210,"st":0,"bm":0},{"ddd":0,"ind":7,"ty":0,"nm":"30 - Scotty - Laptop","parent":1,"refId":"comp_2","sr":1,"ks":{"o":{"a":1,"k":[{"i":{"x":[0.833],"y":[0.833]},"o":{"x":[0.167],"y":[0.167]},"t":0,"s":[0]},{"t":6,"s":[100]}],"ix":11},"r":{"a":0,"k":0,"ix":10},"p":{"a":1,"k":[{"i":{"x":0.25,"y":1},"o":{"x":0.167,"y":0.167},"t":0,"s":[21,85,0],"to":[0,-11.583,0],"ti":[0,0,0]},{"i":{"x":0,"y":1},"o":{"x":0.1,"y":0},"t":35,"s":[21,15.5,0],"to":[0,0,0],"ti":[0,0,0]},{"t":85,"s":[21,20,0]}],"ix":2},"a":{"a":0,"k":[276,276,0],"ix":1},"s":{"a":0,"k":[85,85,100],"ix":6}},"ao":0,"w":552,"h":552,"ip":0,"op":210,"st":0,"bm":0}]},{"id":"comp_1","layers":[{"ddd":0,"ind":1,"ty":4,"nm":"sync_emb_msk","parent":5,"td":1,"sr":1,"ks":{"o":{"a":0,"k":100,"ix":11},"r":{"a":0,"k":0,"ix":10},"p":{"a":0,"k":[67.459,67.459,0],"ix":2},"a":{"a":0,"k":[67.459,67.459,0],"ix":1},"s":{"a":0,"k":[100,100,100],"ix":6}},"ao":0,"shapes":[{"ty":"gr","it":[{"ind":0,"ty":"sh","ix":1,"ks":{"a":0,"k":{"i":[[0,-37.118],[37.118,0],[0,37.119],[-37.118,0]],"o":[[0,37.119],[-37.118,0],[0,-37.118],[37.118,0]],"v":[[67.209,-0.001],[0.001,67.208],[-67.209,-0.001],[0.001,-67.208]],"c":true},"ix":2},"nm":"Path 1","mn":"ADBE Vector Shape - Group","hd":false},{"ty":"fl","c":{"a":0,"k":[0,0,0,1],"ix":4},"o":{"a":0,"k":100,"ix":5},"r":1,"bm":0,"nm":"Fill 1","mn":"ADBE Vector Graphic - Fill","hd":false},{"ty":"tr","p":{"a":0,"k":[67.459,67.459],"ix":2},"a":{"a":0,"k":[0,0],"ix":1},"s":{"a":0,"k":[100,100],"ix":3},"r":{"a":0,"k":0,"ix":6},"o":{"a":0,"k":100,"ix":7},"sk":{"a":0,"k":0,"ix":4},"sa":{"a":0,"k":0,"ix":5},"nm":"Transform"}],"nm":"Group 3","np":2,"cix":2,"bm":0,"ix":1,"mn":"ADBE Vector Group","hd":false}],"ip":0,"op":214,"st":0,"bm":0},{"ddd":0,"ind":2,"ty":4,"nm":"sync_emb","parent":5,"tt":1,"sr":1,"ks":{"o":{"a":0,"k":50,"ix":11},"r":{"a":0,"k":0,"ix":10},"p":{"a":0,"k":[67.459,67.459,0],"ix":2},"a":{"a":0,"k":[67.459,67.459,0],"ix":1},"s":{"a":0,"k":[100,100,100],"ix":6}},"ao":0,"ef":[{"ty":29,"nm":"Gaussian Blur","np":5,"mn":"ADBE Gaussian Blur 2","ix":1,"en":1,"ef":[{"ty":0,"nm":"Blurriness","mn":"ADBE Gaussian Blur 2-0001","ix":1,"v":{"a":0,"k":20,"ix":1}},{"ty":7,"nm":"Blur Dimensions","mn":"ADBE Gaussian Blur 2-0002","ix":2,"v":{"a":0,"k":1,"ix":2}},{"ty":7,"nm":"Repeat Edge Pixels","mn":"ADBE Gaussian Blur 2-0003","ix":3,"v":{"a":0,"k":0,"ix":3}}]}],"shapes":[{"ty":"gr","it":[{"ind":0,"ty":"sh","ix":1,"ks":{"a":0,"k":{"i":[[0,-38.54],[38.54,0],[0,38.541],[-38.54,0]],"o":[[0,38.541],[-38.54,0],[0,-38.54],[38.54,0]],"v":[[67.209,-2.574],[-2.573,67.208],[-72.356,-2.574],[-2.573,-72.356]],"c":true},"ix":2},"nm":"Path 1","mn":"ADBE Vector Shape - Group","hd":false},{"ty":"st","c":{"a":0,"k":[0,0,0,1],"ix":3},"o":{"a":0,"k":100,"ix":4},"w":{"a":0,"k":2,"ix":5},"lc":1,"lj":1,"ml":4,"bm":0,"nm":"Stroke 1","mn":"ADBE Vector Graphic - Stroke","hd":false},{"ty":"tr","p":{"a":0,"k":[67.459,67.459],"ix":2},"a":{"a":0,"k":[0,0],"ix":1},"s":{"a":0,"k":[100,100],"ix":3},"r":{"a":0,"k":0,"ix":6},"o":{"a":0,"k":100,"ix":7},"sk":{"a":0,"k":0,"ix":4},"sa":{"a":0,"k":0,"ix":5},"nm":"Transform"}],"nm":"Group 3","np":2,"cix":2,"bm":0,"ix":1,"mn":"ADBE Vector Group","hd":false}],"ip":0,"op":214,"st":0,"bm":0},{"ddd":0,"ind":3,"ty":4,"nm":"Check","parent":5,"sr":1,"ks":{"o":{"a":0,"k":100,"ix":11},"r":{"a":0,"k":0,"ix":10},"p":{"a":0,"k":[68.121,66.963,0],"ix":2},"a":{"a":0,"k":[48.469,48.47,0],"ix":1},"s":{"a":0,"k":[222.149,222.149,100],"ix":6}},"ao":0,"shapes":[{"ty":"gr","it":[{"ind":0,"ty":"sh","ix":1,"ks":{"a":0,"k":{"i":[[0,0],[0,0],[0,0]],"o":[[0,0],[0,0],[0,0]],"v":[[31.387,51.368],[41.051,61.141],[61.186,41.033]],"c":false},"ix":2},"nm":"Path 1","mn":"ADBE Vector Shape - Group","hd":false},{"ty":"st","c":{"a":0,"k":[1,1,1,1],"ix":3},"o":{"a":0,"k":100,"ix":4},"w":{"a":0,"k":5,"ix":5},"lc":2,"lj":2,"bm":0,"nm":"Stroke 1","mn":"ADBE Vector Graphic - Stroke","hd":false},{"ty":"tm","s":{"a":0,"k":0,"ix":1},"e":{"a":1,"k":[{"i":{"x":[0],"y":[1]},"o":{"x":[0.167],"y":[0.167]},"t":52,"s":[0]},{"t":90,"s":[100]}],"ix":2},"o":{"a":0,"k":0,"ix":3},"m":1,"ix":3,"nm":"Trim Paths 1","mn":"ADBE Vector Filter - Trim","hd":false},{"ty":"tr","p":{"a":0,"k":[0,0],"ix":2},"a":{"a":0,"k":[0,0],"ix":1},"s":{"a":0,"k":[100,100],"ix":3},"r":{"a":0,"k":0,"ix":6},"o":{"a":0,"k":100,"ix":7},"sk":{"a":0,"k":0,"ix":4},"sa":{"a":0,"k":0,"ix":5},"nm":"Transform"}],"nm":"Shape 1","np":4,"cix":2,"bm":0,"ix":1,"mn":"ADBE Vector Group","hd":false}],"ip":52,"op":262,"st":52,"bm":0},{"ddd":0,"ind":4,"ty":4,"nm":"sync 2","parent":5,"sr":1,"ks":{"o":{"a":0,"k":100,"ix":11},"r":{"a":1,"k":[{"i":{"x":[0.15],"y":[1]},"o":{"x":[0.167],"y":[0.167]},"t":0,"s":[-219]},{"t":90,"s":[360]}],"ix":10},"p":{"a":0,"k":[67.459,67.459,0],"ix":2},"a":{"a":0,"k":[67.459,67.459,0],"ix":1},"s":{"a":0,"k":[100,100,100],"ix":6}},"ao":0,"shapes":[{"ty":"gr","it":[{"ind":0,"ty":"sh","ix":1,"ks":{"a":0,"k":{"i":[[-0.944,0.944],[0,0],[0,-2.153],[0,0],[-0.802,0.411],[0,12.692],[0.463,2.213],[-0.842,-0.875],[0,-9.131],[16.829,-2.609],[0,-0.603],[0,0],[1.523,1.522],[0,0]],"o":[[0,0],[1.523,-1.523],[0,0],[0,0.901],[10.584,-5.431],[0,-2.261],[-0.248,-1.187],[6.342,6.587],[0,17.548],[-0.595,0.093],[0,0],[0,2.153],[0,0],[-0.944,-0.944]],"v":[[-27.299,10.916],[-6.678,-9.706],[-2.551,-7.997],[-2.551,0.286],[-0.794,1.369],[17.053,-27.778],[16.354,-34.519],[18.408,-35.605],[28.243,-11.229],[-1.511,23.506],[-2.551,24.702],[-2.551,33.248],[-6.678,34.958],[-27.299,14.335]],"c":true},"ix":2},"nm":"Path 1","mn":"ADBE Vector Shape - Group","hd":false},{"ty":"fl","c":{"a":0,"k":[1,1,1,1],"ix":4},"o":{"a":0,"k":100,"ix":5},"r":1,"bm":0,"nm":"Fill 1","mn":"ADBE Vector Graphic - Fill","hd":false},{"ty":"tr","p":{"a":0,"k":[92.392,47.536],"ix":2},"a":{"a":0,"k":[17.75,-34],"ix":1},"s":{"a":0,"k":[100,100],"ix":3},"r":{"a":0,"k":0,"ix":6},"o":{"a":0,"k":100,"ix":7},"sk":{"a":0,"k":0,"ix":4},"sa":{"a":0,"k":0,"ix":5},"nm":"Transform"}],"nm":"Group 1","np":2,"cix":2,"bm":0,"ix":1,"mn":"ADBE Vector Group","hd":false},{"ty":"gr","it":[{"ind":0,"ty":"sh","ix":1,"ks":{"a":0,"k":{"i":[[0.944,-0.944],[0,0],[0,2.153],[0,0],[0.802,-0.411],[0,-12.692],[-0.463,-2.213],[0.842,0.875],[0,9.131],[-16.829,2.609],[0,0.603],[0,0],[-1.524,-1.522],[0,0]],"o":[[0,0],[-1.524,1.523],[0,0],[0,-0.901],[-10.584,5.431],[0,2.261],[0.248,1.187],[-6.342,-6.587],[0,-17.548],[0.595,-0.093],[0,0],[0,-2.153],[0,0],[0.944,0.944]],"v":[[27.3,-10.917],[6.678,9.706],[2.55,7.997],[2.55,-0.286],[0.794,-1.369],[-17.054,27.777],[-16.355,34.519],[-18.408,35.605],[-28.243,11.229],[1.511,-23.506],[2.55,-24.702],[2.55,-33.249],[6.678,-34.958],[27.3,-14.335]],"c":true},"ix":2},"nm":"Path 1","mn":"ADBE Vector Shape - Group","hd":false},{"ty":"fl","c":{"a":0,"k":[1,1,1,1],"ix":4},"o":{"a":0,"k":100,"ix":5},"r":1,"bm":0,"nm":"Fill 1","mn":"ADBE Vector Graphic - Fill","hd":false},{"ty":"tr","p":{"a":0,"k":[40.365,86.88],"ix":2},"a":{"a":0,"k":[-18.5,33.5],"ix":1},"s":{"a":0,"k":[100,100],"ix":3},"r":{"a":0,"k":0,"ix":6},"o":{"a":0,"k":100,"ix":7},"sk":{"a":0,"k":0,"ix":4},"sa":{"a":0,"k":0,"ix":5},"nm":"Transform"}],"nm":"Group 2","np":2,"cix":2,"bm":0,"ix":2,"mn":"ADBE Vector Group","hd":false}],"ip":0,"op":52,"st":0,"bm":0},{"ddd":0,"ind":5,"ty":4,"nm":"sync","sr":1,"ks":{"o":{"a":0,"k":100,"ix":11},"r":{"a":0,"k":0,"ix":10},"p":{"a":0,"k":[390.94,203.325,0],"ix":2},"a":{"a":0,"k":[67.459,67.459,0],"ix":1},"s":{"a":0,"k":[99.639,99.639,100],"ix":6}},"ao":0,"shapes":[{"ty":"gr","it":[{"ind":0,"ty":"sh","ix":1,"ks":{"a":0,"k":{"i":[[0,-37.118],[37.118,0],[0,37.119],[-37.118,0]],"o":[[0,37.119],[-37.118,0],[0,-37.118],[37.118,0]],"v":[[67.209,-0.001],[0.001,67.208],[-67.209,-0.001],[0.001,-67.208]],"c":true},"ix":2},"nm":"Path 1","mn":"ADBE Vector Shape - Group","hd":false},{"ty":"gf","o":{"a":0,"k":100,"ix":10},"r":1,"bm":0,"g":{"p":3,"k":{"a":0,"k":[0,0,0.753,0.647,0.5,0.227,0.837,0.753,1,0.455,0.922,0.859],"ix":9}},"s":{"a":0,"k":[24.75,45.25],"ix":5},"e":{"a":0,"k":[-23.75,-51],"ix":6},"t":1,"nm":"Gradient Fill 1","mn":"ADBE Vector Graphic - G-Fill","hd":false},{"ty":"tr","p":{"a":0,"k":[67.459,67.459],"ix":2},"a":{"a":0,"k":[0,0],"ix":1},"s":{"a":0,"k":[100,100],"ix":3},"r":{"a":0,"k":0,"ix":6},"o":{"a":0,"k":100,"ix":7},"sk":{"a":0,"k":0,"ix":4},"sa":{"a":0,"k":0,"ix":5},"nm":"Transform"}],"nm":"Group 3","np":2,"cix":2,"bm":0,"ix":1,"mn":"ADBE Vector Group","hd":false}],"ip":0,"op":210,"st":0,"bm":0}]},{"id":"comp_2","layers":[{"ddd":0,"ind":1,"ty":3,"nm":"Null 96","sr":1,"ks":{"o":{"a":0,"k":0,"ix":11},"r":{"a":0,"k":0,"ix":10},"p":{"a":0,"k":[252,221,0],"ix":2},"a":{"a":0,"k":[0,0,0],"ix":1},"s":{"a":0,"k":[115,115,100],"ix":6}},"ao":0,"ip":0,"op":210,"st":0,"bm":0},{"ddd":0,"ind":3,"ty":4,"nm":"Laptop - Base 2","parent":5,"td":1,"sr":1,"ks":{"o":{"a":0,"k":100,"ix":11},"r":{"a":0,"k":0,"ix":10},"p":{"a":0,"k":[146.529,163.594,0],"ix":2},"a":{"a":0,"k":[146.529,163.594,0],"ix":1},"s":{"a":0,"k":[100,100,100],"ix":6}},"ao":0,"shapes":[{"ty":"gr","it":[{"ind":0,"ty":"sh","ix":1,"ks":{"a":1,"k":[{"i":{"x":0,"y":1},"o":{"x":0.167,"y":0.167},"t":0,"s":[{"i":[[0,0],[0,0],[0,0],[3.717,0],[0,0],[0,3.718]],"o":[[0,0],[0,0],[0,3.718],[0,0],[-3.717,0],[0,0]],"v":[[-146.279,-6.885],[146.279,-6.885],[146.279,-2.345],[139.549,1.886],[-139.548,1.886],[-146.279,-2.345]],"c":true}]},{"t":40,"s":[{"i":[[0,0],[0,0],[0,0],[3.717,0],[0,0],[0,3.718]],"o":[[0,0],[0,0],[0,3.718],[0,0],[-3.717,0],[0,0]],"v":[[-146.279,-6.885],[146.279,-6.885],[146.279,0.155],[139.549,6.886],[-139.548,6.886],[-146.279,0.155]],"c":true}]}],"ix":2},"nm":"Path 1","mn":"ADBE Vector Shape - Group","hd":false},{"ty":"fl","c":{"a":0,"k":[0.732999973671,0.732999973671,0.732999973671,1],"ix":4},"o":{"a":0,"k":100,"ix":5},"r":1,"bm":0,"nm":"Fill 1","mn":"ADBE Vector Graphic - Fill","hd":false},{"ty":"tr","p":{"a":0,"k":[146.529,163.594],"ix":2},"a":{"a":0,"k":[0,0],"ix":1},"s":{"a":0,"k":[100,100],"ix":3},"r":{"a":0,"k":0,"ix":6},"o":{"a":0,"k":100,"ix":7},"sk":{"a":0,"k":0,"ix":4},"sa":{"a":0,"k":0,"ix":5},"nm":"Transform"}],"nm":"Group 1","np":2,"cix":2,"bm":0,"ix":1,"mn":"ADBE Vector Group","hd":false}],"ip":0,"op":210,"st":0,"bm":0},{"ddd":0,"ind":4,"ty":4,"nm":"laptop_emb 2","parent":5,"tt":1,"sr":1,"ks":{"o":{"a":0,"k":30,"ix":11},"r":{"a":0,"k":0,"ix":10},"p":{"a":1,"k":[{"i":{"x":0,"y":1},"o":{"x":0.167,"y":0.167},"t":0,"s":[143.779,77.865,0],"to":[0,0.833,0],"ti":[0,-0.833,0]},{"t":40,"s":[143.779,82.865,0]}],"ix":2},"a":{"a":0,"k":[146.529,85.365,0],"ix":1},"s":{"a":0,"k":[100,100,100],"ix":6}},"ao":0,"ef":[{"ty":29,"nm":"Gaussian Blur","np":5,"mn":"ADBE Gaussian Blur 2","ix":1,"en":1,"ef":[{"ty":0,"nm":"Blurriness","mn":"ADBE Gaussian Blur 2-0001","ix":1,"v":{"a":0,"k":7,"ix":1}},{"ty":7,"nm":"Blur Dimensions","mn":"ADBE Gaussian Blur 2-0002","ix":2,"v":{"a":0,"k":1,"ix":2}},{"ty":7,"nm":"Repeat Edge Pixels","mn":"ADBE Gaussian Blur 2-0003","ix":3,"v":{"a":0,"k":0,"ix":3}}]}],"shapes":[{"ty":"gr","it":[{"ind":0,"ty":"sh","ix":1,"ks":{"a":0,"k":{"i":[[0,0],[0,0],[0,0],[3.717,0],[0,0],[0,3.718]],"o":[[0,0],[0,0],[0,3.718],[0,0],[-3.717,0],[0,0]],"v":[[-146.279,-6.885],[146.279,-6.885],[146.279,0.155],[139.549,6.886],[-139.548,6.886],[-146.279,0.155]],"c":true},"ix":2},"nm":"Path 1","mn":"ADBE Vector Shape - Group","hd":false},{"ty":"st","c":{"a":0,"k":[0,0,0,1],"ix":3},"o":{"a":0,"k":100,"ix":4},"w":{"a":0,"k":1,"ix":5},"lc":1,"lj":1,"ml":4,"bm":0,"nm":"Stroke 1","mn":"ADBE Vector Graphic - Stroke","hd":false},{"ty":"tr","p":{"a":0,"k":[146.529,163.594],"ix":2},"a":{"a":0,"k":[0,0],"ix":1},"s":{"a":0,"k":[102.35,141.849],"ix":3},"r":{"a":0,"k":0,"ix":6},"o":{"a":0,"k":100,"ix":7},"sk":{"a":0,"k":0,"ix":4},"sa":{"a":0,"k":0,"ix":5},"nm":"Transform"}],"nm":"Group 1","np":2,"cix":2,"bm":0,"ix":1,"mn":"ADBE Vector Group","hd":false}],"ip":0,"op":210,"st":0,"bm":0},{"ddd":0,"ind":5,"ty":4,"nm":"Laptop - Base","parent":1,"sr":1,"ks":{"o":{"a":0,"k":100,"ix":11},"r":{"a":0,"k":0,"ix":10},"p":{"a":1,"k":[{"i":{"x":0,"y":1},"o":{"x":0.167,"y":0.167},"t":0,"s":[-2.438,154.495,0],"to":[0,-8.333,0],"ti":[0,8.333,0]},{"t":40,"s":[-2.438,104.495,0]}],"ix":2},"a":{"a":0,"k":[146.529,163.594,0],"ix":1},"s":{"a":0,"k":[100,100,100],"ix":6}},"ao":0,"shapes":[{"ty":"gr","it":[{"ind":0,"ty":"sh","ix":1,"ks":{"a":1,"k":[{"i":{"x":0,"y":1},"o":{"x":0.167,"y":0.167},"t":0,"s":[{"i":[[0,0],[0,0],[0,0],[3.717,0],[0,0],[0,3.718]],"o":[[0,0],[0,0],[0,3.718],[0,0],[-3.717,0],[0,0]],"v":[[-146.279,-6.885],[146.279,-6.885],[146.279,-2.345],[139.549,1.886],[-139.548,1.886],[-146.279,-2.345]],"c":true}]},{"t":40,"s":[{"i":[[0,0],[0,0],[0,0],[3.717,0],[0,0],[0,3.718]],"o":[[0,0],[0,0],[0,3.718],[0,0],[-3.717,0],[0,0]],"v":[[-146.279,-6.885],[146.279,-6.885],[146.279,0.155],[139.549,6.886],[-139.548,6.886],[-146.279,0.155]],"c":true}]}],"ix":2},"nm":"Path 1","mn":"ADBE Vector Shape - Group","hd":false},{"ty":"fl","c":{"a":0,"k":[0.732999973671,0.732999973671,0.732999973671,1],"ix":4},"o":{"a":0,"k":100,"ix":5},"r":1,"bm":0,"nm":"Fill 1","mn":"ADBE Vector Graphic - Fill","hd":false},{"ty":"tr","p":{"a":0,"k":[146.529,163.594],"ix":2},"a":{"a":0,"k":[0,0],"ix":1},"s":{"a":0,"k":[100,100],"ix":3},"r":{"a":0,"k":0,"ix":6},"o":{"a":0,"k":100,"ix":7},"sk":{"a":0,"k":0,"ix":4},"sa":{"a":0,"k":0,"ix":5},"nm":"Transform"}],"nm":"Group 1","np":2,"cix":2,"bm":0,"ix":1,"mn":"ADBE Vector Group","hd":false}],"ip":0,"op":210,"st":0,"bm":0},{"ddd":0,"ind":6,"ty":4,"nm":"laptop_screen_emb_mask 2","parent":9,"td":1,"sr":1,"ks":{"o":{"a":0,"k":100,"ix":11},"r":{"a":0,"k":0,"ix":10},"p":{"a":0,"k":[146.529,85.365,0],"ix":2},"a":{"a":0,"k":[146.529,85.365,0],"ix":1},"s":{"a":0,"k":[100,100,100],"ix":6}},"ao":0,"shapes":[{"ty":"gr","it":[{"ind":0,"ty":"sh","ix":1,"ks":{"a":1,"k":[{"i":{"x":0,"y":1},"o":{"x":0.167,"y":0.167},"t":0,"s":[{"i":[[1.858,0],[0,0],[0.613,0.641],[0,0.901],[0,0],[-1.859,0],[0,0],[0,-1.859],[0,0]],"o":[[0,0],[-0.957,0],[-0.577,-0.604],[0,0],[0,-1.859],[0,0],[1.858,0],[0,0],[0,1.858]],"v":[[111.789,81.009],[-111.788,81.009],[-114.222,79.968],[-115.154,77.644],[-130.154,17.357],[-126.788,13.992],[126.789,13.992],[130.154,17.357],[115.154,77.644]],"c":true}]},{"t":40,"s":[{"i":[[1.858,0],[0,0],[0.613,0.641],[0,0.902],[0,0],[-1.859,0],[0,0],[0,-1.859],[0,0]],"o":[[0,0],[-0.957,0],[-0.578,-0.604],[0,0],[0,-1.859],[0,0],[1.858,0],[0,0],[0,1.858]],"v":[[116.789,66.008],[-116.788,66.008],[-119.221,64.969],[-120.154,62.644],[-120.154,-62.643],[-116.788,-66.008],[116.789,-66.008],[120.154,-62.643],[120.154,62.644]],"c":true}]}],"ix":2},"nm":"Path 1","mn":"ADBE Vector Shape - Group","hd":false},{"ty":"fl","c":{"a":0,"k":[0.745000023935,0.745000023935,0.745000023935,1],"ix":4},"o":{"a":0,"k":100,"ix":5},"r":1,"bm":0,"nm":"Fill 1","mn":"ADBE Vector Graphic - Fill","hd":false},{"ty":"tr","p":{"a":0,"k":[146.526,81.81],"ix":2},"a":{"a":0,"k":[0,0],"ix":1},"s":{"a":0,"k":[100,100],"ix":3},"r":{"a":0,"k":0,"ix":6},"o":{"a":0,"k":100,"ix":7},"sk":{"a":0,"k":0,"ix":4},"sa":{"a":0,"k":0,"ix":5},"nm":"Transform"}],"nm":"Group 3","np":2,"cix":2,"bm":0,"ix":1,"mn":"ADBE Vector Group","hd":false}],"ip":0,"op":210,"st":0,"bm":0},{"ddd":0,"ind":7,"ty":4,"nm":"laptop_screen_emb 2","parent":9,"tt":1,"sr":1,"ks":{"o":{"a":0,"k":30,"ix":11},"r":{"a":0,"k":0,"ix":10},"p":{"a":0,"k":[146.529,85.365,0],"ix":2},"a":{"a":0,"k":[146.529,85.365,0],"ix":1},"s":{"a":0,"k":[100,100,100],"ix":6}},"ao":0,"ef":[{"ty":29,"nm":"Gaussian Blur","np":5,"mn":"ADBE Gaussian Blur 2","ix":1,"en":1,"ef":[{"ty":0,"nm":"Blurriness","mn":"ADBE Gaussian Blur 2-0001","ix":1,"v":{"a":0,"k":7,"ix":1}},{"ty":7,"nm":"Blur Dimensions","mn":"ADBE Gaussian Blur 2-0002","ix":2,"v":{"a":0,"k":1,"ix":2}},{"ty":7,"nm":"Repeat Edge Pixels","mn":"ADBE Gaussian Blur 2-0003","ix":3,"v":{"a":0,"k":0,"ix":3}}]}],"shapes":[{"ty":"gr","it":[{"ind":0,"ty":"sh","ix":1,"ks":{"a":1,"k":[{"i":{"x":0,"y":1},"o":{"x":0.167,"y":0.167},"t":0,"s":[{"i":[[1.858,0],[0,0],[0,1.858],[0,0],[-1.859,0],[0,0],[0,-1.859],[0,0]],"o":[[0,0],[-1.859,0],[0,0],[0,-1.859],[0,0],[1.858,0],[0,0],[0,1.858]],"v":[[111.847,80.834],[-111.847,80.834],[-115.212,77.469],[-130.037,16.427],[-126.672,13.061],[126.672,13.061],[130.037,16.427],[115.212,77.469]],"c":true}]},{"t":40,"s":[{"i":[[1.858,0],[0,0],[0,1.858],[0,0],[-1.859,0],[0,0],[0,-1.859],[0,0]],"o":[[0,0],[-1.859,0],[0,0],[0,-1.859],[0,0],[1.858,0],[0,0],[0,1.858]],"v":[[116.789,66.008],[-116.788,66.008],[-120.154,62.644],[-120.154,-62.643],[-116.788,-66.008],[116.789,-66.008],[120.154,-62.643],[120.154,62.644]],"c":true}]}],"ix":2},"nm":"Path 1","mn":"ADBE Vector Shape - Group","hd":false},{"ty":"st","c":{"a":0,"k":[0,0,0,1],"ix":3},"o":{"a":0,"k":100,"ix":4},"w":{"a":0,"k":1,"ix":5},"lc":1,"lj":1,"ml":4,"bm":0,"nm":"Stroke 1","mn":"ADBE Vector Graphic - Stroke","hd":false},{"ty":"tr","p":{"a":0,"k":[146.526,81.81],"ix":2},"a":{"a":0,"k":[0,0],"ix":1},"s":{"a":0,"k":[101.176,101.176],"ix":3},"r":{"a":0,"k":0,"ix":6},"o":{"a":0,"k":100,"ix":7},"sk":{"a":0,"k":0,"ix":4},"sa":{"a":0,"k":0,"ix":5},"nm":"Transform"}],"nm":"Group 3","np":2,"cix":2,"bm":0,"ix":1,"mn":"ADBE Vector Group","hd":false}],"ip":0,"op":210,"st":0,"bm":0},{"ddd":0,"ind":8,"ty":4,"nm":"Screen","parent":9,"sr":1,"ks":{"o":{"a":1,"k":[{"i":{"x":[0.833],"y":[0.833]},"o":{"x":[0.167],"y":[0.167]},"t":0,"s":[40]},{"t":10,"s":[100]}],"ix":11},"r":{"a":0,"k":0,"ix":10},"p":{"a":0,"k":[146.529,85.365,0],"ix":2},"a":{"a":0,"k":[146.529,85.365,0],"ix":1},"s":{"a":0,"k":[100,100,100],"ix":6}},"ao":0,"shapes":[{"ty":"gr","it":[{"ind":0,"ty":"sh","ix":1,"ks":{"a":1,"k":[{"i":{"x":0,"y":1},"o":{"x":0.167,"y":0.167},"t":0,"s":[{"i":[[1.858,0],[0,0],[0,1.858],[0,0],[-1.859,0],[0,0],[0,-1.859],[0,0]],"o":[[0,0],[-1.859,0],[0,0],[0,-1.859],[0,0],[1.858,0],[0,0],[0,1.858]],"v":[[111.789,78.509],[-111.788,78.509],[-115.154,75.144],[-130.154,17.357],[-126.788,13.992],[126.789,13.992],[130.154,17.357],[115.154,75.144]],"c":true}]},{"t":40,"s":[{"i":[[1.858,0],[0,0],[0,1.858],[0,0],[-1.859,0],[0,0],[0,-1.859],[0,0]],"o":[[0,0],[-1.859,0],[0,0],[0,-1.859],[0,0],[1.858,0],[0,0],[0,1.858]],"v":[[116.789,66.008],[-116.788,66.008],[-120.154,62.644],[-120.154,-62.643],[-116.788,-66.008],[116.789,-66.008],[120.154,-62.643],[120.154,62.644]],"c":true}]}],"ix":2},"nm":"Path 1","mn":"ADBE Vector Shape - Group","hd":false},{"ty":"fl","c":{"a":0,"k":[1,1,1,1],"ix":4},"o":{"a":0,"k":100,"ix":5},"r":1,"bm":0,"nm":"Fill 1","mn":"ADBE Vector Graphic - Fill","hd":false},{"ty":"tr","p":{"a":0,"k":[146.526,81.81],"ix":2},"a":{"a":0,"k":[0,0],"ix":1},"s":{"a":0,"k":[100,100],"ix":3},"r":{"a":0,"k":0,"ix":6},"o":{"a":0,"k":100,"ix":7},"sk":{"a":0,"k":0,"ix":4},"sa":{"a":0,"k":0,"ix":5},"nm":"Transform"}],"nm":"Group 3","np":2,"cix":2,"bm":0,"ix":1,"mn":"ADBE Vector Group","hd":false}],"ip":0,"op":210,"st":0,"bm":0},{"ddd":0,"ind":9,"ty":4,"nm":"Laptop","parent":1,"sr":1,"ks":{"o":{"a":0,"k":100,"ix":11},"r":{"a":0,"k":0,"ix":10},"p":{"a":1,"k":[{"i":{"x":0.833,"y":0.833},"o":{"x":0.167,"y":0.167},"t":0,"s":[-2.438,104.266,0],"to":[0,0,0],"ti":[0,0,0]},{"t":40,"s":[-2.438,104.266,0]}],"ix":2},"a":{"a":0,"k":[146.529,163.365,0],"ix":1},"s":{"a":0,"k":[100,100,100],"ix":6}},"ao":0,"shapes":[{"ty":"gr","it":[{"ind":0,"ty":"sh","ix":1,"ks":{"a":1,"k":[{"i":{"x":0,"y":1},"o":{"x":0.167,"y":0.167},"t":0,"s":[{"i":[[0,2.159],[-2.159,0],[0,-2.159],[2.158,0]],"o":[[0,-2.159],[2.158,0],[0,2.159],[-2.159,0]],"v":[[-3.967,81.75],[-0.025,79.091],[3.85,81.75],[0.001,83.909]],"c":true}]},{"t":40,"s":[{"i":[[0,2.159],[-2.159,0],[0,-2.159],[2.158,0]],"o":[[0,-2.159],[2.158,0],[0,2.159],[-2.159,0]],"v":[[-3.908,0],[0.001,-3.909],[3.908,0],[0.001,3.909]],"c":true}]}],"ix":2},"nm":"Path 1","mn":"ADBE Vector Shape - Group","hd":false},{"ty":"fl","c":{"a":0,"k":[1,1,1,1],"ix":4},"o":{"a":0,"k":100,"ix":5},"r":1,"bm":0,"nm":"Fill 1","mn":"ADBE Vector Graphic - Fill","hd":false},{"ty":"tr","p":{"a":0,"k":[146.525,8.113],"ix":2},"a":{"a":0,"k":[0,0],"ix":1},"s":{"a":0,"k":[100,100],"ix":3},"r":{"a":0,"k":0,"ix":6},"o":{"a":0,"k":100,"ix":7},"sk":{"a":0,"k":0,"ix":4},"sa":{"a":0,"k":0,"ix":5},"nm":"Transform"}],"nm":"Group 1","np":2,"cix":2,"bm":0,"ix":1,"mn":"ADBE Vector Group","hd":false},{"ty":"gr","it":[{"ind":0,"ty":"sh","ix":1,"ks":{"a":1,"k":[{"i":{"x":0,"y":1},"o":{"x":0.167,"y":0.167},"t":0,"s":[{"i":[[0,0],[0,0],[0,0],[-3.787,0],[0,0],[0,-3.787]],"o":[[0,0],[0,0],[0,-3.787],[0,0],[3.787,0],[0,0]],"v":[[127.976,85.115],[-127.976,85.115],[-147.976,1.741],[-141.119,-5.115],[141.12,-5.115],[147.976,1.741]],"c":true}]},{"t":40,"s":[{"i":[[0,0],[0,0],[0,0],[-3.787,0],[0,0],[0,-3.787]],"o":[[0,0],[0,0],[0,-3.787],[0,0],[3.787,0],[0,0]],"v":[[127.976,85.115],[-127.976,85.115],[-127.976,-78.259],[-121.119,-85.115],[121.12,-85.115],[127.976,-78.259]],"c":true}]}],"ix":2},"nm":"Path 1","mn":"ADBE Vector Shape - Group","hd":false},{"ty":"gf","o":{"a":0,"k":100,"ix":10},"r":1,"bm":0,"g":{"p":3,"k":{"a":0,"k":[0,1,1,1,0.5,0.725,0.725,0.725,1,0.451,0.451,0.451],"ix":9}},"s":{"a":0,"k":[0,-218.5],"ix":5},"e":{"a":0,"k":[6.5,157],"ix":6},"t":1,"nm":"Gradient Fill 1","mn":"ADBE Vector Graphic - G-Fill","hd":false},{"ty":"tr","p":{"a":0,"k":[146.526,85.365],"ix":2},"a":{"a":0,"k":[0,0],"ix":1},"s":{"a":0,"k":[100,100],"ix":3},"r":{"a":0,"k":0,"ix":6},"o":{"a":0,"k":100,"ix":7},"sk":{"a":0,"k":0,"ix":4},"sa":{"a":0,"k":0,"ix":5},"nm":"Transform"}],"nm":"Group 4","np":2,"cix":2,"bm":0,"ix":2,"mn":"ADBE Vector Group","hd":false}],"ip":0,"op":210,"st":0,"bm":0},{"ddd":0,"ind":10,"ty":4,"nm":"Shape Layer 1","parent":9,"sr":1,"ks":{"o":{"a":0,"k":100,"ix":11},"r":{"a":0,"k":0,"ix":10},"p":{"a":0,"k":[148.967,89.099,0],"ix":2},"a":{"a":0,"k":[0,0,0],"ix":1},"s":{"a":0,"k":[100,100,100],"ix":6}},"ao":0,"shapes":[{"ty":"gr","it":[{"ind":0,"ty":"sh","ix":1,"ks":{"a":1,"k":[{"i":{"x":0,"y":1},"o":{"x":0.167,"y":0.167},"t":0,"s":[{"i":[[9.75,0],[10.5,0],[0,0],[0,0]],"o":[[-9.75,0],[-10.5,0],[0,0],[0,0]],"v":[[134,-13],[-137.5,-13],[-150.5,-4],[144.5,-4]],"c":true}]},{"t":40,"s":[{"i":[[0,0],[0,0],[0,0],[0,0]],"o":[[0,0],[0,0],[0,0],[0,0]],"v":[[120.75,-87.5],[-125.5,-87.5],[-128.375,-84.5],[123.875,-84.5]],"c":true}]}],"ix":2},"nm":"Path 1","mn":"ADBE Vector Shape - Group","hd":false},{"ty":"fl","c":{"a":0,"k":[0.61568627451,0.61568627451,0.61568627451,1],"ix":4},"o":{"a":0,"k":100,"ix":5},"r":1,"bm":0,"nm":"Fill 1","mn":"ADBE Vector Graphic - Fill","hd":false},{"ty":"tr","p":{"a":0,"k":[0,0],"ix":2},"a":{"a":0,"k":[0,0],"ix":1},"s":{"a":0,"k":[100,100],"ix":3},"r":{"a":0,"k":0,"ix":6},"o":{"a":0,"k":100,"ix":7},"sk":{"a":0,"k":0,"ix":4},"sa":{"a":0,"k":0,"ix":5},"nm":"Transform"}],"nm":"Shape 1","np":3,"cix":2,"bm":0,"ix":1,"mn":"ADBE Vector Group","hd":false}],"ip":0,"op":41,"st":0,"bm":0},{"ddd":0,"ind":11,"ty":4,"nm":"Shape Layer 2","parent":5,"sr":1,"ks":{"o":{"a":0,"k":100,"ix":11},"r":{"a":0,"k":0,"ix":10},"p":{"a":0,"k":[148.967,29.099,0],"ix":2},"a":{"a":0,"k":[0,0,0],"ix":1},"s":{"a":0,"k":[100,100,100],"ix":6}},"ao":0,"shapes":[{"ty":"gr","it":[{"ind":0,"ty":"sh","ix":1,"ks":{"a":1,"k":[{"i":{"x":0,"y":1},"o":{"x":0.167,"y":0.167},"t":0,"s":[{"i":[[0,0],[0,0],[0,0],[0,0],[0,0],[0,0]],"o":[[0,0],[0,0],[0,0],[0,0],[0,0],[0,0]],"v":[[126,90],[-130,90],[-149,128],[-135.5,132],[132,132],[143.75,128]],"c":true}]},{"t":40,"s":[{"i":[[0,0],[0,0],[0,0],[0,0],[0,0],[0,0]],"o":[[0,0],[0,0],[0,0],[0,0],[0,0],[0,0]],"v":[[126,130],[-130,130],[-149,128],[-135.5,132],[132,132],[143.5,129.5]],"c":true}]}],"ix":2},"nm":"Path 1","mn":"ADBE Vector Shape - Group","hd":false},{"ty":"fl","c":{"a":0,"k":[0.8,0.78431372549,0.78431372549,1],"ix":4},"o":{"a":0,"k":100,"ix":5},"r":1,"bm":0,"nm":"Fill 1","mn":"ADBE Vector Graphic - Fill","hd":false},{"ty":"tr","p":{"a":0,"k":[0,0],"ix":2},"a":{"a":0,"k":[0,0],"ix":1},"s":{"a":0,"k":[100,100],"ix":3},"r":{"a":0,"k":0,"ix":6},"o":{"a":0,"k":100,"ix":7},"sk":{"a":0,"k":0,"ix":4},"sa":{"a":0,"k":0,"ix":5},"nm":"Transform"}],"nm":"Shape 1","np":3,"cix":2,"bm":0,"ix":1,"mn":"ADBE Vector Group","hd":false}],"ip":0,"op":41,"st":0,"bm":0}]},{"id":"comp_3","layers":[{"ddd":0,"ind":1,"ty":4,"nm":"icons 7","parent":3,"sr":1,"ks":{"o":{"a":1,"k":[{"i":{"x":[0.833],"y":[0.833]},"o":{"x":[0.167],"y":[0.167]},"t":0,"s":[0]},{"t":5,"s":[100]}],"ix":11},"r":{"a":0,"k":0,"ix":10},"p":{"a":1,"k":[{"i":{"x":0,"y":1},"o":{"x":0.55,"y":0},"t":0,"s":[76.969,63.312,0],"to":[0,3.764,0],"ti":[0,-2.927,0]},{"i":{"x":0.75,"y":1},"o":{"x":0.85,"y":0},"t":20,"s":[76.969,85.894,0],"to":[0,2.927,0],"ti":[0,0.335,0]},{"i":{"x":0,"y":1},"o":{"x":0.35,"y":0},"t":40,"s":[76.969,80.876,0],"to":[0,-0.335,0],"ti":[0,-0.502,0]},{"t":70,"s":[76.969,83.887,0]}],"ix":2},"a":{"a":0,"k":[76.969,83.385,0],"ix":1},"s":{"a":0,"k":[100,100,100],"ix":6}},"ao":0,"shapes":[{"ty":"gr","it":[{"ind":0,"ty":"sh","ix":1,"ks":{"a":0,"k":{"i":[[0,0],[0,0],[-0.071,-0.877],[0,0],[0,0],[0,0],[-0.667,-0.667],[0.668,-0.668],[0,0],[0.667,0.667],[0,0],[-0.667,0.668],[-0.667,-0.667],[0,0],[0,0],[-0.878,0.071],[0,0]],"o":[[0,0],[0.897,0],[0,0],[0,0],[0,0],[0.667,-0.667],[0.668,0.668],[0,0],[-0.667,0.667],[0,0],[-0.667,-0.668],[0.667,-0.667],[0,0],[0,0],[0,-0.896],[0,0],[0,0]],"v":[[-0.384,-17.445],[-0.244,-17.451],[1.458,-15.883],[1.465,-15.742],[1.465,5.085],[6.144,0.406],[8.56,0.406],[8.56,2.823],[0.967,10.416],[-1.449,10.416],[-9.044,2.823],[-9.044,0.406],[-6.628,0.406],[-1.952,5.081],[-1.952,-15.742],[-0.384,-17.445],[-0.244,-17.451]],"c":true},"ix":2},"nm":"Path 1","mn":"ADBE Vector Shape - Group","hd":false},{"ty":"mm","mm":1,"nm":"Merge Paths 1","mn":"ADBE Vector Filter - Merge","hd":false},{"ty":"fl","c":{"a":0,"k":[0.858823529412,0.858823529412,0.858823529412,1],"ix":4},"o":{"a":0,"k":100,"ix":5},"r":1,"bm":0,"nm":"Fill 1","mn":"ADBE Vector Graphic - Fill","hd":false},{"ty":"tr","p":{"a":0,"k":[76.969,83.385],"ix":2},"a":{"a":0,"k":[0,0],"ix":1},"s":{"a":0,"k":[100,100],"ix":3},"r":{"a":0,"k":0,"ix":6},"o":{"a":0,"k":100,"ix":7},"sk":{"a":0,"k":0,"ix":4},"sa":{"a":0,"k":0,"ix":5},"nm":"Transform"}],"nm":"Group 2","np":3,"cix":2,"bm":0,"ix":1,"mn":"ADBE Vector Group","hd":false}],"ip":0,"op":214,"st":0,"bm":0},{"ddd":0,"ind":2,"ty":4,"nm":"icons 6","parent":3,"sr":1,"ks":{"o":{"a":1,"k":[{"i":{"x":[0.833],"y":[0.833]},"o":{"x":[0.167],"y":[0.167]},"t":0,"s":[0]},{"t":5,"s":[100]}],"ix":11},"r":{"a":0,"k":0,"ix":10},"p":{"a":0,"k":[76.969,99.127,0],"ix":2},"a":{"a":0,"k":[76.969,99.127,0],"ix":1},"s":{"a":0,"k":[100,100,100],"ix":6}},"ao":0,"shapes":[{"ty":"gr","it":[{"ind":0,"ty":"sh","ix":1,"ks":{"a":0,"k":{"i":[[0,0],[0,0],[0,-0.944],[0.878,-0.072],[0,0],[0,0],[0,0.944],[-0.878,0.072],[0,0],[0,0]],"o":[[0,0],[0.943,0],[0,0.896],[0,0],[0,0],[-0.943,0],[0,-0.896],[0,0],[0,0],[0,0]],"v":[[-11.471,14.034],[11.471,14.034],[13.18,15.743],[11.611,17.446],[11.471,17.451],[-11.471,17.451],[-13.18,15.743],[-11.611,14.04],[-11.471,14.034],[11.471,14.034]],"c":true},"ix":2},"nm":"Path 2","mn":"ADBE Vector Shape - Group","hd":false},{"ty":"mm","mm":1,"nm":"Merge Paths 1","mn":"ADBE Vector Filter - Merge","hd":false},{"ty":"fl","c":{"a":0,"k":[0.858823529412,0.858823529412,0.858823529412,1],"ix":4},"o":{"a":0,"k":100,"ix":5},"r":1,"bm":0,"nm":"Fill 1","mn":"ADBE Vector Graphic - Fill","hd":false},{"ty":"tr","p":{"a":0,"k":[76.969,83.385],"ix":2},"a":{"a":0,"k":[0,0],"ix":1},"s":{"a":0,"k":[100,100],"ix":3},"r":{"a":0,"k":0,"ix":6},"o":{"a":0,"k":100,"ix":7},"sk":{"a":0,"k":0,"ix":4},"sa":{"a":0,"k":0,"ix":5},"nm":"Transform"}],"nm":"Group 2","np":3,"cix":2,"bm":0,"ix":1,"mn":"ADBE Vector Group","hd":false}],"ip":0,"op":214,"st":0,"bm":0},{"ddd":0,"ind":3,"ty":4,"nm":"icons 5","sr":1,"ks":{"o":{"a":1,"k":[{"i":{"x":[0.833],"y":[0.833]},"o":{"x":[0.167],"y":[0.167]},"t":0,"s":[0]},{"t":5,"s":[100]}],"ix":11},"r":{"a":0,"k":0,"ix":10},"p":{"a":1,"k":[{"i":{"x":0.75,"y":1},"o":{"x":0.85,"y":0},"t":0,"s":[206.785,291.256,0],"to":[0,-2.56,0],"ti":[0,5.297,0]},{"i":{"x":0,"y":1},"o":{"x":0.35,"y":0},"t":30,"s":[206.785,268.938,0],"to":[0,-1.208,0],"ti":[0,0.189,0]},{"t":80,"s":[206.785,271.256,0]}],"ix":2},"a":{"a":0,"k":[76.969,83.979,0],"ix":1},"s":{"a":0,"k":[99.639,99.639,100],"ix":6}},"ao":0,"shapes":[{"ty":"gr","it":[{"ind":0,"ty":"sh","ix":1,"ks":{"a":0,"k":{"i":[[0,2.209],[0,0],[2.209,0],[0,0],[0,-2.209],[0,0],[-2.209,0],[0,0]],"o":[[0,0],[0,-2.209],[0,0],[-2.209,0],[0,0],[0,2.209],[0,0],[2.209,0]],"v":[[-44.294,23.158],[-44.294,-23.158],[-48.294,-27.158],[-94.61,-27.158],[-98.61,-23.158],[-98.61,23.158],[-94.61,27.158],[-48.294,27.158]],"c":true},"ix":2},"nm":"Path 2","mn":"ADBE Vector Shape - Group","hd":false},{"ty":"mm","mm":1,"nm":"Merge Paths 1","mn":"ADBE Vector Filter - Merge","hd":false},{"ty":"fl","c":{"a":0,"k":[0.969000004787,0.969000004787,0.969000004787,1],"ix":4},"o":{"a":0,"k":100,"ix":5},"r":1,"bm":0,"nm":"Fill 1","mn":"ADBE Vector Graphic - Fill","hd":false},{"ty":"tr","p":{"a":0,"k":[148.421,83.979],"ix":2},"a":{"a":0,"k":[0,0],"ix":1},"s":{"a":0,"k":[100,100],"ix":3},"r":{"a":0,"k":0,"ix":6},"o":{"a":0,"k":100,"ix":7},"sk":{"a":0,"k":0,"ix":4},"sa":{"a":0,"k":0,"ix":5},"nm":"Transform"}],"nm":"Group 5","np":3,"cix":2,"bm":0,"ix":1,"mn":"ADBE Vector Group","hd":false}],"ip":0,"op":214,"st":0,"bm":0},{"ddd":0,"ind":4,"ty":4,"nm":"icons - Shadow 3","parent":3,"sr":1,"ks":{"o":{"a":1,"k":[{"i":{"x":[0.833],"y":[0.833]},"o":{"x":[0.167],"y":[0.167]},"t":0,"s":[0]},{"t":5,"s":[15]}],"ix":11},"r":{"a":0,"k":0,"ix":10},"p":{"a":0,"k":[76.969,86.479,0],"ix":2},"a":{"a":0,"k":[76.969,83.979,0],"ix":1},"s":{"a":0,"k":[100,100,100],"ix":6}},"ao":0,"ef":[{"ty":29,"nm":"Gaussian Blur","np":5,"mn":"ADBE Gaussian Blur 2","ix":1,"en":1,"ef":[{"ty":0,"nm":"Blurriness","mn":"ADBE Gaussian Blur 2-0001","ix":1,"v":{"a":0,"k":10,"ix":1}},{"ty":7,"nm":"Blur Dimensions","mn":"ADBE Gaussian Blur 2-0002","ix":2,"v":{"a":0,"k":1,"ix":2}},{"ty":7,"nm":"Repeat Edge Pixels","mn":"ADBE Gaussian Blur 2-0003","ix":3,"v":{"a":0,"k":0,"ix":3}}]}],"shapes":[{"ty":"gr","it":[{"ind":0,"ty":"sh","ix":1,"ks":{"a":0,"k":{"i":[[0,2.209],[0,0],[2.209,0],[0,0],[0,-2.209],[0,0],[-2.209,0],[0,0]],"o":[[0,0],[0,-2.209],[0,0],[-2.209,0],[0,0],[0,2.209],[0,0],[2.209,0]],"v":[[-44.294,23.158],[-44.294,-23.158],[-48.294,-27.158],[-94.61,-27.158],[-98.61,-23.158],[-98.61,23.158],[-94.61,27.158],[-48.294,27.158]],"c":true},"ix":2},"nm":"Path 2","mn":"ADBE Vector Shape - Group","hd":false},{"ty":"mm","mm":1,"nm":"Merge Paths 1","mn":"ADBE Vector Filter - Merge","hd":false},{"ty":"fl","c":{"a":0,"k":[0,0,0,1],"ix":4},"o":{"a":0,"k":100,"ix":5},"r":1,"bm":0,"nm":"Fill 1","mn":"ADBE Vector Graphic - Fill","hd":false},{"ty":"tr","p":{"a":0,"k":[148.421,83.979],"ix":2},"a":{"a":0,"k":[0,0],"ix":1},"s":{"a":0,"k":[100,100],"ix":3},"r":{"a":0,"k":0,"ix":6},"o":{"a":0,"k":100,"ix":7},"sk":{"a":0,"k":0,"ix":4},"sa":{"a":0,"k":0,"ix":5},"nm":"Transform"}],"nm":"Group 5","np":3,"cix":2,"bm":0,"ix":1,"mn":"ADBE Vector Group","hd":false}],"ip":0,"op":214,"st":0,"bm":0},{"ddd":0,"ind":5,"ty":4,"nm":"icons 4","parent":6,"sr":1,"ks":{"o":{"a":1,"k":[{"i":{"x":[0.833],"y":[0.833]},"o":{"x":[0.167],"y":[0.167]},"t":0,"s":[0]},{"t":5,"s":[100]}],"ix":11},"r":{"a":1,"k":[{"i":{"x":[0],"y":[1]},"o":{"x":[0.35],"y":[0]},"t":0,"s":[-150]},{"t":80,"s":[0]}],"ix":10},"p":{"a":0,"k":[146.525,84.232,0],"ix":2},"a":{"a":0,"k":[146.525,84.232,0],"ix":1},"s":{"a":0,"k":[100,100,100],"ix":6}},"ao":0,"shapes":[{"ty":"gr","it":[{"ind":0,"ty":"sh","ix":1,"ks":{"a":0,"k":{"i":[[3.368,0],[0,3.369],[-3.368,0],[0,-3.368]],"o":[[-3.368,0],[0,-3.368],[3.368,0],[0,3.369]],"v":[[0,6.019],[-6.099,-0.081],[0,-6.18],[6.1,-0.081]],"c":true},"ix":2},"nm":"Path 1","mn":"ADBE Vector Shape - Group","hd":false},{"ind":1,"ty":"sh","ix":2,"ks":{"a":0,"k":{"i":[[-0.753,-0.33],[0,0],[-0.407,0.436],[-0.823,2.654],[0.481,0.356],[0,0],[0,0.825],[-0.663,0.488],[0,0],[0.177,0.573],[1.896,2.029],[0.545,-0.241],[0,0],[0.355,0],[0.144,1.316],[0,0],[0.586,0.13],[1.375,0.016],[1.343,-0.3],[0.066,-0.598],[0,0],[0.712,-0.414],[0.755,0.332],[0,0],[0.407,-0.436],[0.822,-2.654],[-0.482,-0.355],[0,0],[0,-0.824],[0.664,-0.489],[0,0],[-0.177,-0.572],[-1.896,-2.031],[-0.546,0.239],[0,0],[-0.712,-0.412],[-0.092,-0.818],[0,0],[-0.577,-0.138],[-2.713,0.646],[-0.065,0.591],[0,0],[-0.712,0.412]],"o":[[0,0],[0.545,0.239],[1.895,-2.029],[0.176,-0.572],[0,0],[-0.665,-0.489],[0,-0.824],[0,0],[0.481,-0.356],[-0.823,-2.654],[-0.407,-0.436],[0,0],[-0.328,0.146],[-1.321,-0.002],[0,0],[-0.066,-0.597],[-1.341,-0.3],[-1.409,0.016],[-0.586,0.13],[0,0],[-0.091,0.819],[-0.715,0.419],[0,0],[-0.545,-0.241],[-1.896,2.029],[-0.177,0.573],[0,0],[0.665,0.489],[0,0.825],[0,0],[-0.482,0.355],[0.82,2.657],[0.407,0.436],[0,0],[0.751,-0.329],[0.711,0.41],[0,0],[0.065,0.591],[2.713,0.646],[0.577,-0.138],[0,0],[0.09,-0.82],[0.711,-0.412]],"v":[[9.121,11.563],[11.756,12.72],[13.345,12.392],[17.473,5.276],[16.964,3.726],[14.637,2.008],[13.571,-0.082],[14.635,-2.17],[16.96,-3.887],[17.469,-5.438],[13.339,-12.554],[11.749,-12.88],[9.125,-11.726],[8.09,-11.506],[5.516,-13.82],[5.196,-16.686],[4.106,-17.903],[0.02,-18.378],[-4.103,-17.903],[-5.194,-16.686],[-5.513,-13.822],[-6.791,-11.861],[-9.129,-11.724],[-11.752,-12.878],[-13.342,-12.552],[-17.472,-5.436],[-16.963,-3.885],[-14.636,-2.169],[-13.58,-0.08],[-14.635,2.009],[-16.963,3.728],[-17.472,5.277],[-13.345,12.401],[-11.755,12.729],[-9.12,11.573],[-6.793,11.704],[-5.515,13.657],[-5.198,16.518],[-4.127,17.732],[4.126,17.732],[5.196,16.518],[5.514,13.653],[6.771,11.694]],"c":true},"ix":2},"nm":"Path 2","mn":"ADBE Vector Shape - Group","hd":false},{"ty":"mm","mm":1,"nm":"Merge Paths 1","mn":"ADBE Vector Filter - Merge","hd":false},{"ty":"fl","c":{"a":0,"k":[0.858823529412,0.858823529412,0.858823529412,1],"ix":4},"o":{"a":0,"k":100,"ix":5},"r":1,"bm":0,"nm":"Fill 1","mn":"ADBE Vector Graphic - Fill","hd":false},{"ty":"tr","p":{"a":0,"k":[146.525,84.312],"ix":2},"a":{"a":0,"k":[0,0],"ix":1},"s":{"a":0,"k":[100,100],"ix":3},"r":{"a":0,"k":0,"ix":6},"o":{"a":0,"k":100,"ix":7},"sk":{"a":0,"k":0,"ix":4},"sa":{"a":0,"k":0,"ix":5},"nm":"Transform"}],"nm":"Group 1","np":4,"cix":2,"bm":0,"ix":1,"mn":"ADBE Vector Group","hd":false},{"ty":"gr","it":[{"ty":"mm","mm":1,"nm":"Merge Paths 1","mn":"ADBE Vector Filter - Merge","hd":false},{"ty":"fl","c":{"a":0,"k":[0.858823529412,0.858823529412,0.858823529412,1],"ix":4},"o":{"a":0,"k":100,"ix":5},"r":1,"bm":0,"nm":"Fill 1","mn":"ADBE Vector Graphic - Fill","hd":false},{"ty":"tr","p":{"a":0,"k":[76.969,83.385],"ix":2},"a":{"a":0,"k":[0,0],"ix":1},"s":{"a":0,"k":[100,100],"ix":3},"r":{"a":0,"k":0,"ix":6},"o":{"a":0,"k":100,"ix":7},"sk":{"a":0,"k":0,"ix":4},"sa":{"a":0,"k":0,"ix":5},"nm":"Transform"}],"nm":"Group 2","np":2,"cix":2,"bm":0,"ix":2,"mn":"ADBE Vector Group","hd":false},{"ty":"gr","it":[{"ty":"fl","c":{"a":0,"k":[0.858823529412,0.858823529412,0.858823529412,1],"ix":4},"o":{"a":0,"k":100,"ix":5},"r":1,"bm":0,"nm":"Fill 1","mn":"ADBE Vector Graphic - Fill","hd":false},{"ty":"tr","p":{"a":0,"k":[220.34,85.683],"ix":2},"a":{"a":0,"k":[0,0],"ix":1},"s":{"a":0,"k":[100,100],"ix":3},"r":{"a":0,"k":0,"ix":6},"o":{"a":0,"k":100,"ix":7},"sk":{"a":0,"k":0,"ix":4},"sa":{"a":0,"k":0,"ix":5},"nm":"Transform"}],"nm":"Group 3","np":1,"cix":2,"bm":0,"ix":3,"mn":"ADBE Vector Group","hd":false}],"ip":0,"op":214,"st":0,"bm":0},{"ddd":0,"ind":6,"ty":4,"nm":"icons 3","sr":1,"ks":{"o":{"a":1,"k":[{"i":{"x":[0.833],"y":[0.833]},"o":{"x":[0.167],"y":[0.167]},"t":0,"s":[0]},{"t":5,"s":[100]}],"ix":11},"r":{"a":0,"k":0,"ix":10},"p":{"a":1,"k":[{"i":{"x":0.75,"y":1},"o":{"x":0.85,"y":0},"t":0,"s":[276.091,291.256,0],"to":[0,-2.56,0],"ti":[0,5.297,0]},{"i":{"x":0,"y":1},"o":{"x":0.35,"y":0},"t":30,"s":[276.091,268.938,0],"to":[0,-1.208,0],"ti":[0,0.189,0]},{"t":80,"s":[276.091,271.256,0]}],"ix":2},"a":{"a":0,"k":[146.526,83.979,0],"ix":1},"s":{"a":0,"k":[99.639,99.639,100],"ix":6}},"ao":0,"shapes":[{"ty":"gr","it":[{"ind":0,"ty":"sh","ix":1,"ks":{"a":0,"k":{"i":[[0,2.209],[0,0],[2.209,0],[0,0],[0,-2.209],[0,0],[-2.209,0],[0,0]],"o":[[0,0],[0,-2.209],[0,0],[-2.209,0],[0,0],[0,2.209],[0,0],[2.209,0]],"v":[[25.263,23.158],[25.263,-23.158],[21.263,-27.158],[-25.053,-27.158],[-29.053,-23.158],[-29.053,23.158],[-25.053,27.158],[21.263,27.158]],"c":true},"ix":2},"nm":"Path 1","mn":"ADBE Vector Shape - Group","hd":false},{"ty":"mm","mm":1,"nm":"Merge Paths 1","mn":"ADBE Vector Filter - Merge","hd":false},{"ty":"fl","c":{"a":0,"k":[0.969000004787,0.969000004787,0.969000004787,1],"ix":4},"o":{"a":0,"k":100,"ix":5},"r":1,"bm":0,"nm":"Fill 1","mn":"ADBE Vector Graphic - Fill","hd":false},{"ty":"tr","p":{"a":0,"k":[148.421,83.979],"ix":2},"a":{"a":0,"k":[0,0],"ix":1},"s":{"a":0,"k":[100,100],"ix":3},"r":{"a":0,"k":0,"ix":6},"o":{"a":0,"k":100,"ix":7},"sk":{"a":0,"k":0,"ix":4},"sa":{"a":0,"k":0,"ix":5},"nm":"Transform"}],"nm":"Group 5","np":3,"cix":2,"bm":0,"ix":1,"mn":"ADBE Vector Group","hd":false}],"ip":0,"op":214,"st":0,"bm":0},{"ddd":0,"ind":7,"ty":4,"nm":"icons - Shadow 2","parent":6,"sr":1,"ks":{"o":{"a":1,"k":[{"i":{"x":[0.833],"y":[0.833]},"o":{"x":[0.167],"y":[0.167]},"t":0,"s":[0]},{"t":5,"s":[15]}],"ix":11},"r":{"a":0,"k":0,"ix":10},"p":{"a":0,"k":[146.526,86.479,0],"ix":2},"a":{"a":0,"k":[146.526,83.979,0],"ix":1},"s":{"a":0,"k":[100,100,100],"ix":6}},"ao":0,"ef":[{"ty":29,"nm":"Gaussian Blur","np":5,"mn":"ADBE Gaussian Blur 2","ix":1,"en":1,"ef":[{"ty":0,"nm":"Blurriness","mn":"ADBE Gaussian Blur 2-0001","ix":1,"v":{"a":0,"k":10,"ix":1}},{"ty":7,"nm":"Blur Dimensions","mn":"ADBE Gaussian Blur 2-0002","ix":2,"v":{"a":0,"k":1,"ix":2}},{"ty":7,"nm":"Repeat Edge Pixels","mn":"ADBE Gaussian Blur 2-0003","ix":3,"v":{"a":0,"k":0,"ix":3}}]}],"shapes":[{"ty":"gr","it":[{"ind":0,"ty":"sh","ix":1,"ks":{"a":0,"k":{"i":[[0,2.209],[0,0],[2.209,0],[0,0],[0,-2.209],[0,0],[-2.209,0],[0,0]],"o":[[0,0],[0,-2.209],[0,0],[-2.209,0],[0,0],[0,2.209],[0,0],[2.209,0]],"v":[[25.263,23.158],[25.263,-23.158],[21.263,-27.158],[-25.053,-27.158],[-29.053,-23.158],[-29.053,23.158],[-25.053,27.158],[21.263,27.158]],"c":true},"ix":2},"nm":"Path 1","mn":"ADBE Vector Shape - Group","hd":false},{"ty":"mm","mm":1,"nm":"Merge Paths 1","mn":"ADBE Vector Filter - Merge","hd":false},{"ty":"fl","c":{"a":0,"k":[0,0,0,1],"ix":4},"o":{"a":0,"k":100,"ix":5},"r":1,"bm":0,"nm":"Fill 1","mn":"ADBE Vector Graphic - Fill","hd":false},{"ty":"tr","p":{"a":0,"k":[148.421,83.979],"ix":2},"a":{"a":0,"k":[0,0],"ix":1},"s":{"a":0,"k":[100,100],"ix":3},"r":{"a":0,"k":0,"ix":6},"o":{"a":0,"k":100,"ix":7},"sk":{"a":0,"k":0,"ix":4},"sa":{"a":0,"k":0,"ix":5},"nm":"Transform"}],"nm":"Group 5","np":3,"cix":2,"bm":0,"ix":1,"mn":"ADBE Vector Group","hd":false}],"ip":0,"op":214,"st":0,"bm":0},{"ddd":0,"ind":8,"ty":4,"nm":"icons 2","parent":9,"sr":1,"ks":{"o":{"a":1,"k":[{"i":{"x":[0.833],"y":[0.833]},"o":{"x":[0.167],"y":[0.167]},"t":0,"s":[0]},{"t":5,"s":[100]}],"ix":11},"r":{"a":1,"k":[{"i":{"x":[0],"y":[1]},"o":{"x":[0.35],"y":[0]},"t":0,"s":[223]},{"t":80,"s":[0]}],"ix":10},"p":{"a":0,"k":[219.872,85.675,0],"ix":2},"a":{"a":0,"k":[219.872,85.675,0],"ix":1},"s":{"a":0,"k":[100,100,100],"ix":6}},"ao":0,"shapes":[{"ty":"gr","it":[{"ind":0,"ty":"sh","ix":1,"ks":{"a":0,"k":{"i":[[0.828,0],[0.098,-0.732],[0,0],[0,0],[-0.731,-0.099],[0,0],[0,0],[0,0.827],[0.731,0.099],[0,0],[0,0],[-5.276,-5.276],[5.654,-5.655],[5.654,5.654],[-0.904,4.692],[0.812,0.157],[0.156,-0.812],[-4.152,-4.152],[-6.824,6.825],[6.826,6.825],[6.866,-5.832],[0,0]],"o":[[-0.758,0],[0,0],[0,0],[0,0.758],[0,0],[0,0],[0.828,0],[0,-0.758],[0,0],[0,0],[5.686,-4.569],[5.654,5.655],[-5.654,5.654],[-3.442,-3.441],[0.156,-0.812],[-0.813,-0.157],[-1.09,5.658],[6.825,6.825],[6.826,-6.824],[-6.481,-6.482],[0,0],[0,-0.827]],"v":[[-13.263,-16.956],[-14.746,-15.661],[-14.76,-15.458],[-14.76,-9.809],[-13.466,-8.325],[-13.263,-8.311],[-7.614,-8.311],[-6.117,-9.809],[-7.41,-11.292],[-7.614,-11.307],[-9.524,-11.308],[9.771,-10.248],[9.771,10.23],[-10.705,10.23],[-14.684,-2.762],[-15.871,-4.516],[-17.626,-3.33],[-12.824,12.348],[11.89,12.348],[11.89,-12.365],[-11.765,-13.342],[-11.765,-15.458]],"c":true},"ix":2},"nm":"Path 1","mn":"ADBE Vector Shape - Group","hd":false},{"ty":"fl","c":{"a":0,"k":[0.858823529412,0.858823529412,0.858823529412,1],"ix":4},"o":{"a":0,"k":100,"ix":5},"r":1,"bm":0,"nm":"Fill 1","mn":"ADBE Vector Graphic - Fill","hd":false},{"ty":"tr","p":{"a":0,"k":[220.34,85.683],"ix":2},"a":{"a":0,"k":[0,0],"ix":1},"s":{"a":0,"k":[100,100],"ix":3},"r":{"a":0,"k":0,"ix":6},"o":{"a":0,"k":100,"ix":7},"sk":{"a":0,"k":0,"ix":4},"sa":{"a":0,"k":0,"ix":5},"nm":"Transform"}],"nm":"Group 3","np":2,"cix":2,"bm":0,"ix":1,"mn":"ADBE Vector Group","hd":false}],"ip":0,"op":214,"st":0,"bm":0},{"ddd":0,"ind":9,"ty":4,"nm":"icons","sr":1,"ks":{"o":{"a":1,"k":[{"i":{"x":[0.833],"y":[0.833]},"o":{"x":[0.167],"y":[0.167]},"t":0,"s":[0]},{"t":5,"s":[100]}],"ix":11},"r":{"a":0,"k":0,"ix":10},"p":{"a":1,"k":[{"i":{"x":0.75,"y":1},"o":{"x":0.85,"y":0},"t":0,"s":[349.173,291.256,0],"to":[0,-2.56,0],"ti":[0,5.297,0]},{"i":{"x":0,"y":1},"o":{"x":0.35,"y":0},"t":30,"s":[349.173,268.938,0],"to":[0,-1.208,0],"ti":[0,0.189,0]},{"t":80,"s":[349.173,271.256,0]}],"ix":2},"a":{"a":0,"k":[219.872,83.979,0],"ix":1},"s":{"a":0,"k":[99.639,99.639,100],"ix":6}},"ao":0,"shapes":[{"ty":"gr","it":[{"ind":0,"ty":"sh","ix":1,"ks":{"a":0,"k":{"i":[[2.209,0],[0,0],[0,2.209],[0,0],[-2.209,0],[0,0],[0,-2.209],[0,0]],"o":[[0,0],[-2.209,0],[0,0],[0,-2.209],[0,0],[2.209,0],[0,0],[0,2.209]],"v":[[94.61,27.158],[48.293,27.158],[44.293,23.158],[44.293,-23.158],[48.293,-27.158],[94.61,-27.158],[98.61,-23.158],[98.61,23.158]],"c":true},"ix":2},"nm":"Path 3","mn":"ADBE Vector Shape - Group","hd":false},{"ty":"mm","mm":1,"nm":"Merge Paths 1","mn":"ADBE Vector Filter - Merge","hd":false},{"ty":"fl","c":{"a":0,"k":[0.969000004787,0.969000004787,0.969000004787,1],"ix":4},"o":{"a":0,"k":100,"ix":5},"r":1,"bm":0,"nm":"Fill 1","mn":"ADBE Vector Graphic - Fill","hd":false},{"ty":"tr","p":{"a":0,"k":[148.421,83.979],"ix":2},"a":{"a":0,"k":[0,0],"ix":1},"s":{"a":0,"k":[100,100],"ix":3},"r":{"a":0,"k":0,"ix":6},"o":{"a":0,"k":100,"ix":7},"sk":{"a":0,"k":0,"ix":4},"sa":{"a":0,"k":0,"ix":5},"nm":"Transform"}],"nm":"Group 5","np":3,"cix":2,"bm":0,"ix":1,"mn":"ADBE Vector Group","hd":false}],"ip":0,"op":214,"st":0,"bm":0},{"ddd":0,"ind":10,"ty":4,"nm":"icons - Shadow","parent":9,"sr":1,"ks":{"o":{"a":1,"k":[{"i":{"x":[0.833],"y":[0.833]},"o":{"x":[0.167],"y":[0.167]},"t":0,"s":[0]},{"t":5,"s":[15]}],"ix":11},"r":{"a":0,"k":0,"ix":10},"p":{"a":0,"k":[219.872,86.479,0],"ix":2},"a":{"a":0,"k":[219.872,83.979,0],"ix":1},"s":{"a":0,"k":[100,100,100],"ix":6}},"ao":0,"ef":[{"ty":29,"nm":"Gaussian Blur","np":5,"mn":"ADBE Gaussian Blur 2","ix":1,"en":1,"ef":[{"ty":0,"nm":"Blurriness","mn":"ADBE Gaussian Blur 2-0001","ix":1,"v":{"a":0,"k":10,"ix":1}},{"ty":7,"nm":"Blur Dimensions","mn":"ADBE Gaussian Blur 2-0002","ix":2,"v":{"a":0,"k":1,"ix":2}},{"ty":7,"nm":"Repeat Edge Pixels","mn":"ADBE Gaussian Blur 2-0003","ix":3,"v":{"a":0,"k":0,"ix":3}}]}],"shapes":[{"ty":"gr","it":[{"ind":0,"ty":"sh","ix":1,"ks":{"a":0,"k":{"i":[[2.209,0],[0,0],[0,2.209],[0,0],[-2.209,0],[0,0],[0,-2.209],[0,0]],"o":[[0,0],[-2.209,0],[0,0],[0,-2.209],[0,0],[2.209,0],[0,0],[0,2.209]],"v":[[94.61,27.158],[48.293,27.158],[44.293,23.158],[44.293,-23.158],[48.293,-27.158],[94.61,-27.158],[98.61,-23.158],[98.61,23.158]],"c":true},"ix":2},"nm":"Path 3","mn":"ADBE Vector Shape - Group","hd":false},{"ty":"mm","mm":1,"nm":"Merge Paths 1","mn":"ADBE Vector Filter - Merge","hd":false},{"ty":"fl","c":{"a":0,"k":[0,0,0,1],"ix":4},"o":{"a":0,"k":100,"ix":5},"r":1,"bm":0,"nm":"Fill 1","mn":"ADBE Vector Graphic - Fill","hd":false},{"ty":"tr","p":{"a":0,"k":[148.421,83.979],"ix":2},"a":{"a":0,"k":[0,0],"ix":1},"s":{"a":0,"k":[100,100],"ix":3},"r":{"a":0,"k":0,"ix":6},"o":{"a":0,"k":100,"ix":7},"sk":{"a":0,"k":0,"ix":4},"sa":{"a":0,"k":0,"ix":5},"nm":"Transform"}],"nm":"Group 5","np":3,"cix":2,"bm":0,"ix":1,"mn":"ADBE Vector Group","hd":false}],"ip":0,"op":214,"st":0,"bm":0}]}],"layers":[{"ddd":0,"ind":1,"ty":0,"nm":"34 - Autopilot - Refresh - Comped","refId":"comp_0","sr":1,"ks":{"o":{"a":1,"k":[{"i":{"x":[0.833],"y":[0.833]},"o":{"x":[0.167],"y":[0.167]},"t":0,"s":[0]},{"i":{"x":[0.833],"y":[0.833]},"o":{"x":[0.167],"y":[0.167]},"t":10,"s":[100]},{"i":{"x":[0.833],"y":[0.833]},"o":{"x":[0.167],"y":[0.167]},"t":199,"s":[100]},{"t":209,"s":[0]}],"ix":11},"r":{"a":0,"k":0,"ix":10},"p":{"a":1,"k":[{"i":{"x":0.36,"y":1},"o":{"x":0.24,"y":0},"t":0,"s":[276,336,0],"to":[0,-10,0],"ti":[0,13.333,0]},{"i":{"x":0.76,"y":0.76},"o":{"x":0.24,"y":0.24},"t":30,"s":[276,276,0],"to":[0,0,0],"ti":[0,0,0]},{"i":{"x":0.833,"y":0.833},"o":{"x":1,"y":0},"t":180,"s":[276,276,0],"to":[0,0,0],"ti":[0,0,0]},{"t":209,"s":[276,216,0]}],"ix":2},"a":{"a":0,"k":[276,276,0],"ix":1},"s":{"a":0,"k":[100,100,100],"ix":6}},"ao":0,"w":552,"h":552,"ip":0,"op":210,"st":0,"bm":0}],"markers":[]}