{"v":"5.7.13","fr":60,"ip":0,"op":210,"w":552,"h":552,"nm":"03 - Keyboard","ddd":0,"assets":[{"id":"comp_0","nm":"03 - Keyboard - Comped - SV2","layers":[{"ddd":0,"ind":1,"ty":3,"nm":"Null 100","sr":1,"ks":{"o":{"a":0,"k":0},"r":{"a":0,"k":0},"p":{"a":1,"k":[{"i":{"x":0,"y":1},"o":{"x":0.167,"y":0.167},"t":0,"s":[276,286,0],"to":[0,-1.667,0],"ti":[0,1.667,0]},{"t":80,"s":[276,276,0]}]},"a":{"a":0,"k":[0,0,0]},"s":{"a":0,"k":[100,100,100]}},"ao":0,"ip":0,"op":210,"st":0,"bm":0},{"ddd":0,"ind":2,"ty":4,"nm":"Layer 37","parent":1,"td":1,"sr":1,"ks":{"o":{"a":0,"k":100},"r":{"a":0,"k":0},"p":{"a":0,"k":[-0.905,-3.543,0]},"a":{"a":0,"k":[0,0,0]},"s":{"a":0,"k":[100,100,100]}},"ao":0,"shapes":[{"ty":"gr","it":[{"ind":0,"ty":"sh","ks":{"a":0,"k":{"i":[[7.732,0],[0,0],[0,7.732],[0,0],[-7.732,0],[0,0],[0,-7.732],[0,0]],"o":[[0,0],[-7.732,0],[0,0],[0,-7.732],[0,0],[7.732,0],[0,0],[0,7.732]],"v":[[157.5,85.5],[-157.5,85.5],[-171.5,71.5],[-171.5,-71.5],[-157.5,-85.5],[157.5,-85.5],[171.5,-71.5],[171.5,71.5]],"c":true}},"nm":"Path 1","hd":false},{"ty":"fl","c":{"a":0,"k":[0.901960790157,0.901960790157,0.901960790157,1]},"o":{"a":0,"k":100},"r":1,"bm":0,"nm":"Fill 1","hd":false},{"ty":"tr","p":{"a":0,"k":[0,0]},"a":{"a":0,"k":[0,0]},"s":{"a":0,"k":[100,100]},"r":{"a":0,"k":0},"o":{"a":0,"k":100},"sk":{"a":0,"k":0},"sa":{"a":0,"k":0},"nm":"Transform"}],"nm":"Group 1","bm":0,"hd":false}],"ip":0,"op":210,"st":0,"bm":0},{"ddd":0,"ind":3,"ty":4,"nm":"Inset Blur","parent":1,"tt":1,"sr":1,"ks":{"o":{"a":0,"k":30},"r":{"a":0,"k":0},"p":{"a":0,"k":[0,0,0]},"a":{"a":0,"k":[0,0,0]},"s":{"a":0,"k":[100,100,100]}},"ao":0,"ef":[{"ty":29,"nm":"Gaussian Blur","np":5,"mn":"ADBE Gaussian Blur 2","ix":1,"en":1,"ef":[{"ty":0,"nm":"Blurriness","mn":"ADBE Gaussian Blur 2-0001","ix":1,"v":{"a":0,"k":10}},{"ty":7,"nm":"Blur Dimensions","mn":"ADBE Gaussian Blur 2-0002","ix":2,"v":{"a":0,"k":1}},{"ty":7,"nm":"Repeat Edge Pixels","mn":"ADBE Gaussian Blur 2-0003","ix":3,"v":{"a":0,"k":0}}]}],"shapes":[{"ty":"gr","it":[{"ind":0,"ty":"sh","ks":{"a":0,"k":{"i":[[7.732,0],[0,0],[0,7.732],[0,0],[-7.732,0],[0,0],[0,-7.732],[0,0]],"o":[[0,0],[-7.732,0],[0,0],[0,-7.732],[0,0],[7.732,0],[0,0],[0,7.732]],"v":[[156.595,85],[-161.155,85],[-182.655,71],[-182.655,-78.043],[-161.155,-92.043],[156.595,-92.043],[170.595,-78.043],[170.595,71]],"c":true}},"nm":"Mask","hd":false},{"ty":"mm","mm":4,"nm":"Merge Paths 1","hd":false},{"ty":"st","c":{"a":0,"k":[0,0,0,1]},"o":{"a":0,"k":100},"w":{"a":0,"k":2},"lc":1,"lj":1,"ml":10,"bm":0,"nm":"Stroke 1","hd":false},{"ty":"tr","p":{"a":0,"k":[0,0]},"a":{"a":0,"k":[0,0]},"s":{"a":0,"k":[100,100]},"r":{"a":0,"k":0},"o":{"a":0,"k":100},"sk":{"a":0,"k":0},"sa":{"a":0,"k":0},"nm":"Transform"}],"nm":"Group 1","bm":0,"hd":false}],"ip":0,"op":210,"st":0,"bm":0},{"ddd":0,"ind":4,"ty":4,"nm":"Key - A - Fill","parent":5,"sr":1,"ks":{"o":{"a":1,"k":[{"i":{"x":[0.833],"y":[0.833]},"o":{"x":[0.167],"y":[0.167]},"t":0,"s":[0]},{"i":{"x":[0.833],"y":[0.833]},"o":{"x":[0.167],"y":[0.167]},"t":2,"s":[100]},{"i":{"x":[0.833],"y":[0.833]},"o":{"x":[0.167],"y":[0.167]},"t":13,"s":[100]},{"t":22,"s":[0]}]},"r":{"a":0,"k":0},"p":{"a":0,"k":[0,0,0]},"a":{"a":0,"k":[0,0,0]},"s":{"a":1,"k":[{"i":{"x":[0.45,0.45,0.833],"y":[1,1,1]},"o":{"x":[0.167,0.167,0.167],"y":[0.167,0.167,0]},"t":0,"s":[100,100,100]},{"i":{"x":[0,0,0.833],"y":[1,1,1]},"o":{"x":[0.1,0.1,0.167],"y":[0,0,0]},"t":10,"s":[90,90,100]},{"t":25,"s":[100,100,100]}]}},"ao":0,"shapes":[{"ty":"gr","it":[{"ind":0,"ty":"sh","ks":{"a":0,"k":{"i":[[0,0],[-1.973,0],[0,0],[0,-1.973],[0,0],[1.973,0],[0,0],[0,1.973]],"o":[[0,-1.973],[0,0],[1.973,0],[0,0],[0,1.973],[0,0],[-1.973,0],[0,0]],"v":[[-10.719,-7.146],[-7.146,-10.719],[7.146,-10.719],[10.719,-7.146],[10.719,7.146],[7.146,10.719],[-7.146,10.719],[-10.719,7.146]],"c":true}},"nm":"Path 1","hd":false},{"ty":"fl","c":{"a":0,"k":[0.317647058824,0.388235294118,0.894117647059,1]},"o":{"a":0,"k":100},"r":1,"bm":0,"nm":"Fill 1","hd":false},{"ty":"tr","p":{"a":0,"k":[0,0]},"a":{"a":0,"k":[0,0]},"s":{"a":0,"k":[100,100]},"r":{"a":0,"k":0},"o":{"a":0,"k":100},"sk":{"a":0,"k":0},"sa":{"a":0,"k":0},"nm":"Transform"}],"nm":"Group 1","bm":0,"hd":false}],"ip":0,"op":24,"st":0,"bm":0},{"ddd":0,"ind":5,"ty":4,"nm":"Key - A","parent":1,"sr":1,"ks":{"o":{"a":0,"k":100},"r":{"a":0,"k":0},"p":{"a":0,"k":[-87.285,-20.95,0]},"a":{"a":0,"k":[0,0,0]},"s":{"a":1,"k":[{"i":{"x":[0.45,0.45,0.833],"y":[1,1,1]},"o":{"x":[0.167,0.167,0.167],"y":[0.167,0.167,0]},"t":0,"s":[100,100,100]},{"i":{"x":[0,0,0.833],"y":[1,1,1]},"o":{"x":[0.1,0.1,0.167],"y":[0,0,0]},"t":10,"s":[90,90,100]},{"t":25,"s":[100,100,100]}]}},"ao":0,"shapes":[{"ty":"gr","it":[{"ind":0,"ty":"sh","ks":{"a":0,"k":{"i":[[0,0],[-1.973,0],[0,0],[0,-1.973],[0,0],[1.973,0],[0,0],[0,1.973]],"o":[[0,-1.973],[0,0],[1.973,0],[0,0],[0,1.973],[0,0],[-1.973,0],[0,0]],"v":[[-10.719,-7.146],[-7.146,-10.719],[7.146,-10.719],[10.719,-7.146],[10.719,7.146],[7.146,10.719],[-7.146,10.719],[-10.719,7.146]],"c":true}},"nm":"Path 1","hd":false},{"ty":"fl","c":{"a":0,"k":[0.96862745285,0.976470589638,0.976470589638,1]},"o":{"a":0,"k":100},"r":1,"bm":0,"nm":"Fill 1","hd":false},{"ty":"tr","p":{"a":0,"k":[0,0]},"a":{"a":0,"k":[0,0]},"s":{"a":0,"k":[100,100]},"r":{"a":0,"k":0},"o":{"a":0,"k":100},"sk":{"a":0,"k":0},"sa":{"a":0,"k":0},"nm":"Transform"}],"nm":"Group 1","bm":0,"hd":false}],"ip":0,"op":210,"st":0,"bm":0},{"ddd":0,"ind":6,"ty":4,"nm":"Key - A - Shadow","parent":1,"sr":1,"ks":{"o":{"a":1,"k":[{"i":{"x":[0.833],"y":[0.833]},"o":{"x":[0.167],"y":[0.167]},"t":0,"s":[15]},{"i":{"x":[0.833],"y":[0.833]},"o":{"x":[0.167],"y":[0.167]},"t":2,"s":[0]},{"i":{"x":[0.833],"y":[0.833]},"o":{"x":[0.167],"y":[0.167]},"t":13,"s":[0]},{"t":15,"s":[15]}]},"r":{"a":0,"k":0},"p":{"a":0,"k":[-87.285,-20.95,0]},"a":{"a":0,"k":[0,0,0]},"s":{"a":0,"k":[100,100,100]}},"ao":0,"ef":[{"ty":29,"nm":"Gaussian Blur","np":5,"mn":"ADBE Gaussian Blur 2","ix":1,"en":1,"ef":[{"ty":0,"nm":"Blurriness","mn":"ADBE Gaussian Blur 2-0001","ix":1,"v":{"a":0,"k":9}},{"ty":7,"nm":"Blur Dimensions","mn":"ADBE Gaussian Blur 2-0002","ix":2,"v":{"a":0,"k":1}},{"ty":7,"nm":"Repeat Edge Pixels","mn":"ADBE Gaussian Blur 2-0003","ix":3,"v":{"a":0,"k":0}}]}],"shapes":[{"ty":"gr","it":[{"ind":0,"ty":"sh","ks":{"a":0,"k":{"i":[[0,0],[-1.973,0],[0,0],[0,-1.973],[0,0],[1.973,0],[0,0],[0,1.973]],"o":[[0,-1.973],[0,0],[1.973,0],[0,0],[0,1.973],[0,0],[-1.973,0],[0,0]],"v":[[-10.719,-7.146],[-7.146,-10.719],[7.146,-10.719],[10.719,-7.146],[10.719,7.146],[7.146,10.719],[-7.146,10.719],[-10.719,7.146]],"c":true}},"nm":"Path 1","hd":false},{"ty":"fl","c":{"a":0,"k":[0.325490196078,0.325490196078,0.325490196078,1]},"o":{"a":0,"k":100},"r":1,"bm":0,"nm":"Fill 1","hd":false},{"ty":"tr","p":{"a":0,"k":[0,0]},"a":{"a":0,"k":[0,0]},"s":{"a":0,"k":[100,100]},"r":{"a":0,"k":0},"o":{"a":0,"k":100},"sk":{"a":0,"k":0},"sa":{"a":0,"k":0},"nm":"Transform"}],"nm":"Group 1","bm":0,"hd":false}],"ip":0,"op":210,"st":0,"bm":0},{"ddd":0,"ind":7,"ty":4,"nm":"Key - L - Fill","parent":8,"sr":1,"ks":{"o":{"a":1,"k":[{"i":{"x":[0.833],"y":[0.833]},"o":{"x":[0.167],"y":[0.167]},"t":10,"s":[0]},{"i":{"x":[0.833],"y":[0.833]},"o":{"x":[0.167],"y":[0.167]},"t":12,"s":[100]},{"i":{"x":[0.833],"y":[0.833]},"o":{"x":[0.167],"y":[0.167]},"t":23,"s":[100]},{"t":32,"s":[0]}]},"r":{"a":0,"k":0},"p":{"a":0,"k":[0,0,0]},"a":{"a":0,"k":[0,0,0]},"s":{"a":1,"k":[{"i":{"x":[0.45,0.45,0.833],"y":[1,1,1]},"o":{"x":[0.167,0.167,0.167],"y":[0.167,0.167,0]},"t":10,"s":[100,100,100]},{"i":{"x":[0,0,0.833],"y":[1,1,1]},"o":{"x":[0.1,0.1,0.167],"y":[0,0,0]},"t":20,"s":[90,90,100]},{"t":35,"s":[100,100,100]}]}},"ao":0,"shapes":[{"ty":"gr","it":[{"ind":0,"ty":"sh","ks":{"a":0,"k":{"i":[[0,0],[-1.973,0],[0,0],[0,-1.973],[0,0],[1.973,0],[0,0],[0,1.973]],"o":[[0,-1.973],[0,0],[1.973,0],[0,0],[0,1.973],[0,0],[-1.973,0],[0,0]],"v":[[-10.719,-7.146],[-7.146,-10.719],[7.146,-10.719],[10.719,-7.146],[10.719,7.146],[7.146,10.719],[-7.146,10.719],[-10.719,7.146]],"c":true}},"nm":"Path 1","hd":false},{"ty":"fl","c":{"a":0,"k":[0.317647058824,0.388235294118,0.894117647059,1]},"o":{"a":0,"k":100},"r":1,"bm":0,"nm":"Fill 1","hd":false},{"ty":"tr","p":{"a":0,"k":[0,0]},"a":{"a":0,"k":[0,0]},"s":{"a":0,"k":[100,100]},"r":{"a":0,"k":0},"o":{"a":0,"k":100},"sk":{"a":0,"k":0},"sa":{"a":0,"k":0},"nm":"Transform"}],"nm":"Group 1","bm":0,"hd":false}],"ip":0,"op":34,"st":10,"bm":0},{"ddd":0,"ind":8,"ty":4,"nm":"Key - L","parent":1,"sr":1,"ks":{"o":{"a":0,"k":100},"r":{"a":0,"k":0},"p":{"a":0,"k":[84.215,-20.95,0]},"a":{"a":0,"k":[0,0,0]},"s":{"a":1,"k":[{"i":{"x":[0.45,0.45,0.833],"y":[1,1,1]},"o":{"x":[0.167,0.167,0.167],"y":[0.167,0.167,0]},"t":10,"s":[100,100,100]},{"i":{"x":[0,0,0.833],"y":[1,1,1]},"o":{"x":[0.1,0.1,0.167],"y":[0,0,0]},"t":20,"s":[90,90,100]},{"t":35,"s":[100,100,100]}]}},"ao":0,"shapes":[{"ty":"gr","it":[{"ind":0,"ty":"sh","ks":{"a":0,"k":{"i":[[0,0],[-1.973,0],[0,0],[0,-1.973],[0,0],[1.973,0],[0,0],[0,1.973]],"o":[[0,-1.973],[0,0],[1.973,0],[0,0],[0,1.973],[0,0],[-1.973,0],[0,0]],"v":[[-10.719,-7.146],[-7.146,-10.719],[7.146,-10.719],[10.719,-7.146],[10.719,7.146],[7.146,10.719],[-7.146,10.719],[-10.719,7.146]],"c":true}},"nm":"Path 1","hd":false},{"ty":"fl","c":{"a":0,"k":[0.96862745285,0.976470589638,0.976470589638,1]},"o":{"a":0,"k":100},"r":1,"bm":0,"nm":"Fill 1","hd":false},{"ty":"tr","p":{"a":0,"k":[0,0]},"a":{"a":0,"k":[0,0]},"s":{"a":0,"k":[100,100]},"r":{"a":0,"k":0},"o":{"a":0,"k":100},"sk":{"a":0,"k":0},"sa":{"a":0,"k":0},"nm":"Transform"}],"nm":"Group 1","bm":0,"hd":false}],"ip":0,"op":220,"st":10,"bm":0},{"ddd":0,"ind":9,"ty":4,"nm":"Key - L - Shadow","parent":1,"sr":1,"ks":{"o":{"a":1,"k":[{"i":{"x":[0.833],"y":[0.833]},"o":{"x":[0.167],"y":[0.167]},"t":10,"s":[15]},{"i":{"x":[0.833],"y":[0.833]},"o":{"x":[0.167],"y":[0.167]},"t":12,"s":[0]},{"i":{"x":[0.833],"y":[0.833]},"o":{"x":[0.167],"y":[0.167]},"t":23,"s":[0]},{"t":25,"s":[15]}]},"r":{"a":0,"k":0},"p":{"a":0,"k":[84.215,-20.95,0]},"a":{"a":0,"k":[0,0,0]},"s":{"a":0,"k":[100,100,100]}},"ao":0,"ef":[{"ty":29,"nm":"Gaussian Blur","np":5,"mn":"ADBE Gaussian Blur 2","ix":1,"en":1,"ef":[{"ty":0,"nm":"Blurriness","mn":"ADBE Gaussian Blur 2-0001","ix":1,"v":{"a":0,"k":9}},{"ty":7,"nm":"Blur Dimensions","mn":"ADBE Gaussian Blur 2-0002","ix":2,"v":{"a":0,"k":1}},{"ty":7,"nm":"Repeat Edge Pixels","mn":"ADBE Gaussian Blur 2-0003","ix":3,"v":{"a":0,"k":0}}]}],"shapes":[{"ty":"gr","it":[{"ind":0,"ty":"sh","ks":{"a":0,"k":{"i":[[0,0],[-1.973,0],[0,0],[0,-1.973],[0,0],[1.973,0],[0,0],[0,1.973]],"o":[[0,-1.973],[0,0],[1.973,0],[0,0],[0,1.973],[0,0],[-1.973,0],[0,0]],"v":[[-10.719,-7.146],[-7.146,-10.719],[7.146,-10.719],[10.719,-7.146],[10.719,7.146],[7.146,10.719],[-7.146,10.719],[-10.719,7.146]],"c":true}},"nm":"Path 1","hd":false},{"ty":"fl","c":{"a":0,"k":[0.325490196078,0.325490196078,0.325490196078,1]},"o":{"a":0,"k":100},"r":1,"bm":0,"nm":"Fill 1","hd":false},{"ty":"tr","p":{"a":0,"k":[0,0]},"a":{"a":0,"k":[0,0]},"s":{"a":0,"k":[100,100]},"r":{"a":0,"k":0},"o":{"a":0,"k":100},"sk":{"a":0,"k":0},"sa":{"a":0,"k":0},"nm":"Transform"}],"nm":"Group 1","bm":0,"hd":false}],"ip":0,"op":220,"st":10,"bm":0},{"ddd":0,"ind":10,"ty":4,"nm":"Key - B - Fill","parent":11,"sr":1,"ks":{"o":{"a":1,"k":[{"i":{"x":[0.833],"y":[0.833]},"o":{"x":[0.167],"y":[0.167]},"t":19,"s":[0]},{"i":{"x":[0.833],"y":[0.833]},"o":{"x":[0.167],"y":[0.167]},"t":21,"s":[100]},{"i":{"x":[0.833],"y":[0.833]},"o":{"x":[0.167],"y":[0.167]},"t":32,"s":[100]},{"t":41,"s":[0]}]},"r":{"a":0,"k":0},"p":{"a":0,"k":[0,0,0]},"a":{"a":0,"k":[0,0,0]},"s":{"a":1,"k":[{"i":{"x":[0.45,0.45,0.833],"y":[1,1,1]},"o":{"x":[0.167,0.167,0.167],"y":[0.167,0.167,0]},"t":19,"s":[100,100,100]},{"i":{"x":[0,0,0.833],"y":[1,1,1]},"o":{"x":[0.1,0.1,0.167],"y":[0,0,0]},"t":29,"s":[90,90,100]},{"t":44,"s":[100,100,100]}]}},"ao":0,"shapes":[{"ty":"gr","it":[{"ind":0,"ty":"sh","ks":{"a":0,"k":{"i":[[0,0],[-1.973,0],[0,0],[0,-1.973],[0,0],[1.973,0],[0,0],[0,1.973]],"o":[[0,-1.973],[0,0],[1.973,0],[0,0],[0,1.973],[0,0],[-1.973,0],[0,0]],"v":[[-10.719,-7.146],[-7.146,-10.719],[7.146,-10.719],[10.719,-7.146],[10.719,7.146],[7.146,10.719],[-7.146,10.719],[-10.719,7.146]],"c":true}},"nm":"Path 1","hd":false},{"ty":"fl","c":{"a":0,"k":[0.317647058824,0.388235294118,0.894117647059,1]},"o":{"a":0,"k":100},"r":1,"bm":0,"nm":"Fill 1","hd":false},{"ty":"tr","p":{"a":0,"k":[0,0]},"a":{"a":0,"k":[0,0]},"s":{"a":0,"k":[100,100]},"r":{"a":0,"k":0},"o":{"a":0,"k":100},"sk":{"a":0,"k":0},"sa":{"a":0,"k":0},"nm":"Transform"}],"nm":"Group 1","bm":0,"hd":false}],"ip":0,"op":43,"st":19,"bm":0},{"ddd":0,"ind":11,"ty":4,"nm":"Key - B","parent":1,"sr":1,"ks":{"o":{"a":0,"k":100},"r":{"a":0,"k":0},"p":{"a":0,"k":[12.757,7.63,0]},"a":{"a":0,"k":[0,0,0]},"s":{"a":1,"k":[{"i":{"x":[0.45,0.45,0.833],"y":[1,1,1]},"o":{"x":[0.167,0.167,0.167],"y":[0.167,0.167,0]},"t":19,"s":[100,100,100]},{"i":{"x":[0,0,0.833],"y":[1,1,1]},"o":{"x":[0.1,0.1,0.167],"y":[0,0,0]},"t":29,"s":[90,90,100]},{"t":44,"s":[100,100,100]}]}},"ao":0,"shapes":[{"ty":"gr","it":[{"ind":0,"ty":"sh","ks":{"a":0,"k":{"i":[[0,0],[-1.973,0],[0,0],[0,-1.973],[0,0],[1.973,0],[0,0],[0,1.973]],"o":[[0,-1.973],[0,0],[1.973,0],[0,0],[0,1.973],[0,0],[-1.973,0],[0,0]],"v":[[-10.719,-7.146],[-7.146,-10.719],[7.146,-10.719],[10.719,-7.146],[10.719,7.146],[7.146,10.719],[-7.146,10.719],[-10.719,7.146]],"c":true}},"nm":"Path 1","hd":false},{"ty":"fl","c":{"a":0,"k":[0.96862745285,0.976470589638,0.976470589638,1]},"o":{"a":0,"k":100},"r":1,"bm":0,"nm":"Fill 1","hd":false},{"ty":"tr","p":{"a":0,"k":[0,0]},"a":{"a":0,"k":[0,0]},"s":{"a":0,"k":[100,100]},"r":{"a":0,"k":0},"o":{"a":0,"k":100},"sk":{"a":0,"k":0},"sa":{"a":0,"k":0},"nm":"Transform"}],"nm":"Group 1","bm":0,"hd":false}],"ip":0,"op":229,"st":19,"bm":0},{"ddd":0,"ind":12,"ty":4,"nm":"Key - B - Shadow","parent":1,"sr":1,"ks":{"o":{"a":1,"k":[{"i":{"x":[0.833],"y":[0.833]},"o":{"x":[0.167],"y":[0.167]},"t":19,"s":[15]},{"i":{"x":[0.833],"y":[0.833]},"o":{"x":[0.167],"y":[0.167]},"t":21,"s":[0]},{"i":{"x":[0.833],"y":[0.833]},"o":{"x":[0.167],"y":[0.167]},"t":32,"s":[0]},{"t":34,"s":[15]}]},"r":{"a":0,"k":0},"p":{"a":0,"k":[12.757,7.63,0]},"a":{"a":0,"k":[0,0,0]},"s":{"a":0,"k":[100,100,100]}},"ao":0,"ef":[{"ty":29,"nm":"Gaussian Blur","np":5,"mn":"ADBE Gaussian Blur 2","ix":1,"en":1,"ef":[{"ty":0,"nm":"Blurriness","mn":"ADBE Gaussian Blur 2-0001","ix":1,"v":{"a":0,"k":9}},{"ty":7,"nm":"Blur Dimensions","mn":"ADBE Gaussian Blur 2-0002","ix":2,"v":{"a":0,"k":1}},{"ty":7,"nm":"Repeat Edge Pixels","mn":"ADBE Gaussian Blur 2-0003","ix":3,"v":{"a":0,"k":0}}]}],"shapes":[{"ty":"gr","it":[{"ind":0,"ty":"sh","ks":{"a":0,"k":{"i":[[0,0],[-1.973,0],[0,0],[0,-1.973],[0,0],[1.973,0],[0,0],[0,1.973]],"o":[[0,-1.973],[0,0],[1.973,0],[0,0],[0,1.973],[0,0],[-1.973,0],[0,0]],"v":[[-10.719,-7.146],[-7.146,-10.719],[7.146,-10.719],[10.719,-7.146],[10.719,7.146],[7.146,10.719],[-7.146,10.719],[-10.719,7.146]],"c":true}},"nm":"Path 1","hd":false},{"ty":"fl","c":{"a":0,"k":[0.325490196078,0.325490196078,0.325490196078,1]},"o":{"a":0,"k":100},"r":1,"bm":0,"nm":"Fill 1","hd":false},{"ty":"tr","p":{"a":0,"k":[0,0]},"a":{"a":0,"k":[0,0]},"s":{"a":0,"k":[100,100]},"r":{"a":0,"k":0},"o":{"a":0,"k":100},"sk":{"a":0,"k":0},"sa":{"a":0,"k":0},"nm":"Transform"}],"nm":"Group 1","bm":0,"hd":false}],"ip":0,"op":229,"st":19,"bm":0},{"ddd":0,"ind":13,"ty":4,"nm":"Key - E - Fill","parent":14,"sr":1,"ks":{"o":{"a":1,"k":[{"i":{"x":[0.833],"y":[0.833]},"o":{"x":[0.167],"y":[0.167]},"t":28,"s":[0]},{"i":{"x":[0.833],"y":[0.833]},"o":{"x":[0.167],"y":[0.167]},"t":30,"s":[100]},{"i":{"x":[0.833],"y":[0.833]},"o":{"x":[0.167],"y":[0.167]},"t":41,"s":[100]},{"t":50,"s":[0]}]},"r":{"a":0,"k":0},"p":{"a":0,"k":[0,0,0]},"a":{"a":0,"k":[0,0,0]},"s":{"a":1,"k":[{"i":{"x":[0.45,0.45,0.833],"y":[1,1,1]},"o":{"x":[0.167,0.167,0.167],"y":[0.167,0.167,0]},"t":28,"s":[100,100,100]},{"i":{"x":[0,0,0.833],"y":[1,1,1]},"o":{"x":[0.1,0.1,0.167],"y":[0,0,0]},"t":38,"s":[90,90,100]},{"t":53,"s":[100,100,100]}]}},"ao":0,"shapes":[{"ty":"gr","it":[{"ind":0,"ty":"sh","ks":{"a":0,"k":{"i":[[0,0],[-1.973,0],[0,0],[0,-1.973],[0,0],[1.973,0],[0,0],[0,1.973]],"o":[[0,-1.973],[0,0],[1.973,0],[0,0],[0,1.973],[0,0],[-1.973,0],[0,0]],"v":[[-10.719,-7.146],[-7.146,-10.719],[7.146,-10.719],[10.719,-7.146],[10.719,7.146],[7.146,10.719],[-7.146,10.719],[-10.719,7.146]],"c":true}},"nm":"Path 1","hd":false},{"ty":"fl","c":{"a":0,"k":[0.317647058824,0.388235294118,0.894117647059,1]},"o":{"a":0,"k":100},"r":1,"bm":0,"nm":"Fill 1","hd":false},{"ty":"tr","p":{"a":0,"k":[0,0]},"a":{"a":0,"k":[0,0]},"s":{"a":0,"k":[100,100]},"r":{"a":0,"k":0},"o":{"a":0,"k":100},"sk":{"a":0,"k":0},"sa":{"a":0,"k":0},"nm":"Transform"}],"nm":"Group 1","bm":0,"hd":false}],"ip":0,"op":52,"st":28,"bm":0},{"ddd":0,"ind":14,"ty":4,"nm":"Key - E","parent":1,"sr":1,"ks":{"o":{"a":0,"k":100},"r":{"a":0,"k":0},"p":{"a":0,"k":[-44.41,-49.534,0]},"a":{"a":0,"k":[0,0,0]},"s":{"a":1,"k":[{"i":{"x":[0.45,0.45,0.833],"y":[1,1,1]},"o":{"x":[0.167,0.167,0.167],"y":[0.167,0.167,0]},"t":28,"s":[100,100,100]},{"i":{"x":[0,0,0.833],"y":[1,1,1]},"o":{"x":[0.1,0.1,0.167],"y":[0,0,0]},"t":38,"s":[90,90,100]},{"t":53,"s":[100,100,100]}]}},"ao":0,"shapes":[{"ty":"gr","it":[{"ind":0,"ty":"sh","ks":{"a":0,"k":{"i":[[0,0],[-1.973,0],[0,0],[0,-1.973],[0,0],[1.973,0],[0,0],[0,1.973]],"o":[[0,-1.973],[0,0],[1.973,0],[0,0],[0,1.973],[0,0],[-1.973,0],[0,0]],"v":[[-10.719,-7.146],[-7.146,-10.719],[7.146,-10.719],[10.719,-7.146],[10.719,7.146],[7.146,10.719],[-7.146,10.719],[-10.719,7.146]],"c":true}},"nm":"Path 1","hd":false},{"ty":"fl","c":{"a":0,"k":[0.96862745285,0.976470589638,0.976470589638,1]},"o":{"a":0,"k":100},"r":1,"bm":0,"nm":"Fill 1","hd":false},{"ty":"tr","p":{"a":0,"k":[0,0]},"a":{"a":0,"k":[0,0]},"s":{"a":0,"k":[100,100]},"r":{"a":0,"k":0},"o":{"a":0,"k":100},"sk":{"a":0,"k":0},"sa":{"a":0,"k":0},"nm":"Transform"}],"nm":"Group 1","bm":0,"hd":false}],"ip":0,"op":238,"st":28,"bm":0},{"ddd":0,"ind":15,"ty":4,"nm":"Key - E - Shadow","parent":1,"sr":1,"ks":{"o":{"a":1,"k":[{"i":{"x":[0.833],"y":[0.833]},"o":{"x":[0.167],"y":[0.167]},"t":28,"s":[15]},{"i":{"x":[0.833],"y":[0.833]},"o":{"x":[0.167],"y":[0.167]},"t":30,"s":[0]},{"i":{"x":[0.833],"y":[0.833]},"o":{"x":[0.167],"y":[0.167]},"t":41,"s":[0]},{"t":43,"s":[15]}]},"r":{"a":0,"k":0},"p":{"a":0,"k":[-44.41,-49.534,0]},"a":{"a":0,"k":[0,0,0]},"s":{"a":0,"k":[100,100,100]}},"ao":0,"ef":[{"ty":29,"nm":"Gaussian Blur","np":5,"mn":"ADBE Gaussian Blur 2","ix":1,"en":1,"ef":[{"ty":0,"nm":"Blurriness","mn":"ADBE Gaussian Blur 2-0001","ix":1,"v":{"a":0,"k":9}},{"ty":7,"nm":"Blur Dimensions","mn":"ADBE Gaussian Blur 2-0002","ix":2,"v":{"a":0,"k":1}},{"ty":7,"nm":"Repeat Edge Pixels","mn":"ADBE Gaussian Blur 2-0003","ix":3,"v":{"a":0,"k":0}}]}],"shapes":[{"ty":"gr","it":[{"ind":0,"ty":"sh","ks":{"a":0,"k":{"i":[[0,0],[-1.973,0],[0,0],[0,-1.973],[0,0],[1.973,0],[0,0],[0,1.973]],"o":[[0,-1.973],[0,0],[1.973,0],[0,0],[0,1.973],[0,0],[-1.973,0],[0,0]],"v":[[-10.719,-7.146],[-7.146,-10.719],[7.146,-10.719],[10.719,-7.146],[10.719,7.146],[7.146,10.719],[-7.146,10.719],[-10.719,7.146]],"c":true}},"nm":"Path 1","hd":false},{"ty":"fl","c":{"a":0,"k":[0.325490196078,0.325490196078,0.325490196078,1]},"o":{"a":0,"k":100},"r":1,"bm":0,"nm":"Fill 1","hd":false},{"ty":"tr","p":{"a":0,"k":[0,0]},"a":{"a":0,"k":[0,0]},"s":{"a":0,"k":[100,100]},"r":{"a":0,"k":0},"o":{"a":0,"k":100},"sk":{"a":0,"k":0},"sa":{"a":0,"k":0},"nm":"Transform"}],"nm":"Group 1","bm":0,"hd":false}],"ip":0,"op":238,"st":28,"bm":0},{"ddd":0,"ind":16,"ty":4,"nm":"Key - T - Fill","parent":17,"sr":1,"ks":{"o":{"a":1,"k":[{"i":{"x":[0.833],"y":[0.833]},"o":{"x":[0.167],"y":[0.167]},"t":37,"s":[0]},{"i":{"x":[0.833],"y":[0.833]},"o":{"x":[0.167],"y":[0.167]},"t":39,"s":[100]},{"i":{"x":[0.833],"y":[0.833]},"o":{"x":[0.167],"y":[0.167]},"t":50,"s":[100]},{"t":59,"s":[0]}]},"r":{"a":0,"k":0},"p":{"a":0,"k":[0,0,0]},"a":{"a":0,"k":[0,0,0]},"s":{"a":1,"k":[{"i":{"x":[0.45,0.45,0.833],"y":[1,1,1]},"o":{"x":[0.167,0.167,0.167],"y":[0.167,0.167,0]},"t":37,"s":[100,100,100]},{"i":{"x":[0,0,0.833],"y":[1,1,1]},"o":{"x":[0.1,0.1,0.167],"y":[0,0,0]},"t":47,"s":[90,90,100]},{"t":62,"s":[100,100,100]}]}},"ao":0,"shapes":[{"ty":"gr","it":[{"ind":0,"ty":"sh","ks":{"a":0,"k":{"i":[[0,0],[-1.973,0],[0,0],[0,-1.973],[0,0],[1.973,0],[0,0],[0,1.973]],"o":[[0,-1.973],[0,0],[1.973,0],[0,0],[0,1.973],[0,0],[-1.973,0],[0,0]],"v":[[-10.719,-7.146],[-7.146,-10.719],[7.146,-10.719],[10.719,-7.146],[10.719,7.146],[7.146,10.719],[-7.146,10.719],[-10.719,7.146]],"c":true}},"nm":"Path 1","hd":false},{"ty":"fl","c":{"a":0,"k":[0.317647058824,0.388235294118,0.894117647059,1]},"o":{"a":0,"k":100},"r":1,"bm":0,"nm":"Fill 1","hd":false},{"ty":"tr","p":{"a":0,"k":[0,0]},"a":{"a":0,"k":[0,0]},"s":{"a":0,"k":[100,100]},"r":{"a":0,"k":0},"o":{"a":0,"k":100},"sk":{"a":0,"k":0},"sa":{"a":0,"k":0},"nm":"Transform"}],"nm":"Group 1","bm":0,"hd":false}],"ip":0,"op":61,"st":37,"bm":0},{"ddd":0,"ind":17,"ty":4,"nm":"Key - T","parent":1,"sr":1,"ks":{"o":{"a":0,"k":100},"r":{"a":0,"k":0},"p":{"a":0,"k":[12.757,-49.534,0]},"a":{"a":0,"k":[0,0,0]},"s":{"a":1,"k":[{"i":{"x":[0.45,0.45,0.833],"y":[1,1,1]},"o":{"x":[0.167,0.167,0.167],"y":[0.167,0.167,0]},"t":37,"s":[100,100,100]},{"i":{"x":[0,0,0.833],"y":[1,1,1]},"o":{"x":[0.1,0.1,0.167],"y":[0,0,0]},"t":47,"s":[90,90,100]},{"t":62,"s":[100,100,100]}]}},"ao":0,"shapes":[{"ty":"gr","it":[{"ind":0,"ty":"sh","ks":{"a":0,"k":{"i":[[0,0],[-1.973,0],[0,0],[0,-1.973],[0,0],[1.973,0],[0,0],[0,1.973]],"o":[[0,-1.973],[0,0],[1.973,0],[0,0],[0,1.973],[0,0],[-1.973,0],[0,0]],"v":[[-10.719,-7.146],[-7.146,-10.719],[7.146,-10.719],[10.719,-7.146],[10.719,7.146],[7.146,10.719],[-7.146,10.719],[-10.719,7.146]],"c":true}},"nm":"Path 1","hd":false},{"ty":"fl","c":{"a":0,"k":[0.96862745285,0.976470589638,0.976470589638,1]},"o":{"a":0,"k":100},"r":1,"bm":0,"nm":"Fill 1","hd":false},{"ty":"tr","p":{"a":0,"k":[0,0]},"a":{"a":0,"k":[0,0]},"s":{"a":0,"k":[100,100]},"r":{"a":0,"k":0},"o":{"a":0,"k":100},"sk":{"a":0,"k":0},"sa":{"a":0,"k":0},"nm":"Transform"}],"nm":"Group 1","bm":0,"hd":false}],"ip":0,"op":247,"st":37,"bm":0},{"ddd":0,"ind":18,"ty":4,"nm":"Key - T - Shadow","parent":1,"sr":1,"ks":{"o":{"a":1,"k":[{"i":{"x":[0.833],"y":[0.833]},"o":{"x":[0.167],"y":[0.167]},"t":37,"s":[15]},{"i":{"x":[0.833],"y":[0.833]},"o":{"x":[0.167],"y":[0.167]},"t":39,"s":[0]},{"i":{"x":[0.833],"y":[0.833]},"o":{"x":[0.167],"y":[0.167]},"t":50,"s":[0]},{"t":52,"s":[15]}]},"r":{"a":0,"k":0},"p":{"a":0,"k":[12.757,-49.534,0]},"a":{"a":0,"k":[0,0,0]},"s":{"a":0,"k":[100,100,100]}},"ao":0,"ef":[{"ty":29,"nm":"Gaussian Blur","np":5,"mn":"ADBE Gaussian Blur 2","ix":1,"en":1,"ef":[{"ty":0,"nm":"Blurriness","mn":"ADBE Gaussian Blur 2-0001","ix":1,"v":{"a":0,"k":9}},{"ty":7,"nm":"Blur Dimensions","mn":"ADBE Gaussian Blur 2-0002","ix":2,"v":{"a":0,"k":1}},{"ty":7,"nm":"Repeat Edge Pixels","mn":"ADBE Gaussian Blur 2-0003","ix":3,"v":{"a":0,"k":0}}]}],"shapes":[{"ty":"gr","it":[{"ind":0,"ty":"sh","ks":{"a":0,"k":{"i":[[0,0],[-1.973,0],[0,0],[0,-1.973],[0,0],[1.973,0],[0,0],[0,1.973]],"o":[[0,-1.973],[0,0],[1.973,0],[0,0],[0,1.973],[0,0],[-1.973,0],[0,0]],"v":[[-10.719,-7.146],[-7.146,-10.719],[7.146,-10.719],[10.719,-7.146],[10.719,7.146],[7.146,10.719],[-7.146,10.719],[-10.719,7.146]],"c":true}},"nm":"Path 1","hd":false},{"ty":"fl","c":{"a":0,"k":[0.325490196078,0.325490196078,0.325490196078,1]},"o":{"a":0,"k":100},"r":1,"bm":0,"nm":"Fill 1","hd":false},{"ty":"tr","p":{"a":0,"k":[0,0]},"a":{"a":0,"k":[0,0]},"s":{"a":0,"k":[100,100]},"r":{"a":0,"k":0},"o":{"a":0,"k":100},"sk":{"a":0,"k":0},"sa":{"a":0,"k":0},"nm":"Transform"}],"nm":"Group 1","bm":0,"hd":false}],"ip":0,"op":247,"st":37,"bm":0},{"ddd":0,"ind":19,"ty":0,"nm":"03 - Keyboard - SV2 - Non-ActiveKeys","parent":1,"refId":"comp_1","sr":1,"ks":{"o":{"a":0,"k":100},"r":{"a":0,"k":0},"p":{"a":0,"k":[0,0,0]},"a":{"a":0,"k":[276,276,0]},"s":{"a":0,"k":[100,100,100]}},"ao":0,"w":552,"h":552,"ip":0,"op":210,"st":0,"bm":0},{"ddd":0,"ind":20,"ty":0,"nm":"03 - Keyboard - SV2 - Non-ActiveKeys - Shadow","parent":1,"refId":"comp_2","sr":1,"ks":{"o":{"a":0,"k":15},"r":{"a":0,"k":0},"p":{"a":0,"k":[0,0,0]},"a":{"a":0,"k":[276,276,0]},"s":{"a":0,"k":[100,100,100]}},"ao":0,"ef":[{"ty":29,"nm":"Gaussian Blur","np":5,"mn":"ADBE Gaussian Blur 2","ix":1,"en":1,"ef":[{"ty":0,"nm":"Blurriness","mn":"ADBE Gaussian Blur 2-0001","ix":1,"v":{"a":0,"k":9}},{"ty":7,"nm":"Blur Dimensions","mn":"ADBE Gaussian Blur 2-0002","ix":2,"v":{"a":0,"k":1}},{"ty":7,"nm":"Repeat Edge Pixels","mn":"ADBE Gaussian Blur 2-0003","ix":3,"v":{"a":0,"k":0}}]}],"w":552,"h":552,"ip":0,"op":210,"st":0,"bm":0},{"ddd":0,"ind":21,"ty":4,"nm":"Keyboard - Base","sr":1,"ks":{"o":{"a":0,"k":100},"r":{"a":0,"k":0},"p":{"a":0,"k":[275.095,272.457,0]},"a":{"a":0,"k":[0,0,0]},"s":{"a":0,"k":[100,100,100]}},"ao":0,"shapes":[{"ty":"gr","it":[{"ind":0,"ty":"sh","ks":{"a":0,"k":{"i":[[7.732,0],[0,0],[0,7.732],[0,0],[-7.732,0],[0,0],[0,-7.732],[0,0]],"o":[[0,0],[-7.732,0],[0,0],[0,-7.732],[0,0],[7.732,0],[0,0],[0,7.732]],"v":[[157.5,85.5],[-157.5,85.5],[-171.5,71.5],[-171.5,-71.5],[-157.5,-85.5],[157.5,-85.5],[171.5,-71.5],[171.5,71.5]],"c":true}},"nm":"Path 1","hd":false},{"ty":"fl","c":{"a":0,"k":[0.901960790157,0.901960790157,0.901960790157,1]},"o":{"a":0,"k":100},"r":1,"bm":0,"nm":"Fill 1","hd":false},{"ty":"tr","p":{"a":0,"k":[0,0]},"a":{"a":0,"k":[0,0]},"s":{"a":0,"k":[100,100]},"r":{"a":0,"k":0},"o":{"a":0,"k":100},"sk":{"a":0,"k":0},"sa":{"a":0,"k":0},"nm":"Transform"}],"nm":"Group 1","bm":0,"hd":false}],"ip":0,"op":210,"st":0,"bm":0}]},{"id":"comp_1","nm":"03 - Keyboard - SV2 - Non-ActiveKeys","layers":[{"ddd":0,"ind":1,"ty":4,"nm":"Layer 35","sr":1,"ks":{"o":{"a":0,"k":100},"r":{"a":0,"k":0},"p":{"a":0,"k":[403.09,312.214,0]},"a":{"a":0,"k":[0,0,0]},"s":{"a":0,"k":[100,100,100]}},"ao":0,"shapes":[{"ty":"gr","it":[{"ind":0,"ty":"sh","ks":{"a":0,"k":{"i":[[0,0],[-1.973,0],[0,0],[0,-1.973],[0,0],[1.973,0],[0,0],[0,1.973]],"o":[[0,-1.973],[0,0],[1.973,0],[0,0],[0,1.973],[0,0],[-1.973,0],[0,0]],"v":[[-10.719,-7.146],[-7.146,-10.719],[7.146,-10.719],[10.719,-7.146],[10.719,7.146],[7.146,10.719],[-7.146,10.719],[-10.719,7.146]],"c":true}},"nm":"Path 1","hd":false},{"ty":"fl","c":{"a":0,"k":[0.96862745285,0.976470589638,0.976470589638,1]},"o":{"a":0,"k":100},"r":1,"bm":0,"nm":"Fill 1","hd":false},{"ty":"tr","p":{"a":0,"k":[0,0]},"a":{"a":0,"k":[0,0]},"s":{"a":0,"k":[100,100]},"r":{"a":0,"k":0},"o":{"a":0,"k":100},"sk":{"a":0,"k":0},"sa":{"a":0,"k":0},"nm":"Transform"}],"nm":"Group 1","bm":0,"hd":false}],"ip":0,"op":210,"st":0,"bm":0},{"ddd":0,"ind":2,"ty":4,"nm":"Layer 34","sr":1,"ks":{"o":{"a":0,"k":100},"r":{"a":0,"k":0},"p":{"a":0,"k":[374.507,312.214,0]},"a":{"a":0,"k":[0,0,0]},"s":{"a":0,"k":[100,100,100]}},"ao":0,"shapes":[{"ty":"gr","it":[{"ind":0,"ty":"sh","ks":{"a":0,"k":{"i":[[0,0],[-1.973,0],[0,0],[0,-1.973],[0,0],[1.973,0],[0,0],[0,1.973]],"o":[[0,-1.973],[0,0],[1.973,0],[0,0],[0,1.973],[0,0],[-1.973,0],[0,0]],"v":[[-10.719,-7.146],[-7.146,-10.719],[7.146,-10.719],[10.719,-7.146],[10.719,7.146],[7.146,10.719],[-7.146,10.719],[-10.719,7.146]],"c":true}},"nm":"Path 1","hd":false},{"ty":"fl","c":{"a":0,"k":[0.96862745285,0.976470589638,0.976470589638,1]},"o":{"a":0,"k":100},"r":1,"bm":0,"nm":"Fill 1","hd":false},{"ty":"tr","p":{"a":0,"k":[0,0]},"a":{"a":0,"k":[0,0]},"s":{"a":0,"k":[100,100]},"r":{"a":0,"k":0},"o":{"a":0,"k":100},"sk":{"a":0,"k":0},"sa":{"a":0,"k":0},"nm":"Transform"}],"nm":"Group 1","bm":0,"hd":false}],"ip":0,"op":210,"st":0,"bm":0},{"ddd":0,"ind":3,"ty":4,"nm":"Layer 33","sr":1,"ks":{"o":{"a":0,"k":100},"r":{"a":0,"k":0},"p":{"a":0,"k":[274.465,312.214,0]},"a":{"a":0,"k":[0,0,0]},"s":{"a":0,"k":[100,100,100]}},"ao":0,"shapes":[{"ty":"gr","it":[{"ind":0,"ty":"sh","ks":{"a":0,"k":{"i":[[0,0],[-1.973,0],[0,0],[0,-1.973],[0,0],[1.973,0],[0,0],[0,1.973]],"o":[[0,-1.973],[0,0],[1.973,0],[0,0],[0,1.973],[0,0],[-1.973,0],[0,0]],"v":[[-82.177,-7.146],[-78.604,-10.719],[78.604,-10.719],[82.177,-7.146],[82.177,7.146],[78.604,10.719],[-78.604,10.719],[-82.177,7.146]],"c":true}},"nm":"Path 1","hd":false},{"ty":"fl","c":{"a":0,"k":[0.96862745285,0.976470589638,0.976470589638,1]},"o":{"a":0,"k":100},"r":1,"bm":0,"nm":"Fill 1","hd":false},{"ty":"tr","p":{"a":0,"k":[0,0]},"a":{"a":0,"k":[0,0]},"s":{"a":0,"k":[100,100]},"r":{"a":0,"k":0},"o":{"a":0,"k":100},"sk":{"a":0,"k":0},"sa":{"a":0,"k":0},"nm":"Transform"}],"nm":"Group 1","bm":0,"hd":false}],"ip":0,"op":210,"st":0,"bm":0},{"ddd":0,"ind":4,"ty":4,"nm":"Layer 32","sr":1,"ks":{"o":{"a":0,"k":100},"r":{"a":0,"k":0},"p":{"a":0,"k":[174.423,312.214,0]},"a":{"a":0,"k":[0,0,0]},"s":{"a":0,"k":[100,100,100]}},"ao":0,"shapes":[{"ty":"gr","it":[{"ind":0,"ty":"sh","ks":{"a":0,"k":{"i":[[0,0],[-1.973,0],[0,0],[0,-1.973],[0,0],[1.973,0],[0,0],[0,1.973]],"o":[[0,-1.973],[0,0],[1.973,0],[0,0],[0,1.973],[0,0],[-1.973,0],[0,0]],"v":[[-10.719,-7.146],[-7.146,-10.719],[7.146,-10.719],[10.719,-7.146],[10.719,7.146],[7.146,10.719],[-7.146,10.719],[-10.719,7.146]],"c":true}},"nm":"Path 1","hd":false},{"ty":"fl","c":{"a":0,"k":[0.96862745285,0.976470589638,0.976470589638,1]},"o":{"a":0,"k":100},"r":1,"bm":0,"nm":"Fill 1","hd":false},{"ty":"tr","p":{"a":0,"k":[0,0]},"a":{"a":0,"k":[0,0]},"s":{"a":0,"k":[100,100]},"r":{"a":0,"k":0},"o":{"a":0,"k":100},"sk":{"a":0,"k":0},"sa":{"a":0,"k":0},"nm":"Transform"}],"nm":"Group 1","bm":0,"hd":false}],"ip":0,"op":210,"st":0,"bm":0},{"ddd":0,"ind":5,"ty":4,"nm":"Layer 31","sr":1,"ks":{"o":{"a":0,"k":100},"r":{"a":0,"k":0},"p":{"a":0,"k":[145.84,312.214,0]},"a":{"a":0,"k":[0,0,0]},"s":{"a":0,"k":[100,100,100]}},"ao":0,"shapes":[{"ty":"gr","it":[{"ind":0,"ty":"sh","ks":{"a":0,"k":{"i":[[0,0],[-1.973,0],[0,0],[0,-1.973],[0,0],[1.973,0],[0,0],[0,1.973]],"o":[[0,-1.973],[0,0],[1.973,0],[0,0],[0,1.973],[0,0],[-1.973,0],[0,0]],"v":[[-10.719,-7.146],[-7.146,-10.719],[7.146,-10.719],[10.719,-7.146],[10.719,7.146],[7.146,10.719],[-7.146,10.719],[-10.719,7.146]],"c":true}},"nm":"Path 1","hd":false},{"ty":"fl","c":{"a":0,"k":[0.96862745285,0.976470589638,0.976470589638,1]},"o":{"a":0,"k":100},"r":1,"bm":0,"nm":"Fill 1","hd":false},{"ty":"tr","p":{"a":0,"k":[0,0]},"a":{"a":0,"k":[0,0]},"s":{"a":0,"k":[100,100]},"r":{"a":0,"k":0},"o":{"a":0,"k":100},"sk":{"a":0,"k":0},"sa":{"a":0,"k":0},"nm":"Transform"}],"nm":"Group 1","bm":0,"hd":false}],"ip":0,"op":210,"st":0,"bm":0},{"ddd":0,"ind":6,"ty":4,"nm":"Layer 30","sr":1,"ks":{"o":{"a":0,"k":100},"r":{"a":0,"k":0},"p":{"a":0,"k":[388.798,283.63,0]},"a":{"a":0,"k":[0,0,0]},"s":{"a":0,"k":[100,100,100]}},"ao":0,"shapes":[{"ty":"gr","it":[{"ind":0,"ty":"sh","ks":{"a":0,"k":{"i":[[0,0],[-1.973,0],[0,0],[0,-1.973],[0,0],[1.973,0],[0,0],[0,1.973]],"o":[[0,-1.973],[0,0],[1.973,0],[0,0],[0,1.973],[0,0],[-1.973,0],[0,0]],"v":[[-25.01,-7.146],[-21.438,-10.719],[21.438,-10.719],[25.01,-7.146],[25.01,7.146],[21.438,10.719],[-21.438,10.719],[-25.01,7.146]],"c":true}},"nm":"Path 1","hd":false},{"ty":"fl","c":{"a":0,"k":[0.96862745285,0.976470589638,0.976470589638,1]},"o":{"a":0,"k":100},"r":1,"bm":0,"nm":"Fill 1","hd":false},{"ty":"tr","p":{"a":0,"k":[0,0]},"a":{"a":0,"k":[0,0]},"s":{"a":0,"k":[100,100]},"r":{"a":0,"k":0},"o":{"a":0,"k":100},"sk":{"a":0,"k":0},"sa":{"a":0,"k":0},"nm":"Transform"}],"nm":"Group 1","bm":0,"hd":false}],"ip":0,"op":210,"st":0,"bm":0},{"ddd":0,"ind":7,"ty":4,"nm":"Layer 29","sr":1,"ks":{"o":{"a":0,"k":100},"r":{"a":0,"k":0},"p":{"a":0,"k":[345.923,283.63,0]},"a":{"a":0,"k":[0,0,0]},"s":{"a":0,"k":[100,100,100]}},"ao":0,"shapes":[{"ty":"gr","it":[{"ind":0,"ty":"sh","ks":{"a":0,"k":{"i":[[0,0],[-1.973,0],[0,0],[0,-1.973],[0,0],[1.973,0],[0,0],[0,1.973]],"o":[[0,-1.973],[0,0],[1.973,0],[0,0],[0,1.973],[0,0],[-1.973,0],[0,0]],"v":[[-10.719,-7.146],[-7.146,-10.719],[7.146,-10.719],[10.719,-7.146],[10.719,7.146],[7.146,10.719],[-7.146,10.719],[-10.719,7.146]],"c":true}},"nm":"Path 1","hd":false},{"ty":"fl","c":{"a":0,"k":[0.96862745285,0.976470589638,0.976470589638,1]},"o":{"a":0,"k":100},"r":1,"bm":0,"nm":"Fill 1","hd":false},{"ty":"tr","p":{"a":0,"k":[0,0]},"a":{"a":0,"k":[0,0]},"s":{"a":0,"k":[100,100]},"r":{"a":0,"k":0},"o":{"a":0,"k":100},"sk":{"a":0,"k":0},"sa":{"a":0,"k":0},"nm":"Transform"}],"nm":"Group 1","bm":0,"hd":false}],"ip":0,"op":210,"st":0,"bm":0},{"ddd":0,"ind":8,"ty":4,"nm":"Layer 28","sr":1,"ks":{"o":{"a":0,"k":100},"r":{"a":0,"k":0},"p":{"a":0,"k":[317.34,283.63,0]},"a":{"a":0,"k":[0,0,0]},"s":{"a":0,"k":[100,100,100]}},"ao":0,"shapes":[{"ty":"gr","it":[{"ind":0,"ty":"sh","ks":{"a":0,"k":{"i":[[0,0],[-1.973,0],[0,0],[0,-1.973],[0,0],[1.973,0],[0,0],[0,1.973]],"o":[[0,-1.973],[0,0],[1.973,0],[0,0],[0,1.973],[0,0],[-1.973,0],[0,0]],"v":[[-10.719,-7.146],[-7.146,-10.719],[7.146,-10.719],[10.719,-7.146],[10.719,7.146],[7.146,10.719],[-7.146,10.719],[-10.719,7.146]],"c":true}},"nm":"Path 1","hd":false},{"ty":"fl","c":{"a":0,"k":[0.96862745285,0.976470589638,0.976470589638,1]},"o":{"a":0,"k":100},"r":1,"bm":0,"nm":"Fill 1","hd":false},{"ty":"tr","p":{"a":0,"k":[0,0]},"a":{"a":0,"k":[0,0]},"s":{"a":0,"k":[100,100]},"r":{"a":0,"k":0},"o":{"a":0,"k":100},"sk":{"a":0,"k":0},"sa":{"a":0,"k":0},"nm":"Transform"}],"nm":"Group 1","bm":0,"hd":false}],"ip":0,"op":210,"st":0,"bm":0},{"ddd":0,"ind":9,"ty":4,"nm":"Layer 26","sr":1,"ks":{"o":{"a":0,"k":100},"r":{"a":0,"k":0},"p":{"a":0,"k":[260.173,283.63,0]},"a":{"a":0,"k":[0,0,0]},"s":{"a":0,"k":[100,100,100]}},"ao":0,"shapes":[{"ty":"gr","it":[{"ind":0,"ty":"sh","ks":{"a":0,"k":{"i":[[0,0],[-1.973,0],[0,0],[0,-1.973],[0,0],[1.973,0],[0,0],[0,1.973]],"o":[[0,-1.973],[0,0],[1.973,0],[0,0],[0,1.973],[0,0],[-1.973,0],[0,0]],"v":[[-10.719,-7.146],[-7.146,-10.719],[7.146,-10.719],[10.719,-7.146],[10.719,7.146],[7.146,10.719],[-7.146,10.719],[-10.719,7.146]],"c":true}},"nm":"Path 1","hd":false},{"ty":"fl","c":{"a":0,"k":[0.96862745285,0.976470589638,0.976470589638,1]},"o":{"a":0,"k":100},"r":1,"bm":0,"nm":"Fill 1","hd":false},{"ty":"tr","p":{"a":0,"k":[0,0]},"a":{"a":0,"k":[0,0]},"s":{"a":0,"k":[100,100]},"r":{"a":0,"k":0},"o":{"a":0,"k":100},"sk":{"a":0,"k":0},"sa":{"a":0,"k":0},"nm":"Transform"}],"nm":"Group 1","bm":0,"hd":false}],"ip":0,"op":210,"st":0,"bm":0},{"ddd":0,"ind":10,"ty":4,"nm":"Layer 25","sr":1,"ks":{"o":{"a":0,"k":100},"r":{"a":0,"k":0},"p":{"a":0,"k":[231.59,283.63,0]},"a":{"a":0,"k":[0,0,0]},"s":{"a":0,"k":[100,100,100]}},"ao":0,"shapes":[{"ty":"gr","it":[{"ind":0,"ty":"sh","ks":{"a":0,"k":{"i":[[0,0],[-1.973,0],[0,0],[0,-1.973],[0,0],[1.973,0],[0,0],[0,1.973]],"o":[[0,-1.973],[0,0],[1.973,0],[0,0],[0,1.973],[0,0],[-1.973,0],[0,0]],"v":[[-10.719,-7.146],[-7.146,-10.719],[7.146,-10.719],[10.719,-7.146],[10.719,7.146],[7.146,10.719],[-7.146,10.719],[-10.719,7.146]],"c":true}},"nm":"Path 1","hd":false},{"ty":"fl","c":{"a":0,"k":[0.96862745285,0.976470589638,0.976470589638,1]},"o":{"a":0,"k":100},"r":1,"bm":0,"nm":"Fill 1","hd":false},{"ty":"tr","p":{"a":0,"k":[0,0]},"a":{"a":0,"k":[0,0]},"s":{"a":0,"k":[100,100]},"r":{"a":0,"k":0},"o":{"a":0,"k":100},"sk":{"a":0,"k":0},"sa":{"a":0,"k":0},"nm":"Transform"}],"nm":"Group 1","bm":0,"hd":false}],"ip":0,"op":210,"st":0,"bm":0},{"ddd":0,"ind":11,"ty":4,"nm":"Layer 24","sr":1,"ks":{"o":{"a":0,"k":100},"r":{"a":0,"k":0},"p":{"a":0,"k":[203.007,283.63,0]},"a":{"a":0,"k":[0,0,0]},"s":{"a":0,"k":[100,100,100]}},"ao":0,"shapes":[{"ty":"gr","it":[{"ind":0,"ty":"sh","ks":{"a":0,"k":{"i":[[0,0],[-1.973,0],[0,0],[0,-1.973],[0,0],[1.973,0],[0,0],[0,1.973]],"o":[[0,-1.973],[0,0],[1.973,0],[0,0],[0,1.973],[0,0],[-1.973,0],[0,0]],"v":[[-10.719,-7.146],[-7.146,-10.719],[7.146,-10.719],[10.719,-7.146],[10.719,7.146],[7.146,10.719],[-7.146,10.719],[-10.719,7.146]],"c":true}},"nm":"Path 1","hd":false},{"ty":"fl","c":{"a":0,"k":[0.96862745285,0.976470589638,0.976470589638,1]},"o":{"a":0,"k":100},"r":1,"bm":0,"nm":"Fill 1","hd":false},{"ty":"tr","p":{"a":0,"k":[0,0]},"a":{"a":0,"k":[0,0]},"s":{"a":0,"k":[100,100]},"r":{"a":0,"k":0},"o":{"a":0,"k":100},"sk":{"a":0,"k":0},"sa":{"a":0,"k":0},"nm":"Transform"}],"nm":"Group 1","bm":0,"hd":false}],"ip":0,"op":210,"st":0,"bm":0},{"ddd":0,"ind":12,"ty":4,"nm":"Layer 23","sr":1,"ks":{"o":{"a":0,"k":100},"r":{"a":0,"k":0},"p":{"a":0,"k":[160.132,283.63,0]},"a":{"a":0,"k":[0,0,0]},"s":{"a":0,"k":[100,100,100]}},"ao":0,"shapes":[{"ty":"gr","it":[{"ind":0,"ty":"sh","ks":{"a":0,"k":{"i":[[0,0],[-1.973,0],[0,0],[0,-1.973],[0,0],[1.973,0],[0,0],[0,1.973]],"o":[[0,-1.973],[0,0],[1.973,0],[0,0],[0,1.973],[0,0],[-1.973,0],[0,0]],"v":[[-25.01,-7.146],[-21.438,-10.719],[21.438,-10.719],[25.01,-7.146],[25.01,7.146],[21.438,10.719],[-21.438,10.719],[-25.01,7.146]],"c":true}},"nm":"Path 1","hd":false},{"ty":"fl","c":{"a":0,"k":[0.96862745285,0.976470589638,0.976470589638,1]},"o":{"a":0,"k":100},"r":1,"bm":0,"nm":"Fill 1","hd":false},{"ty":"tr","p":{"a":0,"k":[0,0]},"a":{"a":0,"k":[0,0]},"s":{"a":0,"k":[100,100]},"r":{"a":0,"k":0},"o":{"a":0,"k":100},"sk":{"a":0,"k":0},"sa":{"a":0,"k":0},"nm":"Transform"}],"nm":"Group 1","bm":0,"hd":false}],"ip":0,"op":210,"st":0,"bm":0},{"ddd":0,"ind":13,"ty":4,"nm":"Layer 22","sr":1,"ks":{"o":{"a":0,"k":100},"r":{"a":0,"k":0},"p":{"a":0,"k":[395.944,255.05,0]},"a":{"a":0,"k":[0,0,0]},"s":{"a":0,"k":[100,100,100]}},"ao":0,"shapes":[{"ty":"gr","it":[{"ind":0,"ty":"sh","ks":{"a":0,"k":{"i":[[0,0],[-1.973,0],[0,0],[0,-1.973],[0,0],[1.973,0],[0,0],[0,1.973]],"o":[[0,-1.973],[0,0],[1.973,0],[0,0],[0,1.973],[0,0],[-1.973,0],[0,0]],"v":[[-17.865,-7.146],[-14.292,-10.719],[14.292,-10.719],[17.865,-7.146],[17.865,7.146],[14.292,10.719],[-14.292,10.719],[-17.865,7.146]],"c":true}},"nm":"Path 1","hd":false},{"ty":"fl","c":{"a":0,"k":[0.96862745285,0.976470589638,0.976470589638,1]},"o":{"a":0,"k":100},"r":1,"bm":0,"nm":"Fill 1","hd":false},{"ty":"tr","p":{"a":0,"k":[0,0]},"a":{"a":0,"k":[0,0]},"s":{"a":0,"k":[100,100]},"r":{"a":0,"k":0},"o":{"a":0,"k":100},"sk":{"a":0,"k":0},"sa":{"a":0,"k":0},"nm":"Transform"}],"nm":"Group 1","bm":0,"hd":false}],"ip":0,"op":210,"st":0,"bm":0},{"ddd":0,"ind":14,"ty":4,"nm":"Layer 20","sr":1,"ks":{"o":{"a":0,"k":100},"r":{"a":0,"k":0},"p":{"a":0,"k":[331.632,255.05,0]},"a":{"a":0,"k":[0,0,0]},"s":{"a":0,"k":[100,100,100]}},"ao":0,"shapes":[{"ty":"gr","it":[{"ind":0,"ty":"sh","ks":{"a":0,"k":{"i":[[0,0],[-1.973,0],[0,0],[0,-1.973],[0,0],[1.973,0],[0,0],[0,1.973]],"o":[[0,-1.973],[0,0],[1.973,0],[0,0],[0,1.973],[0,0],[-1.973,0],[0,0]],"v":[[-10.719,-7.146],[-7.146,-10.719],[7.146,-10.719],[10.719,-7.146],[10.719,7.146],[7.146,10.719],[-7.146,10.719],[-10.719,7.146]],"c":true}},"nm":"Path 1","hd":false},{"ty":"fl","c":{"a":0,"k":[0.96862745285,0.976470589638,0.976470589638,1]},"o":{"a":0,"k":100},"r":1,"bm":0,"nm":"Fill 1","hd":false},{"ty":"tr","p":{"a":0,"k":[0,0]},"a":{"a":0,"k":[0,0]},"s":{"a":0,"k":[100,100]},"r":{"a":0,"k":0},"o":{"a":0,"k":100},"sk":{"a":0,"k":0},"sa":{"a":0,"k":0},"nm":"Transform"}],"nm":"Group 1","bm":0,"hd":false}],"ip":0,"op":210,"st":0,"bm":0},{"ddd":0,"ind":15,"ty":4,"nm":"Layer 19","sr":1,"ks":{"o":{"a":0,"k":100},"r":{"a":0,"k":0},"p":{"a":0,"k":[303.048,255.05,0]},"a":{"a":0,"k":[0,0,0]},"s":{"a":0,"k":[100,100,100]}},"ao":0,"shapes":[{"ty":"gr","it":[{"ind":0,"ty":"sh","ks":{"a":0,"k":{"i":[[0,0],[-1.973,0],[0,0],[0,-1.973],[0,0],[1.973,0],[0,0],[0,1.973]],"o":[[0,-1.973],[0,0],[1.973,0],[0,0],[0,1.973],[0,0],[-1.973,0],[0,0]],"v":[[-10.719,-7.146],[-7.146,-10.719],[7.146,-10.719],[10.719,-7.146],[10.719,7.146],[7.146,10.719],[-7.146,10.719],[-10.719,7.146]],"c":true}},"nm":"Path 1","hd":false},{"ty":"fl","c":{"a":0,"k":[0.96862745285,0.976470589638,0.976470589638,1]},"o":{"a":0,"k":100},"r":1,"bm":0,"nm":"Fill 1","hd":false},{"ty":"tr","p":{"a":0,"k":[0,0]},"a":{"a":0,"k":[0,0]},"s":{"a":0,"k":[100,100]},"r":{"a":0,"k":0},"o":{"a":0,"k":100},"sk":{"a":0,"k":0},"sa":{"a":0,"k":0},"nm":"Transform"}],"nm":"Group 1","bm":0,"hd":false}],"ip":0,"op":210,"st":0,"bm":0},{"ddd":0,"ind":16,"ty":4,"nm":"Layer 18","sr":1,"ks":{"o":{"a":0,"k":100},"r":{"a":0,"k":0},"p":{"a":0,"k":[274.465,255.05,0]},"a":{"a":0,"k":[0,0,0]},"s":{"a":0,"k":[100,100,100]}},"ao":0,"shapes":[{"ty":"gr","it":[{"ind":0,"ty":"sh","ks":{"a":0,"k":{"i":[[0,0],[-1.973,0],[0,0],[0,-1.973],[0,0],[1.973,0],[0,0],[0,1.973]],"o":[[0,-1.973],[0,0],[1.973,0],[0,0],[0,1.973],[0,0],[-1.973,0],[0,0]],"v":[[-10.719,-7.146],[-7.146,-10.719],[7.146,-10.719],[10.719,-7.146],[10.719,7.146],[7.146,10.719],[-7.146,10.719],[-10.719,7.146]],"c":true}},"nm":"Path 1","hd":false},{"ty":"fl","c":{"a":0,"k":[0.96862745285,0.976470589638,0.976470589638,1]},"o":{"a":0,"k":100},"r":1,"bm":0,"nm":"Fill 1","hd":false},{"ty":"tr","p":{"a":0,"k":[0,0]},"a":{"a":0,"k":[0,0]},"s":{"a":0,"k":[100,100]},"r":{"a":0,"k":0},"o":{"a":0,"k":100},"sk":{"a":0,"k":0},"sa":{"a":0,"k":0},"nm":"Transform"}],"nm":"Group 1","bm":0,"hd":false}],"ip":0,"op":210,"st":0,"bm":0},{"ddd":0,"ind":17,"ty":4,"nm":"Layer 17","sr":1,"ks":{"o":{"a":0,"k":100},"r":{"a":0,"k":0},"p":{"a":0,"k":[245.882,255.05,0]},"a":{"a":0,"k":[0,0,0]},"s":{"a":0,"k":[100,100,100]}},"ao":0,"shapes":[{"ty":"gr","it":[{"ind":0,"ty":"sh","ks":{"a":0,"k":{"i":[[0,0],[-1.973,0],[0,0],[0,-1.973],[0,0],[1.973,0],[0,0],[0,1.973]],"o":[[0,-1.973],[0,0],[1.973,0],[0,0],[0,1.973],[0,0],[-1.973,0],[0,0]],"v":[[-10.719,-7.146],[-7.146,-10.719],[7.146,-10.719],[10.719,-7.146],[10.719,7.146],[7.146,10.719],[-7.146,10.719],[-10.719,7.146]],"c":true}},"nm":"Path 1","hd":false},{"ty":"fl","c":{"a":0,"k":[0.96862745285,0.976470589638,0.976470589638,1]},"o":{"a":0,"k":100},"r":1,"bm":0,"nm":"Fill 1","hd":false},{"ty":"tr","p":{"a":0,"k":[0,0]},"a":{"a":0,"k":[0,0]},"s":{"a":0,"k":[100,100]},"r":{"a":0,"k":0},"o":{"a":0,"k":100},"sk":{"a":0,"k":0},"sa":{"a":0,"k":0},"nm":"Transform"}],"nm":"Group 1","bm":0,"hd":false}],"ip":0,"op":210,"st":0,"bm":0},{"ddd":0,"ind":18,"ty":4,"nm":"Layer 16","sr":1,"ks":{"o":{"a":0,"k":100},"r":{"a":0,"k":0},"p":{"a":0,"k":[217.298,255.05,0]},"a":{"a":0,"k":[0,0,0]},"s":{"a":0,"k":[100,100,100]}},"ao":0,"shapes":[{"ty":"gr","it":[{"ind":0,"ty":"sh","ks":{"a":0,"k":{"i":[[0,0],[-1.973,0],[0,0],[0,-1.973],[0,0],[1.973,0],[0,0],[0,1.973]],"o":[[0,-1.973],[0,0],[1.973,0],[0,0],[0,1.973],[0,0],[-1.973,0],[0,0]],"v":[[-10.719,-7.146],[-7.146,-10.719],[7.146,-10.719],[10.719,-7.146],[10.719,7.146],[7.146,10.719],[-7.146,10.719],[-10.719,7.146]],"c":true}},"nm":"Path 1","hd":false},{"ty":"fl","c":{"a":0,"k":[0.96862745285,0.976470589638,0.976470589638,1]},"o":{"a":0,"k":100},"r":1,"bm":0,"nm":"Fill 1","hd":false},{"ty":"tr","p":{"a":0,"k":[0,0]},"a":{"a":0,"k":[0,0]},"s":{"a":0,"k":[100,100]},"r":{"a":0,"k":0},"o":{"a":0,"k":100},"sk":{"a":0,"k":0},"sa":{"a":0,"k":0},"nm":"Transform"}],"nm":"Group 1","bm":0,"hd":false}],"ip":0,"op":210,"st":0,"bm":0},{"ddd":0,"ind":19,"ty":4,"nm":"Layer 14","sr":1,"ks":{"o":{"a":0,"k":100},"r":{"a":0,"k":0},"p":{"a":0,"k":[152.986,255.05,0]},"a":{"a":0,"k":[0,0,0]},"s":{"a":0,"k":[100,100,100]}},"ao":0,"shapes":[{"ty":"gr","it":[{"ind":0,"ty":"sh","ks":{"a":0,"k":{"i":[[0,0],[-1.973,0],[0,0],[0,-1.973],[0,0],[1.973,0],[0,0],[0,1.973]],"o":[[0,-1.973],[0,0],[1.973,0],[0,0],[0,1.973],[0,0],[-1.973,0],[0,0]],"v":[[-17.865,-7.146],[-14.292,-10.719],[14.292,-10.719],[17.865,-7.146],[17.865,7.146],[14.292,10.719],[-14.292,10.719],[-17.865,7.146]],"c":true}},"nm":"Path 1","hd":false},{"ty":"fl","c":{"a":0,"k":[0.96862745285,0.976470589638,0.976470589638,1]},"o":{"a":0,"k":100},"r":1,"bm":0,"nm":"Fill 1","hd":false},{"ty":"tr","p":{"a":0,"k":[0,0]},"a":{"a":0,"k":[0,0]},"s":{"a":0,"k":[100,100]},"r":{"a":0,"k":0},"o":{"a":0,"k":100},"sk":{"a":0,"k":0},"sa":{"a":0,"k":0},"nm":"Transform"}],"nm":"Group 1","bm":0,"hd":false}],"ip":0,"op":210,"st":0,"bm":0},{"ddd":0,"ind":20,"ty":4,"nm":"Layer 13","sr":1,"ks":{"o":{"a":0,"k":100},"r":{"a":0,"k":0},"p":{"a":0,"k":[403.09,226.466,0]},"a":{"a":0,"k":[0,0,0]},"s":{"a":0,"k":[100,100,100]}},"ao":0,"shapes":[{"ty":"gr","it":[{"ind":0,"ty":"sh","ks":{"a":0,"k":{"i":[[0,0],[-1.973,0],[0,0],[0,-1.973],[0,0],[1.973,0],[0,0],[0,1.973]],"o":[[0,-1.973],[0,0],[1.973,0],[0,0],[0,1.973],[0,0],[-1.973,0],[0,0]],"v":[[-10.719,-7.146],[-7.146,-10.719],[7.146,-10.719],[10.719,-7.146],[10.719,7.146],[7.146,10.719],[-7.146,10.719],[-10.719,7.146]],"c":true}},"nm":"Path 1","hd":false},{"ty":"fl","c":{"a":0,"k":[0.96862745285,0.976470589638,0.976470589638,1]},"o":{"a":0,"k":100},"r":1,"bm":0,"nm":"Fill 1","hd":false},{"ty":"tr","p":{"a":0,"k":[0,0]},"a":{"a":0,"k":[0,0]},"s":{"a":0,"k":[100,100]},"r":{"a":0,"k":0},"o":{"a":0,"k":100},"sk":{"a":0,"k":0},"sa":{"a":0,"k":0},"nm":"Transform"}],"nm":"Group 1","bm":0,"hd":false}],"ip":0,"op":210,"st":0,"bm":0},{"ddd":0,"ind":21,"ty":4,"nm":"Layer 12","sr":1,"ks":{"o":{"a":0,"k":100},"r":{"a":0,"k":0},"p":{"a":0,"k":[374.507,226.466,0]},"a":{"a":0,"k":[0,0,0]},"s":{"a":0,"k":[100,100,100]}},"ao":0,"shapes":[{"ty":"gr","it":[{"ind":0,"ty":"sh","ks":{"a":0,"k":{"i":[[0,0],[-1.973,0],[0,0],[0,-1.973],[0,0],[1.973,0],[0,0],[0,1.973]],"o":[[0,-1.973],[0,0],[1.973,0],[0,0],[0,1.973],[0,0],[-1.973,0],[0,0]],"v":[[-10.719,-7.146],[-7.146,-10.719],[7.146,-10.719],[10.719,-7.146],[10.719,7.146],[7.146,10.719],[-7.146,10.719],[-10.719,7.146]],"c":true}},"nm":"Path 1","hd":false},{"ty":"fl","c":{"a":0,"k":[0.96862745285,0.976470589638,0.976470589638,1]},"o":{"a":0,"k":100},"r":1,"bm":0,"nm":"Fill 1","hd":false},{"ty":"tr","p":{"a":0,"k":[0,0]},"a":{"a":0,"k":[0,0]},"s":{"a":0,"k":[100,100]},"r":{"a":0,"k":0},"o":{"a":0,"k":100},"sk":{"a":0,"k":0},"sa":{"a":0,"k":0},"nm":"Transform"}],"nm":"Group 1","bm":0,"hd":false}],"ip":0,"op":210,"st":0,"bm":0},{"ddd":0,"ind":22,"ty":4,"nm":"Layer 11","sr":1,"ks":{"o":{"a":0,"k":100},"r":{"a":0,"k":0},"p":{"a":0,"k":[345.923,226.466,0]},"a":{"a":0,"k":[0,0,0]},"s":{"a":0,"k":[100,100,100]}},"ao":0,"shapes":[{"ty":"gr","it":[{"ind":0,"ty":"sh","ks":{"a":0,"k":{"i":[[0,0],[-1.973,0],[0,0],[0,-1.973],[0,0],[1.973,0],[0,0],[0,1.973]],"o":[[0,-1.973],[0,0],[1.973,0],[0,0],[0,1.973],[0,0],[-1.973,0],[0,0]],"v":[[-10.719,-7.146],[-7.146,-10.719],[7.146,-10.719],[10.719,-7.146],[10.719,7.146],[7.146,10.719],[-7.146,10.719],[-10.719,7.146]],"c":true}},"nm":"Path 1","hd":false},{"ty":"fl","c":{"a":0,"k":[0.96862745285,0.976470589638,0.976470589638,1]},"o":{"a":0,"k":100},"r":1,"bm":0,"nm":"Fill 1","hd":false},{"ty":"tr","p":{"a":0,"k":[0,0]},"a":{"a":0,"k":[0,0]},"s":{"a":0,"k":[100,100]},"r":{"a":0,"k":0},"o":{"a":0,"k":100},"sk":{"a":0,"k":0},"sa":{"a":0,"k":0},"nm":"Transform"}],"nm":"Group 1","bm":0,"hd":false}],"ip":0,"op":210,"st":0,"bm":0},{"ddd":0,"ind":23,"ty":4,"nm":"Layer 10","sr":1,"ks":{"o":{"a":0,"k":100},"r":{"a":0,"k":0},"p":{"a":0,"k":[317.34,226.466,0]},"a":{"a":0,"k":[0,0,0]},"s":{"a":0,"k":[100,100,100]}},"ao":0,"shapes":[{"ty":"gr","it":[{"ind":0,"ty":"sh","ks":{"a":0,"k":{"i":[[0,0],[-1.973,0],[0,0],[0,-1.973],[0,0],[1.973,0],[0,0],[0,1.973]],"o":[[0,-1.973],[0,0],[1.973,0],[0,0],[0,1.973],[0,0],[-1.973,0],[0,0]],"v":[[-10.719,-7.146],[-7.146,-10.719],[7.146,-10.719],[10.719,-7.146],[10.719,7.146],[7.146,10.719],[-7.146,10.719],[-10.719,7.146]],"c":true}},"nm":"Path 1","hd":false},{"ty":"fl","c":{"a":0,"k":[0.96862745285,0.976470589638,0.976470589638,1]},"o":{"a":0,"k":100},"r":1,"bm":0,"nm":"Fill 1","hd":false},{"ty":"tr","p":{"a":0,"k":[0,0]},"a":{"a":0,"k":[0,0]},"s":{"a":0,"k":[100,100]},"r":{"a":0,"k":0},"o":{"a":0,"k":100},"sk":{"a":0,"k":0},"sa":{"a":0,"k":0},"nm":"Transform"}],"nm":"Group 1","bm":0,"hd":false}],"ip":0,"op":210,"st":0,"bm":0},{"ddd":0,"ind":24,"ty":4,"nm":"Layer 8","sr":1,"ks":{"o":{"a":0,"k":100},"r":{"a":0,"k":0},"p":{"a":0,"k":[260.173,226.466,0]},"a":{"a":0,"k":[0,0,0]},"s":{"a":0,"k":[100,100,100]}},"ao":0,"shapes":[{"ty":"gr","it":[{"ind":0,"ty":"sh","ks":{"a":0,"k":{"i":[[0,0],[-1.973,0],[0,0],[0,-1.973],[0,0],[1.973,0],[0,0],[0,1.973]],"o":[[0,-1.973],[0,0],[1.973,0],[0,0],[0,1.973],[0,0],[-1.973,0],[0,0]],"v":[[-10.719,-7.146],[-7.146,-10.719],[7.146,-10.719],[10.719,-7.146],[10.719,7.146],[7.146,10.719],[-7.146,10.719],[-10.719,7.146]],"c":true}},"nm":"Path 1","hd":false},{"ty":"fl","c":{"a":0,"k":[0.96862745285,0.976470589638,0.976470589638,1]},"o":{"a":0,"k":100},"r":1,"bm":0,"nm":"Fill 1","hd":false},{"ty":"tr","p":{"a":0,"k":[0,0]},"a":{"a":0,"k":[0,0]},"s":{"a":0,"k":[100,100]},"r":{"a":0,"k":0},"o":{"a":0,"k":100},"sk":{"a":0,"k":0},"sa":{"a":0,"k":0},"nm":"Transform"}],"nm":"Group 1","bm":0,"hd":false}],"ip":0,"op":210,"st":0,"bm":0},{"ddd":0,"ind":25,"ty":4,"nm":"Layer 6","sr":1,"ks":{"o":{"a":0,"k":100},"r":{"a":0,"k":0},"p":{"a":0,"k":[203.007,226.466,0]},"a":{"a":0,"k":[0,0,0]},"s":{"a":0,"k":[100,100,100]}},"ao":0,"shapes":[{"ty":"gr","it":[{"ind":0,"ty":"sh","ks":{"a":0,"k":{"i":[[0,0],[-1.973,0],[0,0],[0,-1.973],[0,0],[1.973,0],[0,0],[0,1.973]],"o":[[0,-1.973],[0,0],[1.973,0],[0,0],[0,1.973],[0,0],[-1.973,0],[0,0]],"v":[[-10.719,-7.146],[-7.146,-10.719],[7.146,-10.719],[10.719,-7.146],[10.719,7.146],[7.146,10.719],[-7.146,10.719],[-10.719,7.146]],"c":true}},"nm":"Path 1","hd":false},{"ty":"fl","c":{"a":0,"k":[0.96862745285,0.976470589638,0.976470589638,1]},"o":{"a":0,"k":100},"r":1,"bm":0,"nm":"Fill 1","hd":false},{"ty":"tr","p":{"a":0,"k":[0,0]},"a":{"a":0,"k":[0,0]},"s":{"a":0,"k":[100,100]},"r":{"a":0,"k":0},"o":{"a":0,"k":100},"sk":{"a":0,"k":0},"sa":{"a":0,"k":0},"nm":"Transform"}],"nm":"Group 1","bm":0,"hd":false}],"ip":0,"op":210,"st":0,"bm":0},{"ddd":0,"ind":26,"ty":4,"nm":"Layer 5","sr":1,"ks":{"o":{"a":0,"k":100},"r":{"a":0,"k":0},"p":{"a":0,"k":[174.423,226.466,0]},"a":{"a":0,"k":[0,0,0]},"s":{"a":0,"k":[100,100,100]}},"ao":0,"shapes":[{"ty":"gr","it":[{"ind":0,"ty":"sh","ks":{"a":0,"k":{"i":[[0,0],[-1.973,0],[0,0],[0,-1.973],[0,0],[1.973,0],[0,0],[0,1.973]],"o":[[0,-1.973],[0,0],[1.973,0],[0,0],[0,1.973],[0,0],[-1.973,0],[0,0]],"v":[[-10.719,-7.146],[-7.146,-10.719],[7.146,-10.719],[10.719,-7.146],[10.719,7.146],[7.146,10.719],[-7.146,10.719],[-10.719,7.146]],"c":true}},"nm":"Path 1","hd":false},{"ty":"fl","c":{"a":0,"k":[0.96862745285,0.976470589638,0.976470589638,1]},"o":{"a":0,"k":100},"r":1,"bm":0,"nm":"Fill 1","hd":false},{"ty":"tr","p":{"a":0,"k":[0,0]},"a":{"a":0,"k":[0,0]},"s":{"a":0,"k":[100,100]},"r":{"a":0,"k":0},"o":{"a":0,"k":100},"sk":{"a":0,"k":0},"sa":{"a":0,"k":0},"nm":"Transform"}],"nm":"Group 1","bm":0,"hd":false}],"ip":0,"op":210,"st":0,"bm":0},{"ddd":0,"ind":27,"ty":4,"nm":"Layer 4","sr":1,"ks":{"o":{"a":0,"k":100},"r":{"a":0,"k":0},"p":{"a":0,"k":[145.84,226.466,0]},"a":{"a":0,"k":[0,0,0]},"s":{"a":0,"k":[100,100,100]}},"ao":0,"shapes":[{"ty":"gr","it":[{"ind":0,"ty":"sh","ks":{"a":0,"k":{"i":[[0,0],[-1.973,0],[0,0],[0,-1.973],[0,0],[1.973,0],[0,0],[0,1.973]],"o":[[0,-1.973],[0,0],[1.973,0],[0,0],[0,1.973],[0,0],[-1.973,0],[0,0]],"v":[[-10.719,-7.146],[-7.146,-10.719],[7.146,-10.719],[10.719,-7.146],[10.719,7.146],[7.146,10.719],[-7.146,10.719],[-10.719,7.146]],"c":true}},"nm":"Path 1","hd":false},{"ty":"fl","c":{"a":0,"k":[0.96862745285,0.976470589638,0.976470589638,1]},"o":{"a":0,"k":100},"r":1,"bm":0,"nm":"Fill 1","hd":false},{"ty":"tr","p":{"a":0,"k":[0,0]},"a":{"a":0,"k":[0,0]},"s":{"a":0,"k":[100,100]},"r":{"a":0,"k":0},"o":{"a":0,"k":100},"sk":{"a":0,"k":0},"sa":{"a":0,"k":0},"nm":"Transform"}],"nm":"Group 1","bm":0,"hd":false}],"ip":0,"op":210,"st":0,"bm":0},{"ddd":0,"ind":28,"ty":4,"nm":"Layer 3","sr":1,"ks":{"o":{"a":0,"k":75},"r":{"a":0,"k":0},"p":{"a":0,"k":[276,276,0]},"a":{"a":0,"k":[0,0,0]},"s":{"a":0,"k":[100,100,100]}},"ao":0,"shapes":[{"ty":"gr","it":[{"ty":"tr","p":{"a":0,"k":[0,0]},"a":{"a":0,"k":[0,0]},"s":{"a":0,"k":[100,100]},"r":{"a":0,"k":0},"o":{"a":0,"k":100},"sk":{"a":0,"k":0},"sa":{"a":0,"k":0},"nm":"Transform"}],"nm":"Group 1","bm":0,"hd":false}],"ip":0,"op":210,"st":0,"bm":0},{"ddd":0,"ind":29,"ty":4,"nm":"Layer 2","sr":1,"ks":{"o":{"a":0,"k":100},"r":{"a":0,"k":0},"p":{"a":0,"k":[276,276,0]},"a":{"a":0,"k":[0,0,0]},"s":{"a":0,"k":[100,100,100]}},"ao":0,"shapes":[{"ty":"gr","it":[{"ty":"tr","p":{"a":0,"k":[0,0]},"a":{"a":0,"k":[0,0]},"s":{"a":0,"k":[100,100]},"r":{"a":0,"k":0},"o":{"a":0,"k":100},"sk":{"a":0,"k":0},"sa":{"a":0,"k":0},"nm":"Transform"}],"nm":"Group 1","bm":0,"hd":false}],"ip":0,"op":210,"st":0,"bm":0}]},{"id":"comp_2","nm":"03 - Keyboard - SV2 - Non-ActiveKeys - Shadow","layers":[{"ddd":0,"ind":1,"ty":4,"nm":"Layer 35","sr":1,"ks":{"o":{"a":0,"k":100},"r":{"a":0,"k":0},"p":{"a":0,"k":[403.09,312.214,0]},"a":{"a":0,"k":[0,0,0]},"s":{"a":0,"k":[100,100,100]}},"ao":0,"shapes":[{"ty":"gr","it":[{"ind":0,"ty":"sh","ks":{"a":0,"k":{"i":[[0,0],[-1.973,0],[0,0],[0,-1.973],[0,0],[1.973,0],[0,0],[0,1.973]],"o":[[0,-1.973],[0,0],[1.973,0],[0,0],[0,1.973],[0,0],[-1.973,0],[0,0]],"v":[[-10.719,-7.146],[-7.146,-10.719],[7.146,-10.719],[10.719,-7.146],[10.719,7.146],[7.146,10.719],[-7.146,10.719],[-10.719,7.146]],"c":true}},"nm":"Path 1","hd":false},{"ty":"fl","c":{"a":0,"k":[0.325490196078,0.325490196078,0.325490196078,1]},"o":{"a":0,"k":100},"r":1,"bm":0,"nm":"Fill 1","hd":false},{"ty":"tr","p":{"a":0,"k":[0,0]},"a":{"a":0,"k":[0,0]},"s":{"a":0,"k":[100,100]},"r":{"a":0,"k":0},"o":{"a":0,"k":100},"sk":{"a":0,"k":0},"sa":{"a":0,"k":0},"nm":"Transform"}],"nm":"Group 1","bm":0,"hd":false}],"ip":0,"op":210,"st":0,"bm":0},{"ddd":0,"ind":2,"ty":4,"nm":"Layer 34","sr":1,"ks":{"o":{"a":0,"k":100},"r":{"a":0,"k":0},"p":{"a":0,"k":[374.507,312.214,0]},"a":{"a":0,"k":[0,0,0]},"s":{"a":0,"k":[100,100,100]}},"ao":0,"shapes":[{"ty":"gr","it":[{"ind":0,"ty":"sh","ks":{"a":0,"k":{"i":[[0,0],[-1.973,0],[0,0],[0,-1.973],[0,0],[1.973,0],[0,0],[0,1.973]],"o":[[0,-1.973],[0,0],[1.973,0],[0,0],[0,1.973],[0,0],[-1.973,0],[0,0]],"v":[[-10.719,-7.146],[-7.146,-10.719],[7.146,-10.719],[10.719,-7.146],[10.719,7.146],[7.146,10.719],[-7.146,10.719],[-10.719,7.146]],"c":true}},"nm":"Path 1","hd":false},{"ty":"fl","c":{"a":0,"k":[0.325490196078,0.325490196078,0.325490196078,1]},"o":{"a":0,"k":100},"r":1,"bm":0,"nm":"Fill 1","hd":false},{"ty":"tr","p":{"a":0,"k":[0,0]},"a":{"a":0,"k":[0,0]},"s":{"a":0,"k":[100,100]},"r":{"a":0,"k":0},"o":{"a":0,"k":100},"sk":{"a":0,"k":0},"sa":{"a":0,"k":0},"nm":"Transform"}],"nm":"Group 1","bm":0,"hd":false}],"ip":0,"op":210,"st":0,"bm":0},{"ddd":0,"ind":3,"ty":4,"nm":"Layer 33","sr":1,"ks":{"o":{"a":0,"k":100},"r":{"a":0,"k":0},"p":{"a":0,"k":[274.465,312.214,0]},"a":{"a":0,"k":[0,0,0]},"s":{"a":0,"k":[100,100,100]}},"ao":0,"shapes":[{"ty":"gr","it":[{"ind":0,"ty":"sh","ks":{"a":0,"k":{"i":[[0,0],[-1.973,0],[0,0],[0,-1.973],[0,0],[1.973,0],[0,0],[0,1.973]],"o":[[0,-1.973],[0,0],[1.973,0],[0,0],[0,1.973],[0,0],[-1.973,0],[0,0]],"v":[[-82.177,-7.146],[-78.604,-10.719],[78.604,-10.719],[82.177,-7.146],[82.177,7.146],[78.604,10.719],[-78.604,10.719],[-82.177,7.146]],"c":true}},"nm":"Path 1","hd":false},{"ty":"fl","c":{"a":0,"k":[0.325490196078,0.325490196078,0.325490196078,1]},"o":{"a":0,"k":100},"r":1,"bm":0,"nm":"Fill 1","hd":false},{"ty":"tr","p":{"a":0,"k":[0,0]},"a":{"a":0,"k":[0,0]},"s":{"a":0,"k":[100,100]},"r":{"a":0,"k":0},"o":{"a":0,"k":100},"sk":{"a":0,"k":0},"sa":{"a":0,"k":0},"nm":"Transform"}],"nm":"Group 1","bm":0,"hd":false}],"ip":0,"op":210,"st":0,"bm":0},{"ddd":0,"ind":4,"ty":4,"nm":"Layer 32","sr":1,"ks":{"o":{"a":0,"k":100},"r":{"a":0,"k":0},"p":{"a":0,"k":[174.423,312.214,0]},"a":{"a":0,"k":[0,0,0]},"s":{"a":0,"k":[100,100,100]}},"ao":0,"shapes":[{"ty":"gr","it":[{"ind":0,"ty":"sh","ks":{"a":0,"k":{"i":[[0,0],[-1.973,0],[0,0],[0,-1.973],[0,0],[1.973,0],[0,0],[0,1.973]],"o":[[0,-1.973],[0,0],[1.973,0],[0,0],[0,1.973],[0,0],[-1.973,0],[0,0]],"v":[[-10.719,-7.146],[-7.146,-10.719],[7.146,-10.719],[10.719,-7.146],[10.719,7.146],[7.146,10.719],[-7.146,10.719],[-10.719,7.146]],"c":true}},"nm":"Path 1","hd":false},{"ty":"fl","c":{"a":0,"k":[0.325490196078,0.325490196078,0.325490196078,1]},"o":{"a":0,"k":100},"r":1,"bm":0,"nm":"Fill 1","hd":false},{"ty":"tr","p":{"a":0,"k":[0,0]},"a":{"a":0,"k":[0,0]},"s":{"a":0,"k":[100,100]},"r":{"a":0,"k":0},"o":{"a":0,"k":100},"sk":{"a":0,"k":0},"sa":{"a":0,"k":0},"nm":"Transform"}],"nm":"Group 1","bm":0,"hd":false}],"ip":0,"op":210,"st":0,"bm":0},{"ddd":0,"ind":5,"ty":4,"nm":"Layer 31","sr":1,"ks":{"o":{"a":0,"k":100},"r":{"a":0,"k":0},"p":{"a":0,"k":[145.84,312.214,0]},"a":{"a":0,"k":[0,0,0]},"s":{"a":0,"k":[100,100,100]}},"ao":0,"shapes":[{"ty":"gr","it":[{"ind":0,"ty":"sh","ks":{"a":0,"k":{"i":[[0,0],[-1.973,0],[0,0],[0,-1.973],[0,0],[1.973,0],[0,0],[0,1.973]],"o":[[0,-1.973],[0,0],[1.973,0],[0,0],[0,1.973],[0,0],[-1.973,0],[0,0]],"v":[[-10.719,-7.146],[-7.146,-10.719],[7.146,-10.719],[10.719,-7.146],[10.719,7.146],[7.146,10.719],[-7.146,10.719],[-10.719,7.146]],"c":true}},"nm":"Path 1","hd":false},{"ty":"fl","c":{"a":0,"k":[0.325490196078,0.325490196078,0.325490196078,1]},"o":{"a":0,"k":100},"r":1,"bm":0,"nm":"Fill 1","hd":false},{"ty":"tr","p":{"a":0,"k":[0,0]},"a":{"a":0,"k":[0,0]},"s":{"a":0,"k":[100,100]},"r":{"a":0,"k":0},"o":{"a":0,"k":100},"sk":{"a":0,"k":0},"sa":{"a":0,"k":0},"nm":"Transform"}],"nm":"Group 1","bm":0,"hd":false}],"ip":0,"op":210,"st":0,"bm":0},{"ddd":0,"ind":6,"ty":4,"nm":"Layer 30","sr":1,"ks":{"o":{"a":0,"k":100},"r":{"a":0,"k":0},"p":{"a":0,"k":[388.798,283.63,0]},"a":{"a":0,"k":[0,0,0]},"s":{"a":0,"k":[100,100,100]}},"ao":0,"shapes":[{"ty":"gr","it":[{"ind":0,"ty":"sh","ks":{"a":0,"k":{"i":[[0,0],[-1.973,0],[0,0],[0,-1.973],[0,0],[1.973,0],[0,0],[0,1.973]],"o":[[0,-1.973],[0,0],[1.973,0],[0,0],[0,1.973],[0,0],[-1.973,0],[0,0]],"v":[[-25.01,-7.146],[-21.438,-10.719],[21.438,-10.719],[25.01,-7.146],[25.01,7.146],[21.438,10.719],[-21.438,10.719],[-25.01,7.146]],"c":true}},"nm":"Path 1","hd":false},{"ty":"fl","c":{"a":0,"k":[0.325490196078,0.325490196078,0.325490196078,1]},"o":{"a":0,"k":100},"r":1,"bm":0,"nm":"Fill 1","hd":false},{"ty":"tr","p":{"a":0,"k":[0,0]},"a":{"a":0,"k":[0,0]},"s":{"a":0,"k":[100,100]},"r":{"a":0,"k":0},"o":{"a":0,"k":100},"sk":{"a":0,"k":0},"sa":{"a":0,"k":0},"nm":"Transform"}],"nm":"Group 1","bm":0,"hd":false}],"ip":0,"op":210,"st":0,"bm":0},{"ddd":0,"ind":7,"ty":4,"nm":"Layer 29","sr":1,"ks":{"o":{"a":0,"k":100},"r":{"a":0,"k":0},"p":{"a":0,"k":[345.923,283.63,0]},"a":{"a":0,"k":[0,0,0]},"s":{"a":0,"k":[100,100,100]}},"ao":0,"shapes":[{"ty":"gr","it":[{"ind":0,"ty":"sh","ks":{"a":0,"k":{"i":[[0,0],[-1.973,0],[0,0],[0,-1.973],[0,0],[1.973,0],[0,0],[0,1.973]],"o":[[0,-1.973],[0,0],[1.973,0],[0,0],[0,1.973],[0,0],[-1.973,0],[0,0]],"v":[[-10.719,-7.146],[-7.146,-10.719],[7.146,-10.719],[10.719,-7.146],[10.719,7.146],[7.146,10.719],[-7.146,10.719],[-10.719,7.146]],"c":true}},"nm":"Path 1","hd":false},{"ty":"fl","c":{"a":0,"k":[0.325490196078,0.325490196078,0.325490196078,1]},"o":{"a":0,"k":100},"r":1,"bm":0,"nm":"Fill 1","hd":false},{"ty":"tr","p":{"a":0,"k":[0,0]},"a":{"a":0,"k":[0,0]},"s":{"a":0,"k":[100,100]},"r":{"a":0,"k":0},"o":{"a":0,"k":100},"sk":{"a":0,"k":0},"sa":{"a":0,"k":0},"nm":"Transform"}],"nm":"Group 1","bm":0,"hd":false}],"ip":0,"op":210,"st":0,"bm":0},{"ddd":0,"ind":8,"ty":4,"nm":"Layer 28","sr":1,"ks":{"o":{"a":0,"k":100},"r":{"a":0,"k":0},"p":{"a":0,"k":[317.34,283.63,0]},"a":{"a":0,"k":[0,0,0]},"s":{"a":0,"k":[100,100,100]}},"ao":0,"shapes":[{"ty":"gr","it":[{"ind":0,"ty":"sh","ks":{"a":0,"k":{"i":[[0,0],[-1.973,0],[0,0],[0,-1.973],[0,0],[1.973,0],[0,0],[0,1.973]],"o":[[0,-1.973],[0,0],[1.973,0],[0,0],[0,1.973],[0,0],[-1.973,0],[0,0]],"v":[[-10.719,-7.146],[-7.146,-10.719],[7.146,-10.719],[10.719,-7.146],[10.719,7.146],[7.146,10.719],[-7.146,10.719],[-10.719,7.146]],"c":true}},"nm":"Path 1","hd":false},{"ty":"fl","c":{"a":0,"k":[0.325490196078,0.325490196078,0.325490196078,1]},"o":{"a":0,"k":100},"r":1,"bm":0,"nm":"Fill 1","hd":false},{"ty":"tr","p":{"a":0,"k":[0,0]},"a":{"a":0,"k":[0,0]},"s":{"a":0,"k":[100,100]},"r":{"a":0,"k":0},"o":{"a":0,"k":100},"sk":{"a":0,"k":0},"sa":{"a":0,"k":0},"nm":"Transform"}],"nm":"Group 1","bm":0,"hd":false}],"ip":0,"op":210,"st":0,"bm":0},{"ddd":0,"ind":9,"ty":4,"nm":"Layer 26","sr":1,"ks":{"o":{"a":0,"k":100},"r":{"a":0,"k":0},"p":{"a":0,"k":[260.173,283.63,0]},"a":{"a":0,"k":[0,0,0]},"s":{"a":0,"k":[100,100,100]}},"ao":0,"shapes":[{"ty":"gr","it":[{"ind":0,"ty":"sh","ks":{"a":0,"k":{"i":[[0,0],[-1.973,0],[0,0],[0,-1.973],[0,0],[1.973,0],[0,0],[0,1.973]],"o":[[0,-1.973],[0,0],[1.973,0],[0,0],[0,1.973],[0,0],[-1.973,0],[0,0]],"v":[[-10.719,-7.146],[-7.146,-10.719],[7.146,-10.719],[10.719,-7.146],[10.719,7.146],[7.146,10.719],[-7.146,10.719],[-10.719,7.146]],"c":true}},"nm":"Path 1","hd":false},{"ty":"fl","c":{"a":0,"k":[0.325490196078,0.325490196078,0.325490196078,1]},"o":{"a":0,"k":100},"r":1,"bm":0,"nm":"Fill 1","hd":false},{"ty":"tr","p":{"a":0,"k":[0,0]},"a":{"a":0,"k":[0,0]},"s":{"a":0,"k":[100,100]},"r":{"a":0,"k":0},"o":{"a":0,"k":100},"sk":{"a":0,"k":0},"sa":{"a":0,"k":0},"nm":"Transform"}],"nm":"Group 1","bm":0,"hd":false}],"ip":0,"op":210,"st":0,"bm":0},{"ddd":0,"ind":10,"ty":4,"nm":"Layer 25","sr":1,"ks":{"o":{"a":0,"k":100},"r":{"a":0,"k":0},"p":{"a":0,"k":[231.59,283.63,0]},"a":{"a":0,"k":[0,0,0]},"s":{"a":0,"k":[100,100,100]}},"ao":0,"shapes":[{"ty":"gr","it":[{"ind":0,"ty":"sh","ks":{"a":0,"k":{"i":[[0,0],[-1.973,0],[0,0],[0,-1.973],[0,0],[1.973,0],[0,0],[0,1.973]],"o":[[0,-1.973],[0,0],[1.973,0],[0,0],[0,1.973],[0,0],[-1.973,0],[0,0]],"v":[[-10.719,-7.146],[-7.146,-10.719],[7.146,-10.719],[10.719,-7.146],[10.719,7.146],[7.146,10.719],[-7.146,10.719],[-10.719,7.146]],"c":true}},"nm":"Path 1","hd":false},{"ty":"fl","c":{"a":0,"k":[0.325490196078,0.325490196078,0.325490196078,1]},"o":{"a":0,"k":100},"r":1,"bm":0,"nm":"Fill 1","hd":false},{"ty":"tr","p":{"a":0,"k":[0,0]},"a":{"a":0,"k":[0,0]},"s":{"a":0,"k":[100,100]},"r":{"a":0,"k":0},"o":{"a":0,"k":100},"sk":{"a":0,"k":0},"sa":{"a":0,"k":0},"nm":"Transform"}],"nm":"Group 1","bm":0,"hd":false}],"ip":0,"op":210,"st":0,"bm":0},{"ddd":0,"ind":11,"ty":4,"nm":"Layer 24","sr":1,"ks":{"o":{"a":0,"k":100},"r":{"a":0,"k":0},"p":{"a":0,"k":[203.007,283.63,0]},"a":{"a":0,"k":[0,0,0]},"s":{"a":0,"k":[100,100,100]}},"ao":0,"shapes":[{"ty":"gr","it":[{"ind":0,"ty":"sh","ks":{"a":0,"k":{"i":[[0,0],[-1.973,0],[0,0],[0,-1.973],[0,0],[1.973,0],[0,0],[0,1.973]],"o":[[0,-1.973],[0,0],[1.973,0],[0,0],[0,1.973],[0,0],[-1.973,0],[0,0]],"v":[[-10.719,-7.146],[-7.146,-10.719],[7.146,-10.719],[10.719,-7.146],[10.719,7.146],[7.146,10.719],[-7.146,10.719],[-10.719,7.146]],"c":true}},"nm":"Path 1","hd":false},{"ty":"fl","c":{"a":0,"k":[0.325490196078,0.325490196078,0.325490196078,1]},"o":{"a":0,"k":100},"r":1,"bm":0,"nm":"Fill 1","hd":false},{"ty":"tr","p":{"a":0,"k":[0,0]},"a":{"a":0,"k":[0,0]},"s":{"a":0,"k":[100,100]},"r":{"a":0,"k":0},"o":{"a":0,"k":100},"sk":{"a":0,"k":0},"sa":{"a":0,"k":0},"nm":"Transform"}],"nm":"Group 1","bm":0,"hd":false}],"ip":0,"op":210,"st":0,"bm":0},{"ddd":0,"ind":12,"ty":4,"nm":"Layer 23","sr":1,"ks":{"o":{"a":0,"k":100},"r":{"a":0,"k":0},"p":{"a":0,"k":[160.132,283.63,0]},"a":{"a":0,"k":[0,0,0]},"s":{"a":0,"k":[100,100,100]}},"ao":0,"shapes":[{"ty":"gr","it":[{"ind":0,"ty":"sh","ks":{"a":0,"k":{"i":[[0,0],[-1.973,0],[0,0],[0,-1.973],[0,0],[1.973,0],[0,0],[0,1.973]],"o":[[0,-1.973],[0,0],[1.973,0],[0,0],[0,1.973],[0,0],[-1.973,0],[0,0]],"v":[[-25.01,-7.146],[-21.438,-10.719],[21.438,-10.719],[25.01,-7.146],[25.01,7.146],[21.438,10.719],[-21.438,10.719],[-25.01,7.146]],"c":true}},"nm":"Path 1","hd":false},{"ty":"fl","c":{"a":0,"k":[0.325490196078,0.325490196078,0.325490196078,1]},"o":{"a":0,"k":100},"r":1,"bm":0,"nm":"Fill 1","hd":false},{"ty":"tr","p":{"a":0,"k":[0,0]},"a":{"a":0,"k":[0,0]},"s":{"a":0,"k":[100,100]},"r":{"a":0,"k":0},"o":{"a":0,"k":100},"sk":{"a":0,"k":0},"sa":{"a":0,"k":0},"nm":"Transform"}],"nm":"Group 1","bm":0,"hd":false}],"ip":0,"op":210,"st":0,"bm":0},{"ddd":0,"ind":13,"ty":4,"nm":"Layer 22","sr":1,"ks":{"o":{"a":0,"k":100},"r":{"a":0,"k":0},"p":{"a":0,"k":[395.944,255.05,0]},"a":{"a":0,"k":[0,0,0]},"s":{"a":0,"k":[100,100,100]}},"ao":0,"shapes":[{"ty":"gr","it":[{"ind":0,"ty":"sh","ks":{"a":0,"k":{"i":[[0,0],[-1.973,0],[0,0],[0,-1.973],[0,0],[1.973,0],[0,0],[0,1.973]],"o":[[0,-1.973],[0,0],[1.973,0],[0,0],[0,1.973],[0,0],[-1.973,0],[0,0]],"v":[[-17.865,-7.146],[-14.292,-10.719],[14.292,-10.719],[17.865,-7.146],[17.865,7.146],[14.292,10.719],[-14.292,10.719],[-17.865,7.146]],"c":true}},"nm":"Path 1","hd":false},{"ty":"fl","c":{"a":0,"k":[0.325490196078,0.325490196078,0.325490196078,1]},"o":{"a":0,"k":100},"r":1,"bm":0,"nm":"Fill 1","hd":false},{"ty":"tr","p":{"a":0,"k":[0,0]},"a":{"a":0,"k":[0,0]},"s":{"a":0,"k":[100,100]},"r":{"a":0,"k":0},"o":{"a":0,"k":100},"sk":{"a":0,"k":0},"sa":{"a":0,"k":0},"nm":"Transform"}],"nm":"Group 1","bm":0,"hd":false}],"ip":0,"op":210,"st":0,"bm":0},{"ddd":0,"ind":14,"ty":4,"nm":"Layer 20","sr":1,"ks":{"o":{"a":0,"k":100},"r":{"a":0,"k":0},"p":{"a":0,"k":[331.632,255.05,0]},"a":{"a":0,"k":[0,0,0]},"s":{"a":0,"k":[100,100,100]}},"ao":0,"shapes":[{"ty":"gr","it":[{"ind":0,"ty":"sh","ks":{"a":0,"k":{"i":[[0,0],[-1.973,0],[0,0],[0,-1.973],[0,0],[1.973,0],[0,0],[0,1.973]],"o":[[0,-1.973],[0,0],[1.973,0],[0,0],[0,1.973],[0,0],[-1.973,0],[0,0]],"v":[[-10.719,-7.146],[-7.146,-10.719],[7.146,-10.719],[10.719,-7.146],[10.719,7.146],[7.146,10.719],[-7.146,10.719],[-10.719,7.146]],"c":true}},"nm":"Path 1","hd":false},{"ty":"fl","c":{"a":0,"k":[0.325490196078,0.325490196078,0.325490196078,1]},"o":{"a":0,"k":100},"r":1,"bm":0,"nm":"Fill 1","hd":false},{"ty":"tr","p":{"a":0,"k":[0,0]},"a":{"a":0,"k":[0,0]},"s":{"a":0,"k":[100,100]},"r":{"a":0,"k":0},"o":{"a":0,"k":100},"sk":{"a":0,"k":0},"sa":{"a":0,"k":0},"nm":"Transform"}],"nm":"Group 1","bm":0,"hd":false}],"ip":0,"op":210,"st":0,"bm":0},{"ddd":0,"ind":15,"ty":4,"nm":"Layer 19","sr":1,"ks":{"o":{"a":0,"k":100},"r":{"a":0,"k":0},"p":{"a":0,"k":[303.048,255.05,0]},"a":{"a":0,"k":[0,0,0]},"s":{"a":0,"k":[100,100,100]}},"ao":0,"shapes":[{"ty":"gr","it":[{"ind":0,"ty":"sh","ks":{"a":0,"k":{"i":[[0,0],[-1.973,0],[0,0],[0,-1.973],[0,0],[1.973,0],[0,0],[0,1.973]],"o":[[0,-1.973],[0,0],[1.973,0],[0,0],[0,1.973],[0,0],[-1.973,0],[0,0]],"v":[[-10.719,-7.146],[-7.146,-10.719],[7.146,-10.719],[10.719,-7.146],[10.719,7.146],[7.146,10.719],[-7.146,10.719],[-10.719,7.146]],"c":true}},"nm":"Path 1","hd":false},{"ty":"fl","c":{"a":0,"k":[0.325490196078,0.325490196078,0.325490196078,1]},"o":{"a":0,"k":100},"r":1,"bm":0,"nm":"Fill 1","hd":false},{"ty":"tr","p":{"a":0,"k":[0,0]},"a":{"a":0,"k":[0,0]},"s":{"a":0,"k":[100,100]},"r":{"a":0,"k":0},"o":{"a":0,"k":100},"sk":{"a":0,"k":0},"sa":{"a":0,"k":0},"nm":"Transform"}],"nm":"Group 1","bm":0,"hd":false}],"ip":0,"op":210,"st":0,"bm":0},{"ddd":0,"ind":16,"ty":4,"nm":"Layer 18","sr":1,"ks":{"o":{"a":0,"k":100},"r":{"a":0,"k":0},"p":{"a":0,"k":[274.465,255.05,0]},"a":{"a":0,"k":[0,0,0]},"s":{"a":0,"k":[100,100,100]}},"ao":0,"shapes":[{"ty":"gr","it":[{"ind":0,"ty":"sh","ks":{"a":0,"k":{"i":[[0,0],[-1.973,0],[0,0],[0,-1.973],[0,0],[1.973,0],[0,0],[0,1.973]],"o":[[0,-1.973],[0,0],[1.973,0],[0,0],[0,1.973],[0,0],[-1.973,0],[0,0]],"v":[[-10.719,-7.146],[-7.146,-10.719],[7.146,-10.719],[10.719,-7.146],[10.719,7.146],[7.146,10.719],[-7.146,10.719],[-10.719,7.146]],"c":true}},"nm":"Path 1","hd":false},{"ty":"fl","c":{"a":0,"k":[0.325490196078,0.325490196078,0.325490196078,1]},"o":{"a":0,"k":100},"r":1,"bm":0,"nm":"Fill 1","hd":false},{"ty":"tr","p":{"a":0,"k":[0,0]},"a":{"a":0,"k":[0,0]},"s":{"a":0,"k":[100,100]},"r":{"a":0,"k":0},"o":{"a":0,"k":100},"sk":{"a":0,"k":0},"sa":{"a":0,"k":0},"nm":"Transform"}],"nm":"Group 1","bm":0,"hd":false}],"ip":0,"op":210,"st":0,"bm":0},{"ddd":0,"ind":17,"ty":4,"nm":"Layer 17","sr":1,"ks":{"o":{"a":0,"k":100},"r":{"a":0,"k":0},"p":{"a":0,"k":[245.882,255.05,0]},"a":{"a":0,"k":[0,0,0]},"s":{"a":0,"k":[100,100,100]}},"ao":0,"shapes":[{"ty":"gr","it":[{"ind":0,"ty":"sh","ks":{"a":0,"k":{"i":[[0,0],[-1.973,0],[0,0],[0,-1.973],[0,0],[1.973,0],[0,0],[0,1.973]],"o":[[0,-1.973],[0,0],[1.973,0],[0,0],[0,1.973],[0,0],[-1.973,0],[0,0]],"v":[[-10.719,-7.146],[-7.146,-10.719],[7.146,-10.719],[10.719,-7.146],[10.719,7.146],[7.146,10.719],[-7.146,10.719],[-10.719,7.146]],"c":true}},"nm":"Path 1","hd":false},{"ty":"fl","c":{"a":0,"k":[0.325490196078,0.325490196078,0.325490196078,1]},"o":{"a":0,"k":100},"r":1,"bm":0,"nm":"Fill 1","hd":false},{"ty":"tr","p":{"a":0,"k":[0,0]},"a":{"a":0,"k":[0,0]},"s":{"a":0,"k":[100,100]},"r":{"a":0,"k":0},"o":{"a":0,"k":100},"sk":{"a":0,"k":0},"sa":{"a":0,"k":0},"nm":"Transform"}],"nm":"Group 1","bm":0,"hd":false}],"ip":0,"op":210,"st":0,"bm":0},{"ddd":0,"ind":18,"ty":4,"nm":"Layer 16","sr":1,"ks":{"o":{"a":0,"k":100},"r":{"a":0,"k":0},"p":{"a":0,"k":[217.298,255.05,0]},"a":{"a":0,"k":[0,0,0]},"s":{"a":0,"k":[100,100,100]}},"ao":0,"shapes":[{"ty":"gr","it":[{"ind":0,"ty":"sh","ks":{"a":0,"k":{"i":[[0,0],[-1.973,0],[0,0],[0,-1.973],[0,0],[1.973,0],[0,0],[0,1.973]],"o":[[0,-1.973],[0,0],[1.973,0],[0,0],[0,1.973],[0,0],[-1.973,0],[0,0]],"v":[[-10.719,-7.146],[-7.146,-10.719],[7.146,-10.719],[10.719,-7.146],[10.719,7.146],[7.146,10.719],[-7.146,10.719],[-10.719,7.146]],"c":true}},"nm":"Path 1","hd":false},{"ty":"fl","c":{"a":0,"k":[0.325490196078,0.325490196078,0.325490196078,1]},"o":{"a":0,"k":100},"r":1,"bm":0,"nm":"Fill 1","hd":false},{"ty":"tr","p":{"a":0,"k":[0,0]},"a":{"a":0,"k":[0,0]},"s":{"a":0,"k":[100,100]},"r":{"a":0,"k":0},"o":{"a":0,"k":100},"sk":{"a":0,"k":0},"sa":{"a":0,"k":0},"nm":"Transform"}],"nm":"Group 1","bm":0,"hd":false}],"ip":0,"op":210,"st":0,"bm":0},{"ddd":0,"ind":19,"ty":4,"nm":"Layer 14","sr":1,"ks":{"o":{"a":0,"k":100},"r":{"a":0,"k":0},"p":{"a":0,"k":[152.986,255.05,0]},"a":{"a":0,"k":[0,0,0]},"s":{"a":0,"k":[100,100,100]}},"ao":0,"shapes":[{"ty":"gr","it":[{"ind":0,"ty":"sh","ks":{"a":0,"k":{"i":[[0,0],[-1.973,0],[0,0],[0,-1.973],[0,0],[1.973,0],[0,0],[0,1.973]],"o":[[0,-1.973],[0,0],[1.973,0],[0,0],[0,1.973],[0,0],[-1.973,0],[0,0]],"v":[[-17.865,-7.146],[-14.292,-10.719],[14.292,-10.719],[17.865,-7.146],[17.865,7.146],[14.292,10.719],[-14.292,10.719],[-17.865,7.146]],"c":true}},"nm":"Path 1","hd":false},{"ty":"fl","c":{"a":0,"k":[0.325490196078,0.325490196078,0.325490196078,1]},"o":{"a":0,"k":100},"r":1,"bm":0,"nm":"Fill 1","hd":false},{"ty":"tr","p":{"a":0,"k":[0,0]},"a":{"a":0,"k":[0,0]},"s":{"a":0,"k":[100,100]},"r":{"a":0,"k":0},"o":{"a":0,"k":100},"sk":{"a":0,"k":0},"sa":{"a":0,"k":0},"nm":"Transform"}],"nm":"Group 1","bm":0,"hd":false}],"ip":0,"op":210,"st":0,"bm":0},{"ddd":0,"ind":20,"ty":4,"nm":"Layer 13","sr":1,"ks":{"o":{"a":0,"k":100},"r":{"a":0,"k":0},"p":{"a":0,"k":[403.09,226.466,0]},"a":{"a":0,"k":[0,0,0]},"s":{"a":0,"k":[100,100,100]}},"ao":0,"shapes":[{"ty":"gr","it":[{"ind":0,"ty":"sh","ks":{"a":0,"k":{"i":[[0,0],[-1.973,0],[0,0],[0,-1.973],[0,0],[1.973,0],[0,0],[0,1.973]],"o":[[0,-1.973],[0,0],[1.973,0],[0,0],[0,1.973],[0,0],[-1.973,0],[0,0]],"v":[[-10.719,-7.146],[-7.146,-10.719],[7.146,-10.719],[10.719,-7.146],[10.719,7.146],[7.146,10.719],[-7.146,10.719],[-10.719,7.146]],"c":true}},"nm":"Path 1","hd":false},{"ty":"fl","c":{"a":0,"k":[0.325490196078,0.325490196078,0.325490196078,1]},"o":{"a":0,"k":100},"r":1,"bm":0,"nm":"Fill 1","hd":false},{"ty":"tr","p":{"a":0,"k":[0,0]},"a":{"a":0,"k":[0,0]},"s":{"a":0,"k":[100,100]},"r":{"a":0,"k":0},"o":{"a":0,"k":100},"sk":{"a":0,"k":0},"sa":{"a":0,"k":0},"nm":"Transform"}],"nm":"Group 1","bm":0,"hd":false}],"ip":0,"op":210,"st":0,"bm":0},{"ddd":0,"ind":21,"ty":4,"nm":"Layer 12","sr":1,"ks":{"o":{"a":0,"k":100},"r":{"a":0,"k":0},"p":{"a":0,"k":[374.507,226.466,0]},"a":{"a":0,"k":[0,0,0]},"s":{"a":0,"k":[100,100,100]}},"ao":0,"shapes":[{"ty":"gr","it":[{"ind":0,"ty":"sh","ks":{"a":0,"k":{"i":[[0,0],[-1.973,0],[0,0],[0,-1.973],[0,0],[1.973,0],[0,0],[0,1.973]],"o":[[0,-1.973],[0,0],[1.973,0],[0,0],[0,1.973],[0,0],[-1.973,0],[0,0]],"v":[[-10.719,-7.146],[-7.146,-10.719],[7.146,-10.719],[10.719,-7.146],[10.719,7.146],[7.146,10.719],[-7.146,10.719],[-10.719,7.146]],"c":true}},"nm":"Path 1","hd":false},{"ty":"fl","c":{"a":0,"k":[0.325490196078,0.325490196078,0.325490196078,1]},"o":{"a":0,"k":100},"r":1,"bm":0,"nm":"Fill 1","hd":false},{"ty":"tr","p":{"a":0,"k":[0,0]},"a":{"a":0,"k":[0,0]},"s":{"a":0,"k":[100,100]},"r":{"a":0,"k":0},"o":{"a":0,"k":100},"sk":{"a":0,"k":0},"sa":{"a":0,"k":0},"nm":"Transform"}],"nm":"Group 1","bm":0,"hd":false}],"ip":0,"op":210,"st":0,"bm":0},{"ddd":0,"ind":22,"ty":4,"nm":"Layer 11","sr":1,"ks":{"o":{"a":0,"k":100},"r":{"a":0,"k":0},"p":{"a":0,"k":[345.923,226.466,0]},"a":{"a":0,"k":[0,0,0]},"s":{"a":0,"k":[100,100,100]}},"ao":0,"shapes":[{"ty":"gr","it":[{"ind":0,"ty":"sh","ks":{"a":0,"k":{"i":[[0,0],[-1.973,0],[0,0],[0,-1.973],[0,0],[1.973,0],[0,0],[0,1.973]],"o":[[0,-1.973],[0,0],[1.973,0],[0,0],[0,1.973],[0,0],[-1.973,0],[0,0]],"v":[[-10.719,-7.146],[-7.146,-10.719],[7.146,-10.719],[10.719,-7.146],[10.719,7.146],[7.146,10.719],[-7.146,10.719],[-10.719,7.146]],"c":true}},"nm":"Path 1","hd":false},{"ty":"fl","c":{"a":0,"k":[0.325490196078,0.325490196078,0.325490196078,1]},"o":{"a":0,"k":100},"r":1,"bm":0,"nm":"Fill 1","hd":false},{"ty":"tr","p":{"a":0,"k":[0,0]},"a":{"a":0,"k":[0,0]},"s":{"a":0,"k":[100,100]},"r":{"a":0,"k":0},"o":{"a":0,"k":100},"sk":{"a":0,"k":0},"sa":{"a":0,"k":0},"nm":"Transform"}],"nm":"Group 1","bm":0,"hd":false}],"ip":0,"op":210,"st":0,"bm":0},{"ddd":0,"ind":23,"ty":4,"nm":"Layer 10","sr":1,"ks":{"o":{"a":0,"k":100},"r":{"a":0,"k":0},"p":{"a":0,"k":[317.34,226.466,0]},"a":{"a":0,"k":[0,0,0]},"s":{"a":0,"k":[100,100,100]}},"ao":0,"shapes":[{"ty":"gr","it":[{"ind":0,"ty":"sh","ks":{"a":0,"k":{"i":[[0,0],[-1.973,0],[0,0],[0,-1.973],[0,0],[1.973,0],[0,0],[0,1.973]],"o":[[0,-1.973],[0,0],[1.973,0],[0,0],[0,1.973],[0,0],[-1.973,0],[0,0]],"v":[[-10.719,-7.146],[-7.146,-10.719],[7.146,-10.719],[10.719,-7.146],[10.719,7.146],[7.146,10.719],[-7.146,10.719],[-10.719,7.146]],"c":true}},"nm":"Path 1","hd":false},{"ty":"fl","c":{"a":0,"k":[0.325490196078,0.325490196078,0.325490196078,1]},"o":{"a":0,"k":100},"r":1,"bm":0,"nm":"Fill 1","hd":false},{"ty":"tr","p":{"a":0,"k":[0,0]},"a":{"a":0,"k":[0,0]},"s":{"a":0,"k":[100,100]},"r":{"a":0,"k":0},"o":{"a":0,"k":100},"sk":{"a":0,"k":0},"sa":{"a":0,"k":0},"nm":"Transform"}],"nm":"Group 1","bm":0,"hd":false}],"ip":0,"op":210,"st":0,"bm":0},{"ddd":0,"ind":24,"ty":4,"nm":"Layer 8","sr":1,"ks":{"o":{"a":0,"k":100},"r":{"a":0,"k":0},"p":{"a":0,"k":[260.173,226.466,0]},"a":{"a":0,"k":[0,0,0]},"s":{"a":0,"k":[100,100,100]}},"ao":0,"shapes":[{"ty":"gr","it":[{"ind":0,"ty":"sh","ks":{"a":0,"k":{"i":[[0,0],[-1.973,0],[0,0],[0,-1.973],[0,0],[1.973,0],[0,0],[0,1.973]],"o":[[0,-1.973],[0,0],[1.973,0],[0,0],[0,1.973],[0,0],[-1.973,0],[0,0]],"v":[[-10.719,-7.146],[-7.146,-10.719],[7.146,-10.719],[10.719,-7.146],[10.719,7.146],[7.146,10.719],[-7.146,10.719],[-10.719,7.146]],"c":true}},"nm":"Path 1","hd":false},{"ty":"fl","c":{"a":0,"k":[0.325490196078,0.325490196078,0.325490196078,1]},"o":{"a":0,"k":100},"r":1,"bm":0,"nm":"Fill 1","hd":false},{"ty":"tr","p":{"a":0,"k":[0,0]},"a":{"a":0,"k":[0,0]},"s":{"a":0,"k":[100,100]},"r":{"a":0,"k":0},"o":{"a":0,"k":100},"sk":{"a":0,"k":0},"sa":{"a":0,"k":0},"nm":"Transform"}],"nm":"Group 1","bm":0,"hd":false}],"ip":0,"op":210,"st":0,"bm":0},{"ddd":0,"ind":25,"ty":4,"nm":"Layer 6","sr":1,"ks":{"o":{"a":0,"k":100},"r":{"a":0,"k":0},"p":{"a":0,"k":[203.007,226.466,0]},"a":{"a":0,"k":[0,0,0]},"s":{"a":0,"k":[100,100,100]}},"ao":0,"shapes":[{"ty":"gr","it":[{"ind":0,"ty":"sh","ks":{"a":0,"k":{"i":[[0,0],[-1.973,0],[0,0],[0,-1.973],[0,0],[1.973,0],[0,0],[0,1.973]],"o":[[0,-1.973],[0,0],[1.973,0],[0,0],[0,1.973],[0,0],[-1.973,0],[0,0]],"v":[[-10.719,-7.146],[-7.146,-10.719],[7.146,-10.719],[10.719,-7.146],[10.719,7.146],[7.146,10.719],[-7.146,10.719],[-10.719,7.146]],"c":true}},"nm":"Path 1","hd":false},{"ty":"fl","c":{"a":0,"k":[0.325490196078,0.325490196078,0.325490196078,1]},"o":{"a":0,"k":100},"r":1,"bm":0,"nm":"Fill 1","hd":false},{"ty":"tr","p":{"a":0,"k":[0,0]},"a":{"a":0,"k":[0,0]},"s":{"a":0,"k":[100,100]},"r":{"a":0,"k":0},"o":{"a":0,"k":100},"sk":{"a":0,"k":0},"sa":{"a":0,"k":0},"nm":"Transform"}],"nm":"Group 1","bm":0,"hd":false}],"ip":0,"op":210,"st":0,"bm":0},{"ddd":0,"ind":26,"ty":4,"nm":"Layer 5","sr":1,"ks":{"o":{"a":0,"k":100},"r":{"a":0,"k":0},"p":{"a":0,"k":[174.423,226.466,0]},"a":{"a":0,"k":[0,0,0]},"s":{"a":0,"k":[100,100,100]}},"ao":0,"shapes":[{"ty":"gr","it":[{"ind":0,"ty":"sh","ks":{"a":0,"k":{"i":[[0,0],[-1.973,0],[0,0],[0,-1.973],[0,0],[1.973,0],[0,0],[0,1.973]],"o":[[0,-1.973],[0,0],[1.973,0],[0,0],[0,1.973],[0,0],[-1.973,0],[0,0]],"v":[[-10.719,-7.146],[-7.146,-10.719],[7.146,-10.719],[10.719,-7.146],[10.719,7.146],[7.146,10.719],[-7.146,10.719],[-10.719,7.146]],"c":true}},"nm":"Path 1","hd":false},{"ty":"fl","c":{"a":0,"k":[0.325490196078,0.325490196078,0.325490196078,1]},"o":{"a":0,"k":100},"r":1,"bm":0,"nm":"Fill 1","hd":false},{"ty":"tr","p":{"a":0,"k":[0,0]},"a":{"a":0,"k":[0,0]},"s":{"a":0,"k":[100,100]},"r":{"a":0,"k":0},"o":{"a":0,"k":100},"sk":{"a":0,"k":0},"sa":{"a":0,"k":0},"nm":"Transform"}],"nm":"Group 1","bm":0,"hd":false}],"ip":0,"op":210,"st":0,"bm":0},{"ddd":0,"ind":27,"ty":4,"nm":"Layer 4","sr":1,"ks":{"o":{"a":0,"k":100},"r":{"a":0,"k":0},"p":{"a":0,"k":[145.84,226.466,0]},"a":{"a":0,"k":[0,0,0]},"s":{"a":0,"k":[100,100,100]}},"ao":0,"shapes":[{"ty":"gr","it":[{"ind":0,"ty":"sh","ks":{"a":0,"k":{"i":[[0,0],[-1.973,0],[0,0],[0,-1.973],[0,0],[1.973,0],[0,0],[0,1.973]],"o":[[0,-1.973],[0,0],[1.973,0],[0,0],[0,1.973],[0,0],[-1.973,0],[0,0]],"v":[[-10.719,-7.146],[-7.146,-10.719],[7.146,-10.719],[10.719,-7.146],[10.719,7.146],[7.146,10.719],[-7.146,10.719],[-10.719,7.146]],"c":true}},"nm":"Path 1","hd":false},{"ty":"fl","c":{"a":0,"k":[0.325490196078,0.325490196078,0.325490196078,1]},"o":{"a":0,"k":100},"r":1,"bm":0,"nm":"Fill 1","hd":false},{"ty":"tr","p":{"a":0,"k":[0,0]},"a":{"a":0,"k":[0,0]},"s":{"a":0,"k":[100,100]},"r":{"a":0,"k":0},"o":{"a":0,"k":100},"sk":{"a":0,"k":0},"sa":{"a":0,"k":0},"nm":"Transform"}],"nm":"Group 1","bm":0,"hd":false}],"ip":0,"op":210,"st":0,"bm":0},{"ddd":0,"ind":28,"ty":4,"nm":"Layer 3","sr":1,"ks":{"o":{"a":0,"k":75},"r":{"a":0,"k":0},"p":{"a":0,"k":[276,276,0]},"a":{"a":0,"k":[0,0,0]},"s":{"a":0,"k":[100,100,100]}},"ao":0,"shapes":[{"ty":"gr","it":[{"ty":"tr","p":{"a":0,"k":[0,0]},"a":{"a":0,"k":[0,0]},"s":{"a":0,"k":[100,100]},"r":{"a":0,"k":0},"o":{"a":0,"k":100},"sk":{"a":0,"k":0},"sa":{"a":0,"k":0},"nm":"Transform"}],"nm":"Group 1","bm":0,"hd":false}],"ip":0,"op":210,"st":0,"bm":0},{"ddd":0,"ind":29,"ty":4,"nm":"Layer 2","sr":1,"ks":{"o":{"a":0,"k":100},"r":{"a":0,"k":0},"p":{"a":0,"k":[276,276,0]},"a":{"a":0,"k":[0,0,0]},"s":{"a":0,"k":[100,100,100]}},"ao":0,"shapes":[{"ty":"gr","it":[{"ty":"tr","p":{"a":0,"k":[0,0]},"a":{"a":0,"k":[0,0]},"s":{"a":0,"k":[100,100]},"r":{"a":0,"k":0},"o":{"a":0,"k":100},"sk":{"a":0,"k":0},"sa":{"a":0,"k":0},"nm":"Transform"}],"nm":"Group 1","bm":0,"hd":false}],"ip":0,"op":210,"st":0,"bm":0}]}],"layers":[{"ddd":0,"ind":1,"ty":0,"nm":"03 - Keyboard - Comped - SV2","refId":"comp_0","sr":1,"ks":{"o":{"a":1,"k":[{"i":{"x":[0.833],"y":[0.833]},"o":{"x":[0.167],"y":[0.167]},"t":0,"s":[0]},{"i":{"x":[0.833],"y":[0.833]},"o":{"x":[0.167],"y":[0.167]},"t":10,"s":[100]},{"i":{"x":[0.833],"y":[0.833]},"o":{"x":[0.167],"y":[0.167]},"t":199,"s":[100]},{"t":209,"s":[0]}]},"r":{"a":0,"k":0},"p":{"a":1,"k":[{"i":{"x":0,"y":1},"o":{"x":0.167,"y":0.167},"t":0,"s":[276,376,0],"to":[0,-16.667,0],"ti":[0,13.333,0]},{"i":{"x":0.76,"y":0.76},"o":{"x":0.24,"y":0.24},"t":80,"s":[276,276,0],"to":[0,0,0],"ti":[0,0,0]},{"i":{"x":0.833,"y":0.833},"o":{"x":1,"y":0},"t":180,"s":[276,276,0],"to":[0,0,0],"ti":[0,0,0]},{"t":209,"s":[276,216,0]}]},"a":{"a":0,"k":[276,276,0]},"s":{"a":0,"k":[100,100,100]}},"ao":0,"w":552,"h":552,"ip":0,"op":210,"st":0,"bm":0}],"markers":[]}