{"v":"5.7.13","fr":60,"ip":0,"op":210,"w":552,"h":552,"nm":"01 - Language","ddd":0,"assets":[{"id":"comp_0","nm":"01 - Language - Comped - No Text","layers":[{"ddd":0,"ind":1,"ty":3,"nm":"Null 79","sr":1,"ks":{"o":{"a":0,"k":0},"r":{"a":0,"k":0},"p":{"a":0,"k":[276,276,0]},"a":{"a":0,"k":[0,0,0]},"s":{"a":0,"k":[100,100,100]}},"ao":0,"ip":0,"op":209,"st":-1,"bm":0},{"ddd":0,"ind":2,"ty":0,"nm":"01 - Left Bubble - NoText","parent":1,"refId":"comp_1","sr":1,"ks":{"o":{"a":0,"k":100},"r":{"a":0,"k":0},"p":{"a":1,"k":[{"i":{"x":0,"y":1},"o":{"x":0.167,"y":0.167},"t":0,"s":[-119.871,173.183,0],"to":[0,0,0],"ti":[0,0,0]},{"i":{"x":0.75,"y":1},"o":{"x":0.25,"y":0},"t":30,"s":[-119.871,57.243,0],"to":[0,0,0],"ti":[0,0,0]},{"i":{"x":0,"y":1},"o":{"x":0.35,"y":0},"t":50,"s":[-119.871,64.683,0],"to":[0,0,0],"ti":[0,0,0]},{"t":84,"s":[-119.871,63.183,0]}]},"a":{"a":0,"k":[90,75,0]},"s":{"a":1,"k":[{"i":{"x":[0,0,0.833],"y":[1,1,-15.667]},"o":{"x":[0.167,0.167,0.167],"y":[0.167,0.167,16.667]},"t":0,"s":[0,0,100]},{"t":20,"s":[100,100,100]}]}},"ao":0,"w":180,"h":150,"ip":0,"op":210,"st":0,"bm":0},{"ddd":0,"ind":3,"ty":4,"nm":"Left Bubble - Shadow","parent":2,"sr":1,"ks":{"o":{"a":1,"k":[{"i":{"x":[0.833],"y":[0.833]},"o":{"x":[0.167],"y":[0.167]},"t":6,"s":[0]},{"t":16,"s":[15]}]},"r":{"a":0,"k":0},"p":{"a":0,"k":[120.503,40.515,0]},"a":{"a":0,"k":[29.746,-45.813,0]},"s":{"a":0,"k":[100,100,100]}},"ao":0,"ef":[{"ty":29,"nm":"Gaussian Blur","np":5,"mn":"ADBE Gaussian Blur 2","ix":1,"en":1,"ef":[{"ty":0,"nm":"Blurriness","mn":"ADBE Gaussian Blur 2-0001","ix":1,"v":{"a":0,"k":20}},{"ty":7,"nm":"Blur Dimensions","mn":"ADBE Gaussian Blur 2-0002","ix":2,"v":{"a":0,"k":1}},{"ty":7,"nm":"Repeat Edge Pixels","mn":"ADBE Gaussian Blur 2-0003","ix":3,"v":{"a":0,"k":0}}]}],"shapes":[{"ty":"gr","it":[{"ind":0,"ty":"sh","ks":{"a":1,"k":[{"i":{"x":0,"y":1},"o":{"x":0.167,"y":0.167},"t":6,"s":[{"i":[[3.513,0],[0,0],[0,0],[0,0],[0,0]],"o":[[0,0],[0,0],[0,0],[0,0],[0,-3.513]],"v":[[67.244,-72.371],[45.471,-71.987],[43.998,-19.019],[73.491,-19.437],[73.604,-66.011]],"c":true}]},{"t":36,"s":[{"i":[[3.513,0],[0,0],[0,0],[0,0],[0,0]],"o":[[0,0],[0,0],[0,0],[0,0],[0,-3.513]],"v":[[67.244,-72.371],[-12.639,-72.222],[-14.111,-19.255],[73.491,-19.437],[73.604,-66.011]],"c":true}]}]},"nm":"Path 1","hd":false},{"ty":"tr","p":{"a":0,"k":[0,0]},"a":{"a":0,"k":[0,0]},"s":{"a":0,"k":[100,100]},"r":{"a":0,"k":0},"o":{"a":0,"k":100},"sk":{"a":0,"k":0},"sa":{"a":0,"k":0},"nm":"Transform"}],"nm":"Group 1","bm":0,"hd":false},{"ty":"fl","c":{"a":0,"k":[0,0,0,1]},"o":{"a":0,"k":100},"r":1,"bm":0,"nm":"Fill 1","hd":false}],"ip":6,"op":222,"st":-26,"bm":0},{"ddd":0,"ind":4,"ty":0,"nm":"01 - Center Bubble - NoText","parent":1,"refId":"comp_2","sr":1,"ks":{"o":{"a":0,"k":100},"r":{"a":0,"k":0},"p":{"a":1,"k":[{"i":{"x":0,"y":1},"o":{"x":0.167,"y":0.167},"t":6,"s":[-13.399,119.674,0],"to":[0,0,0],"ti":[0,0,0]},{"i":{"x":0.75,"y":1},"o":{"x":0.25,"y":0},"t":36,"s":[-13.399,-24.326,0],"to":[0,0,0],"ti":[0,0,0]},{"i":{"x":0,"y":1},"o":{"x":0.35,"y":0},"t":53,"s":[-13.399,-18.826,0],"to":[0,0,0],"ti":[0,0,0]},{"t":87,"s":[-13.399,-20.326,0]}]},"a":{"a":0,"k":[140,110,0]},"s":{"a":1,"k":[{"i":{"x":[0,0,0.833],"y":[1,1,-15.667]},"o":{"x":[0.167,0.167,0.167],"y":[0.167,0.167,16.667]},"t":6,"s":[0,0,100]},{"t":36,"s":[100,100,100]}]}},"ao":0,"w":280,"h":220,"ip":6,"op":216,"st":6,"bm":0},{"ddd":0,"ind":5,"ty":4,"nm":"Shape Layer 3","parent":4,"sr":1,"ks":{"o":{"a":1,"k":[{"i":{"x":[0.833],"y":[0.833]},"o":{"x":[0.167],"y":[0.167]},"t":12,"s":[0]},{"t":22,"s":[40]}]},"r":{"a":0,"k":0},"p":{"a":0,"k":[153.899,140.326,0]},"a":{"a":0,"k":[0,0,0]},"s":{"a":0,"k":[100,100,100]}},"ao":0,"ef":[{"ty":29,"nm":"Gaussian Blur","np":5,"mn":"ADBE Gaussian Blur 2","ix":1,"en":1,"ef":[{"ty":0,"nm":"Blurriness","mn":"ADBE Gaussian Blur 2-0001","ix":1,"v":{"a":0,"k":20}},{"ty":7,"nm":"Blur Dimensions","mn":"ADBE Gaussian Blur 2-0002","ix":2,"v":{"a":0,"k":1}},{"ty":7,"nm":"Repeat Edge Pixels","mn":"ADBE Gaussian Blur 2-0003","ix":3,"v":{"a":0,"k":0}}]}],"shapes":[{"ty":"gr","it":[{"ind":0,"ty":"sh","ks":{"a":1,"k":[{"i":{"x":0,"y":1},"o":{"x":0.167,"y":0.167},"t":12,"s":[{"i":[[0,0],[0,0],[0,0],[0,0],[-2.023,3.282],[0,0]],"o":[[0,0],[0,0],[0,0],[0,0],[2.023,-3.282],[0,0]],"v":[[107.444,33.553],[45.093,33.294],[39.649,54.24],[99,54.5],[105.665,51.657],[107.5,44]],"c":true}]},{"t":42,"s":[{"i":[[0,0],[0,0],[0,0],[0,0],[-2.023,3.282],[0,0]],"o":[[0,0],[0,0],[0,0],[0,0],[2.023,-3.282],[0,0]],"v":[[107.5,-43],[2.75,-43],[-2.75,54.5],[99,54.5],[105.665,51.657],[107.5,44]],"c":true}]}]},"nm":"Path 1","hd":false},{"ty":"fl","c":{"a":0,"k":[0,0,0,1]},"o":{"a":0,"k":100},"r":1,"bm":0,"nm":"Fill 1","hd":false},{"ty":"tr","p":{"a":0,"k":[0,0]},"a":{"a":0,"k":[0,0]},"s":{"a":0,"k":[100,100]},"r":{"a":0,"k":0},"o":{"a":0,"k":100},"sk":{"a":0,"k":0},"sa":{"a":0,"k":0},"nm":"Transform"}],"nm":"Shape 1","bm":0,"hd":false}],"ip":12,"op":211,"st":-11,"bm":0},{"ddd":0,"ind":6,"ty":0,"nm":"01 - Right Bubble - NoText","parent":1,"refId":"comp_3","sr":1,"ks":{"o":{"a":0,"k":100},"r":{"a":0,"k":0},"p":{"a":1,"k":[{"i":{"x":0,"y":1},"o":{"x":0.167,"y":0.167},"t":12,"s":[146.529,199.179,0],"to":[0,0,0],"ti":[0,0,0]},{"i":{"x":0.75,"y":1},"o":{"x":0.25,"y":0},"t":40,"s":[146.529,112.179,0],"to":[0,0,0],"ti":[0,0,0]},{"i":{"x":0,"y":1},"o":{"x":0.35,"y":0},"t":56,"s":[146.529,120.679,0],"to":[0,0,0],"ti":[0,0,0]},{"t":89,"s":[146.529,119.179,0]}]},"a":{"a":0,"k":[238.5,241,0]},"s":{"a":1,"k":[{"i":{"x":[0,0,0.34],"y":[1,1,1]},"o":{"x":[0.167,0.167,0.167],"y":[0.167,0.167,-0.794]},"t":12,"s":[0,0,100]},{"t":40,"s":[100,100,100]}]}},"ao":0,"w":375,"h":300,"ip":12,"op":222,"st":12,"bm":0}]},{"id":"comp_1","nm":"01 - Left Bubble - NoText","layers":[{"ddd":0,"ind":1,"ty":4,"nm":"Shape Layer 4","sr":1,"ks":{"o":{"a":1,"k":[{"i":{"x":[0.833],"y":[0.833]},"o":{"x":[0.167],"y":[0.167]},"t":11,"s":[0]},{"t":16,"s":[100]}]},"r":{"a":0,"k":0},"p":{"a":1,"k":[{"i":{"x":0,"y":1},"o":{"x":0.167,"y":0.167},"t":11,"s":[53.5,122.75,0],"to":[0,0,0],"ti":[0,0,0]},{"i":{"x":0.75,"y":1},"o":{"x":0.55,"y":0},"t":31,"s":[53.5,70.25,0],"to":[0,0,0],"ti":[0,0,0]},{"i":{"x":0,"y":1},"o":{"x":0.35,"y":0},"t":51,"s":[53.5,78.5,0],"to":[0,0,0],"ti":[0,0,0]},{"t":81,"s":[53.5,75.25,0]}]},"a":{"a":0,"k":[-157.75,65.75,0]},"s":{"a":1,"k":[{"i":{"x":[0,0,0.833],"y":[1,1,-32.333]},"o":{"x":[0.167,0.167,0.167],"y":[0.167,0.167,16.667]},"t":11,"s":[0,0,100]},{"t":31,"s":[100,100,100]}]}},"ao":0,"shapes":[{"ty":"gr","it":[{"d":1,"ty":"el","s":{"a":0,"k":[26.5,26.5]},"p":{"a":0,"k":[0,0]},"nm":"Ellipse Path 1","hd":false},{"ty":"fl","c":{"a":0,"k":[1,1,1,1]},"o":{"a":0,"k":100},"r":1,"bm":0,"nm":"Fill 1","hd":false},{"ty":"tr","p":{"a":0,"k":[-157.75,65.75]},"a":{"a":0,"k":[0,0]},"s":{"a":0,"k":[100,100]},"r":{"a":0,"k":0},"o":{"a":0,"k":100},"sk":{"a":0,"k":0},"sa":{"a":0,"k":0},"nm":"Transform"}],"nm":"Ellipse 1","bm":0,"hd":false}],"ip":11,"op":221,"st":11,"bm":0},{"ddd":0,"ind":2,"ty":4,"nm":"Shape Layer 5","sr":1,"ks":{"o":{"a":1,"k":[{"i":{"x":[0.833],"y":[0.833]},"o":{"x":[0.167],"y":[0.167]},"t":13,"s":[0]},{"t":18,"s":[50]}]},"r":{"a":0,"k":0},"p":{"a":1,"k":[{"i":{"x":0,"y":1},"o":{"x":0.167,"y":0.167},"t":13,"s":[89,122.75,0],"to":[0,0,0],"ti":[0,0,0]},{"i":{"x":0.75,"y":1},"o":{"x":0.55,"y":0},"t":33,"s":[89,70.25,0],"to":[0,0,0],"ti":[0,0,0]},{"i":{"x":0,"y":1},"o":{"x":0.35,"y":0},"t":53,"s":[89,78.5,0],"to":[0,0,0],"ti":[0,0,0]},{"t":83,"s":[89,75.25,0]}]},"a":{"a":0,"k":[-157.75,65.75,0]},"s":{"a":1,"k":[{"i":{"x":[0,0,0.833],"y":[1,1,1]},"o":{"x":[0.167,0.167,0.167],"y":[0.167,0.167,0]},"t":13,"s":[0,0,100]},{"t":33,"s":[100,100,100]}]}},"ao":0,"shapes":[{"ty":"gr","it":[{"d":1,"ty":"el","s":{"a":0,"k":[26.5,26.5]},"p":{"a":0,"k":[0,0]},"nm":"Ellipse Path 1","hd":false},{"ty":"fl","c":{"a":0,"k":[1,1,1,1]},"o":{"a":0,"k":100},"r":1,"bm":0,"nm":"Fill 1","hd":false},{"ty":"tr","p":{"a":0,"k":[-157.75,65.75]},"a":{"a":0,"k":[0,0]},"s":{"a":0,"k":[100,100]},"r":{"a":0,"k":0},"o":{"a":0,"k":100},"sk":{"a":0,"k":0},"sa":{"a":0,"k":0},"nm":"Transform"}],"nm":"Ellipse 1","bm":0,"hd":false}],"ip":13,"op":223,"st":13,"bm":0},{"ddd":0,"ind":3,"ty":4,"nm":"Shape Layer 6","sr":1,"ks":{"o":{"a":1,"k":[{"i":{"x":[0.833],"y":[0.833]},"o":{"x":[0.167],"y":[0.167]},"t":17,"s":[0]},{"t":22,"s":[25]}]},"r":{"a":0,"k":0},"p":{"a":1,"k":[{"i":{"x":0,"y":1},"o":{"x":0.167,"y":0.167},"t":17,"s":[123.5,112.75,0],"to":[0,0,0],"ti":[0,0,0]},{"i":{"x":0.75,"y":1},"o":{"x":0.55,"y":0},"t":37,"s":[123.5,70.25,0],"to":[0,0,0],"ti":[0,0,0]},{"i":{"x":0,"y":1},"o":{"x":0.35,"y":0},"t":57,"s":[123.5,79.5,0],"to":[0,0,0],"ti":[0,0,0]},{"t":87,"s":[123.5,75.25,0]}]},"a":{"a":0,"k":[-157.75,65.75,0]},"s":{"a":1,"k":[{"i":{"x":[0,0,0.833],"y":[1,1,1]},"o":{"x":[0.167,0.167,0.167],"y":[0.167,0.167,0]},"t":17,"s":[0,0,100]},{"t":37,"s":[100,100,100]}]}},"ao":0,"shapes":[{"ty":"gr","it":[{"d":1,"ty":"el","s":{"a":0,"k":[26.5,26.5]},"p":{"a":0,"k":[0,0]},"nm":"Ellipse Path 1","hd":false},{"ty":"fl","c":{"a":0,"k":[1,1,1,1]},"o":{"a":0,"k":100},"r":1,"bm":0,"nm":"Fill 1","hd":false},{"ty":"tr","p":{"a":0,"k":[-157.75,65.75]},"a":{"a":0,"k":[0,0]},"s":{"a":0,"k":[100,100]},"r":{"a":0,"k":0},"o":{"a":0,"k":100},"sk":{"a":0,"k":0},"sa":{"a":0,"k":0},"nm":"Transform"}],"nm":"Ellipse 1","bm":0,"hd":false}],"ip":17,"op":227,"st":17,"bm":0},{"ddd":0,"ind":12,"ty":4,"nm":"Left Bubble 2","sr":1,"ks":{"o":{"a":0,"k":100},"r":{"a":0,"k":0},"p":{"a":0,"k":[89.629,75.727,0]},"a":{"a":0,"k":[0,-13.283,0]},"s":{"a":0,"k":[100,100,100]}},"ao":0,"shapes":[{"ty":"gr","it":[{"ind":0,"ty":"sh","ks":{"a":0,"k":{"i":[[3.513,0],[0,0],[0,-3.513],[0,0],[-3.513,0],[0,0],[0,3.513],[0,0]],"o":[[0,0],[-3.513,0],[0,0],[0,3.513],[0,0],[3.513,0],[0,0],[0,-3.513]],"v":[[67.936,-74.738],[-67.936,-74.738],[-74.296,-68.378],[-74.296,41.813],[-67.936,48.173],[67.936,48.173],[74.296,41.813],[74.296,-68.378]],"c":true}},"nm":"Path 1","hd":false},{"ty":"gf","o":{"a":0,"k":100},"r":1,"bm":0,"g":{"p":3,"k":{"a":0,"k":[0,0.247,0.275,0.612,0.5,0.365,0.394,0.767,1,0.482,0.514,0.922]}},"s":{"a":0,"k":[43.871,62.49]},"e":{"a":0,"k":[-44.172,-90.006]},"t":1,"nm":"Gradient Fill 1","hd":false},{"ty":"tr","p":{"a":0,"k":[0,0]},"a":{"a":0,"k":[0,0]},"s":{"a":0,"k":[100,100]},"r":{"a":0,"k":0},"o":{"a":0,"k":100},"sk":{"a":0,"k":0},"sa":{"a":0,"k":0},"nm":"Transform"}],"nm":"Group 1","bm":0,"hd":false}],"ip":0,"op":210,"st":-10,"bm":0}]},{"id":"comp_2","nm":"01 - Center Bubble - NoText","layers":[{"ddd":0,"ind":1,"ty":4,"nm":"Shape Layer 4","sr":1,"ks":{"o":{"a":0,"k":35},"r":{"a":0,"k":0},"p":{"a":0,"k":[123.5,81,0]},"a":{"a":0,"k":[-29.5,-55,0]},"s":{"a":0,"k":[100,100,100]}},"ao":0,"ef":[{"ty":25,"nm":"Drop Shadow","np":8,"mn":"ADBE Drop Shadow","ix":1,"en":1,"ef":[{"ty":2,"nm":"Shadow Color","mn":"ADBE Drop Shadow-0001","ix":1,"v":{"a":0,"k":[0,0,0,1]}},{"ty":0,"nm":"Opacity","mn":"ADBE Drop Shadow-0002","ix":2,"v":{"a":0,"k":127.5}},{"ty":0,"nm":"Direction","mn":"ADBE Drop Shadow-0003","ix":3,"v":{"a":0,"k":0}},{"ty":0,"nm":"Distance","mn":"ADBE Drop Shadow-0004","ix":4,"v":{"a":0,"k":0}},{"ty":0,"nm":"Softness","mn":"ADBE Drop Shadow-0005","ix":5,"v":{"a":0,"k":50}},{"ty":7,"nm":"Shadow Only","mn":"ADBE Drop Shadow-0006","ix":6,"v":{"a":0,"k":0}}]}],"shapes":[{"ty":"gr","it":[{"ind":0,"ty":"sh","ks":{"a":1,"k":[{"i":{"x":0,"y":1},"o":{"x":0.167,"y":0.167},"t":15,"s":[{"i":[[0,0],[0,0]],"o":[[0,0],[0,0]],"v":[[-106.375,-55],[-106.625,-55]],"c":false}]},{"t":65,"s":[{"i":[[0,0],[0,0]],"o":[[0,0],[0,0]],"v":[[-86.375,-55],[29.875,-55]],"c":false}]}]},"nm":"Path 1","hd":false},{"ty":"st","c":{"a":0,"k":[1,1,1,1]},"o":{"a":0,"k":100},"w":{"a":1,"k":[{"i":{"x":[0.833],"y":[0.833]},"o":{"x":[0.167],"y":[0.167]},"t":15,"s":[0]},{"t":20,"s":[15]}]},"lc":2,"lj":2,"bm":0,"nm":"Stroke 1","hd":false},{"ty":"tr","p":{"a":0,"k":[0,0]},"a":{"a":0,"k":[0,0]},"s":{"a":0,"k":[100,100]},"r":{"a":0,"k":0},"o":{"a":0,"k":100},"sk":{"a":0,"k":0},"sa":{"a":0,"k":0},"nm":"Transform"}],"nm":"Shape 1","bm":0,"hd":false}],"ip":15,"op":225,"st":15,"bm":0},{"ddd":0,"ind":2,"ty":4,"nm":"Shape Layer 6","sr":1,"ks":{"o":{"a":0,"k":35},"r":{"a":0,"k":0},"p":{"a":0,"k":[123.5,113,0]},"a":{"a":0,"k":[-29.5,-55,0]},"s":{"a":0,"k":[100,100,100]}},"ao":0,"ef":[{"ty":25,"nm":"Drop Shadow","np":8,"mn":"ADBE Drop Shadow","ix":1,"en":1,"ef":[{"ty":2,"nm":"Shadow Color","mn":"ADBE Drop Shadow-0001","ix":1,"v":{"a":0,"k":[0,0,0,1]}},{"ty":0,"nm":"Opacity","mn":"ADBE Drop Shadow-0002","ix":2,"v":{"a":0,"k":127.5}},{"ty":0,"nm":"Direction","mn":"ADBE Drop Shadow-0003","ix":3,"v":{"a":0,"k":0}},{"ty":0,"nm":"Distance","mn":"ADBE Drop Shadow-0004","ix":4,"v":{"a":0,"k":0}},{"ty":0,"nm":"Softness","mn":"ADBE Drop Shadow-0005","ix":5,"v":{"a":0,"k":50}},{"ty":7,"nm":"Shadow Only","mn":"ADBE Drop Shadow-0006","ix":6,"v":{"a":0,"k":0}}]}],"shapes":[{"ty":"gr","it":[{"ind":0,"ty":"sh","ks":{"a":1,"k":[{"i":{"x":0,"y":1},"o":{"x":0.167,"y":0.167},"t":27,"s":[{"i":[[0,0],[0,0]],"o":[[0,0],[0,0]],"v":[[-93.875,-55],[-94.125,-55]],"c":false}]},{"t":77,"s":[{"i":[[0,0],[0,0]],"o":[[0,0],[0,0]],"v":[[-86.375,-55],[62.875,-55]],"c":false}]}]},"nm":"Path 1","hd":false},{"ty":"st","c":{"a":0,"k":[1,1,1,1]},"o":{"a":0,"k":100},"w":{"a":0,"k":15},"lc":2,"lj":2,"bm":0,"nm":"Stroke 1","hd":false},{"ty":"tr","p":{"a":0,"k":[0,0]},"a":{"a":0,"k":[0,0]},"s":{"a":0,"k":[100,100]},"r":{"a":0,"k":0},"o":{"a":0,"k":100},"sk":{"a":0,"k":0},"sa":{"a":0,"k":0},"nm":"Transform"}],"nm":"Shape 1","bm":0,"hd":false}],"ip":27,"op":237,"st":27,"bm":0},{"ddd":0,"ind":7,"ty":4,"nm":"Bubble - Middle 2","td":1,"sr":1,"ks":{"o":{"a":0,"k":100},"r":{"a":0,"k":0},"p":{"a":0,"k":[141,194.132,0]},"a":{"a":0,"k":[0,70.632,0]},"s":{"a":0,"k":[100,100,100]}},"ao":0,"shapes":[{"ty":"gr","it":[{"ind":0,"ty":"sh","ks":{"a":0,"k":{"i":[[-4.418,0],[0,0],[0,-4.418],[0,0],[4.418,0],[0,0],[0,4.418],[0,0]],"o":[[0,0],[4.418,0],[0,0],[0,4.418],[0,0],[-4.418,0],[0,0],[0,-4.418]],"v":[[-113.139,-97.889],[113.139,-97.889],[121.139,-89.889],[121.139,62.632],[113.139,70.632],[-113.139,70.632],[-121.139,62.632],[-121.139,-89.889]],"c":true}},"nm":"Path 1","hd":false},{"ty":"tr","p":{"a":0,"k":[0,0]},"a":{"a":0,"k":[0,0]},"s":{"a":0,"k":[100,100]},"r":{"a":0,"k":0},"o":{"a":0,"k":100},"sk":{"a":0,"k":0},"sa":{"a":0,"k":0},"nm":"Transform"}],"nm":"SVGID","bm":0,"hd":false},{"ty":"fl","c":{"a":0,"k":[0.756862745098,0.528319893631,0.528319893631,1]},"o":{"a":0,"k":100},"r":1,"bm":0,"nm":"Fill 1","hd":false}],"ip":0,"op":212,"st":1,"bm":0},{"ddd":0,"ind":8,"ty":4,"nm":"Bubble - Middle - Emboss","tt":1,"sr":1,"ks":{"o":{"a":0,"k":50},"r":{"a":0,"k":0},"p":{"a":0,"k":[154,209.132,0]},"a":{"a":0,"k":[0,70.632,0]},"s":{"a":0,"k":[100,100,100]}},"ao":0,"ef":[{"ty":29,"nm":"Gaussian Blur","np":5,"mn":"ADBE Gaussian Blur 2","ix":1,"en":1,"ef":[{"ty":0,"nm":"Blurriness","mn":"ADBE Gaussian Blur 2-0001","ix":1,"v":{"a":0,"k":30}},{"ty":7,"nm":"Blur Dimensions","mn":"ADBE Gaussian Blur 2-0002","ix":2,"v":{"a":0,"k":1}},{"ty":7,"nm":"Repeat Edge Pixels","mn":"ADBE Gaussian Blur 2-0003","ix":3,"v":{"a":0,"k":0}}]}],"shapes":[{"ty":"gr","it":[{"ind":0,"ty":"sh","ks":{"a":0,"k":{"i":[[-4.418,0],[0,0],[0,-4.418],[0,0],[4.418,0],[0,0],[0,4.418],[0,0]],"o":[[0,0],[4.418,0],[0,0],[0,4.418],[0,0],[-4.418,0],[0,0],[0,-4.418]],"v":[[-143.139,-137.889],[113.139,-137.889],[121.139,-129.889],[121.139,62.632],[113.139,70.632],[-143.139,70.632],[-151.139,62.632],[-151.139,-129.889]],"c":true}},"nm":"Path 1","hd":false},{"ty":"tr","p":{"a":0,"k":[0,0]},"a":{"a":0,"k":[0,0]},"s":{"a":0,"k":[100,100]},"r":{"a":0,"k":0},"o":{"a":0,"k":100},"sk":{"a":0,"k":0},"sa":{"a":0,"k":0},"nm":"Transform"}],"nm":"SVGID","bm":0,"hd":false},{"ty":"st","c":{"a":0,"k":[0,0,0,1]},"o":{"a":0,"k":100},"w":{"a":0,"k":2},"lc":1,"lj":1,"ml":4,"bm":0,"nm":"Stroke 1","hd":false}],"ip":0,"op":212,"st":1,"bm":0},{"ddd":0,"ind":12,"ty":4,"nm":"Bubble - Middle 3","sr":1,"ks":{"o":{"a":0,"k":100},"r":{"a":0,"k":0},"p":{"a":0,"k":[140.601,108.914,0]},"a":{"a":0,"k":[0,-13.629,0]},"s":{"a":0,"k":[100,100,100]}},"ao":0,"shapes":[{"ty":"gr","it":[{"ind":0,"ty":"sh","ks":{"a":0,"k":{"i":[[-4.418,0],[0,0],[0,-4.418],[0,0],[4.418,0],[0,0],[0,4.418],[0,0]],"o":[[0,0],[4.418,0],[0,0],[0,4.418],[0,0],[-4.418,0],[0,0],[0,-4.418]],"v":[[-113.139,-97.889],[113.139,-97.889],[121.139,-89.889],[121.139,62.632],[113.139,70.632],[-113.139,70.632],[-121.139,62.632],[-121.139,-89.889]],"c":true}},"nm":"Path 1","hd":false},{"ty":"gf","o":{"a":0,"k":100},"r":1,"bm":0,"g":{"p":3,"k":{"a":0,"k":[0,0.357,0.255,0.827,0.5,0.178,0.363,0.829,1,0,0.471,0.831]}},"s":{"a":0,"k":[55.399,94.958]},"e":{"a":0,"k":[-58.666,-126.461]},"t":1,"nm":"Gradient Fill 1","hd":false},{"ty":"tr","p":{"a":0,"k":[0,0]},"a":{"a":0,"k":[0,0]},"s":{"a":0,"k":[100,100]},"r":{"a":0,"k":0},"o":{"a":0,"k":100},"sk":{"a":0,"k":0},"sa":{"a":0,"k":0},"nm":"Transform"}],"nm":"SVGID","bm":0,"hd":false}],"ip":0,"op":212,"st":1,"bm":0}]},{"id":"comp_3","nm":"01 - Right Bubble - NoText","layers":[{"ddd":0,"ind":8,"ty":4,"nm":"Hola Bubble 7","parent":10,"td":1,"sr":1,"ks":{"o":{"a":0,"k":100},"r":{"a":0,"k":0},"p":{"a":0,"k":[0,0,0]},"a":{"a":0,"k":[0,0,0]},"s":{"a":0,"k":[100,100,100]}},"ao":0,"shapes":[{"ty":"gr","it":[{"ind":0,"ty":"sh","ks":{"a":0,"k":{"i":[[3.997,0],[0,0],[0,-3.997],[0,0],[-3.997,0],[0,0],[0,0],[0,3.265],[0,0],[0,0],[0,3.997],[0,0]],"o":[[0,0],[-3.997,0],[0,0],[0,3.997],[0,0],[0,0],[2.254,2.362],[0,0],[0,0],[3.997,0],[0,0],[0,-3.997]],"v":[[91.402,-82.889],[-91.402,-82.889],[-98.639,-75.653],[-98.639,48.395],[-91.402,55.632],[27.52,55.632],[52.447,81.761],[58.683,79.264],[58.683,55.632],[91.402,55.632],[98.639,48.395],[98.639,-75.653]],"c":true}},"nm":"Path 1","hd":false},{"ty":"fl","c":{"a":0,"k":[1,1,1,1]},"o":{"a":0,"k":100},"r":1,"bm":0,"nm":"Fill 1","hd":false},{"ty":"tr","p":{"a":0,"k":[0,0]},"a":{"a":0,"k":[0,0]},"s":{"a":0,"k":[100,100]},"r":{"a":0,"k":0},"o":{"a":0,"k":100},"sk":{"a":0,"k":0},"sa":{"a":0,"k":0},"nm":"Transform"}],"nm":"SVGID","bm":0,"hd":false}],"ip":0,"op":211,"st":0,"bm":0},{"ddd":0,"ind":9,"ty":4,"nm":"Hola Bubble 6","parent":10,"tt":1,"sr":1,"ks":{"o":{"a":0,"k":20},"r":{"a":0,"k":0},"p":{"a":0,"k":[0,0,0]},"a":{"a":0,"k":[0,0,0]},"s":{"a":0,"k":[100,100,100]}},"ao":0,"ef":[{"ty":29,"nm":"Gaussian Blur","np":5,"mn":"ADBE Gaussian Blur 2","ix":1,"en":1,"ef":[{"ty":0,"nm":"Blurriness","mn":"ADBE Gaussian Blur 2-0001","ix":1,"v":{"a":0,"k":4}},{"ty":7,"nm":"Blur Dimensions","mn":"ADBE Gaussian Blur 2-0002","ix":2,"v":{"a":0,"k":1}},{"ty":7,"nm":"Repeat Edge Pixels","mn":"ADBE Gaussian Blur 2-0003","ix":3,"v":{"a":0,"k":0}}]}],"shapes":[{"ty":"gr","it":[{"ind":0,"ty":"sh","ks":{"a":0,"k":{"i":[[3.997,0],[0,0],[0,-3.997],[0,0],[-3.997,0],[0,0],[0,0],[0,3.265],[0,0],[0,0],[0,3.997],[0,0]],"o":[[0,0],[-3.997,0],[0,0],[0,3.997],[0,0],[0,0],[2.254,2.362],[0,0],[0,0],[3.997,0],[0,0],[0,-3.997]],"v":[[91.402,-97.889],[-106.402,-97.889],[-113.639,-90.653],[-113.639,48.895],[-106.402,56.132],[27.52,56.132],[52.447,82.261],[58.683,79.764],[58.683,56.132],[91.402,56.132],[98.639,48.895],[98.639,-90.653]],"c":true}},"nm":"Path 1","hd":false},{"ty":"st","c":{"a":0,"k":[0,0,0,1]},"o":{"a":0,"k":100},"w":{"a":0,"k":1},"lc":1,"lj":1,"ml":4,"bm":0,"nm":"Stroke 1","hd":false},{"ty":"tr","p":{"a":0,"k":[0,0]},"a":{"a":0,"k":[0,0]},"s":{"a":0,"k":[100,100]},"r":{"a":0,"k":0},"o":{"a":0,"k":100},"sk":{"a":0,"k":0},"sa":{"a":0,"k":0},"nm":"Transform"}],"nm":"SVGID","bm":0,"hd":false}],"ip":0,"op":211,"st":0,"bm":0},{"ddd":0,"ind":10,"ty":4,"nm":"Hola Bubble 2","sr":1,"ks":{"o":{"a":0,"k":100},"r":{"a":0,"k":0},"p":{"a":0,"k":[188.029,162.79,0]},"a":{"a":0,"k":[0,0,0]},"s":{"a":0,"k":[100,100,100]}},"ao":0,"shapes":[{"ty":"gr","it":[{"ind":0,"ty":"sh","ks":{"a":0,"k":{"i":[[3.997,0],[0,0],[0,-3.997],[0,0],[-3.997,0],[0,0],[0,0],[0,3.265],[0,0],[0,0],[0,3.997],[0,0]],"o":[[0,0],[-3.997,0],[0,0],[0,3.997],[0,0],[0,0],[2.254,2.362],[0,0],[0,0],[3.997,0],[0,0],[0,-3.997]],"v":[[91.402,-82.889],[-91.402,-82.889],[-98.639,-75.653],[-98.639,48.395],[-91.402,55.632],[27.52,55.632],[52.447,81.761],[58.683,79.264],[58.683,55.632],[91.402,55.632],[98.639,48.395],[98.639,-75.653]],"c":true}},"nm":"Path 1","hd":false},{"ty":"fl","c":{"a":0,"k":[1,1,1,1]},"o":{"a":0,"k":100},"r":1,"bm":0,"nm":"Fill 1","hd":false},{"ty":"tr","p":{"a":0,"k":[0,0]},"a":{"a":0,"k":[0,0]},"s":{"a":0,"k":[100,100]},"r":{"a":0,"k":0},"o":{"a":0,"k":100},"sk":{"a":0,"k":0},"sa":{"a":0,"k":0},"nm":"Transform"}],"nm":"SVGID","bm":0,"hd":false}],"ip":0,"op":211,"st":0,"bm":0},{"ddd":0,"ind":11,"ty":4,"nm":"Hola Bubble - Shadow","parent":10,"sr":1,"ks":{"o":{"a":0,"k":10},"r":{"a":0,"k":0},"p":{"a":0,"k":[2,1.5,0]},"a":{"a":0,"k":[0,0,0]},"s":{"a":0,"k":[100,100,100]}},"ao":0,"ef":[{"ty":29,"nm":"Gaussian Blur","np":5,"mn":"ADBE Gaussian Blur 2","ix":1,"en":1,"ef":[{"ty":0,"nm":"Blurriness","mn":"ADBE Gaussian Blur 2-0001","ix":1,"v":{"a":0,"k":25}},{"ty":7,"nm":"Blur Dimensions","mn":"ADBE Gaussian Blur 2-0002","ix":2,"v":{"a":0,"k":1}},{"ty":7,"nm":"Repeat Edge Pixels","mn":"ADBE Gaussian Blur 2-0003","ix":3,"v":{"a":0,"k":0}}]}],"shapes":[{"ty":"gr","it":[{"ind":0,"ty":"sh","ks":{"a":0,"k":{"i":[[3.997,0],[0,0],[0,-3.997],[0,0],[-3.997,0],[0,0],[0,0],[0,3.265],[0,0],[0,0],[0,3.997],[0,0]],"o":[[0,0],[-3.997,0],[0,0],[0,3.997],[0,0],[0,0],[2.254,2.362],[0,0],[0,0],[3.997,0],[0,0],[0,-3.997]],"v":[[91.402,-82.889],[-91.402,-82.889],[-98.639,-75.653],[-98.639,48.395],[-91.402,55.632],[27.52,55.632],[52.447,81.761],[58.683,79.264],[58.683,55.632],[91.402,55.632],[98.639,48.395],[98.639,-75.653]],"c":true}},"nm":"Path 1","hd":false},{"ty":"fl","c":{"a":0,"k":[0,0,0,1]},"o":{"a":0,"k":100},"r":1,"bm":0,"nm":"Fill 1","hd":false},{"ty":"tr","p":{"a":0,"k":[0,0]},"a":{"a":0,"k":[0,0]},"s":{"a":0,"k":[100,100]},"r":{"a":0,"k":0},"o":{"a":0,"k":100},"sk":{"a":0,"k":0},"sa":{"a":0,"k":0},"nm":"Transform"}],"nm":"SVGID","bm":0,"hd":false}],"ip":0,"op":211,"st":0,"bm":0}]}],"layers":[{"ddd":0,"ind":1,"ty":0,"nm":"01 - Language - Comped - No Text","refId":"comp_0","sr":1,"ks":{"o":{"a":1,"k":[{"i":{"x":[0.833],"y":[0.833]},"o":{"x":[0.167],"y":[0.167]},"t":0,"s":[0]},{"i":{"x":[0.833],"y":[0.833]},"o":{"x":[0.167],"y":[0.167]},"t":10,"s":[100]},{"i":{"x":[0.833],"y":[0.833]},"o":{"x":[0.167],"y":[0.167]},"t":199,"s":[100]},{"t":209,"s":[0]}]},"r":{"a":0,"k":0},"p":{"a":1,"k":[{"i":{"x":0.36,"y":1},"o":{"x":0.24,"y":0},"t":0,"s":[276,356,0],"to":[0,-13.333,0],"ti":[0,13.333,0]},{"i":{"x":0.76,"y":0.76},"o":{"x":0.24,"y":0.24},"t":30,"s":[276,276,0],"to":[0,0,0],"ti":[0,0,0]},{"i":{"x":0.833,"y":0.833},"o":{"x":1,"y":0},"t":180,"s":[276,276,0],"to":[0,0,0],"ti":[0,0,0]},{"t":209,"s":[276,216,0]}]},"a":{"a":0,"k":[276,276,0]},"s":{"a":0,"k":[100,100,100]}},"ao":0,"w":552,"h":552,"ip":0,"op":210,"st":0,"bm":0}],"markers":[]}