{"v":"5.6.5","fr":60,"ip":0,"op":210,"w":552,"h":552,"nm":"24C - Local Account - Other Users","ddd":0,"assets":[{"id":"comp_0","layers":[{"ddd":0,"ind":1,"ty":0,"nm":"blue","refId":"comp_1","sr":1,"ks":{"o":{"a":0,"k":100,"ix":11},"r":{"a":0,"k":0.044,"ix":10},"p":{"a":1,"k":[{"i":{"x":0.45,"y":1},"o":{"x":0.167,"y":0.167},"t":0,"s":[248,483,0],"to":[-57,-85,0],"ti":[0,0,0]},{"i":{"x":0.75,"y":1},"o":{"x":0.146,"y":0},"t":30,"s":[228,324.5,0],"to":[0,0,0],"ti":[0,0,0]},{"i":{"x":0.592,"y":1},"o":{"x":0.35,"y":0},"t":55,"s":[227.932,335.003,0],"to":[0,0,0],"ti":[0.159,-0.406,0]},{"t":80,"s":[228,333,0]}],"ix":2},"a":{"a":0,"k":[232.364,327.818,0],"ix":1},"s":{"a":1,"k":[{"i":{"x":[0.45,0.45,0.573],"y":[1,1,1]},"o":{"x":[0.167,0.167,0.167],"y":[0.167,0.167,0]},"t":0,"s":[0,0,100]},{"i":{"x":[0.75,0.75,0.837],"y":[1,1,1]},"o":{"x":[0.1,0.1,0.403],"y":[0,0,0]},"t":30,"s":[105,105,100]},{"t":55,"s":[100,100,100]}],"ix":6}},"ao":0,"w":552,"h":552,"ip":0,"op":211,"st":0,"bm":0},{"ddd":0,"ind":2,"ty":4,"nm":"Shape Layer 1","parent":1,"sr":1,"ks":{"o":{"a":1,"k":[{"i":{"x":[0.833],"y":[0.833]},"o":{"x":[0.167],"y":[0.167]},"t":18,"s":[0]},{"t":24,"s":[20]}],"ix":11},"r":{"a":0,"k":0,"ix":10},"p":{"a":0,"k":[233.041,316.029,0],"ix":2},"a":{"a":0,"k":[-75.5,11.5,0],"ix":1},"s":{"a":0,"k":[100,100,100],"ix":6}},"ao":0,"ef":[{"ty":29,"nm":"Gaussian Blur","np":5,"mn":"ADBE Gaussian Blur 2","ix":1,"en":1,"ef":[{"ty":0,"nm":"Blurriness","mn":"ADBE Gaussian Blur 2-0001","ix":1,"v":{"a":0,"k":30,"ix":1}},{"ty":7,"nm":"Blur Dimensions","mn":"ADBE Gaussian Blur 2-0002","ix":2,"v":{"a":0,"k":1,"ix":2}},{"ty":7,"nm":"Repeat Edge Pixels","mn":"ADBE Gaussian Blur 2-0003","ix":3,"v":{"a":0,"k":0,"ix":3}}]}],"shapes":[{"ty":"gr","it":[{"ind":0,"ty":"sh","ix":1,"ks":{"a":1,"k":[{"i":{"x":0.833,"y":0.833},"o":{"x":0.167,"y":0.167},"t":18,"s":[{"i":[[0,0],[0,0],[0,0],[22.081,26.578]],"o":[[0,0],[0,0],[0,0],[-19.748,-23.77]],"v":[[-33.495,-81.447],[-42.923,2.498],[26.526,2.444],[6.421,-52.615]],"c":true}]},{"i":{"x":0.833,"y":0.833},"o":{"x":0.167,"y":0.167},"t":28,"s":[{"i":[[0,0],[0,0],[0,0],[22.081,26.578]],"o":[[0,0],[0,0],[0,0],[-19.748,-23.77]],"v":[[-33.495,-81.447],[-42.923,2.498],[28.445,11.049],[6.421,-52.615]],"c":true}]},{"i":{"x":0.833,"y":0.833},"o":{"x":0.167,"y":0.167},"t":38,"s":[{"i":[[0,0],[0,0],[0,0],[22.081,26.578]],"o":[[0,0],[0,0],[0,0],[-19.748,-23.77]],"v":[[-35.446,-82.421],[-42.923,2.498],[26.488,2.273],[6.421,-52.615]],"c":true}]},{"t":90,"s":[{"i":[[0,0],[0,0],[0,0],[22.081,26.578]],"o":[[0,0],[0,0],[0,0],[-19.748,-23.77]],"v":[[-31.445,-80.424],[-42.923,2.498],[26.488,2.273],[6.421,-52.615]],"c":true}]}],"ix":2},"nm":"Path 1","mn":"ADBE Vector Shape - Group","hd":false},{"ty":"fl","c":{"a":0,"k":[0,0,0,1],"ix":4},"o":{"a":0,"k":100,"ix":5},"r":1,"bm":0,"nm":"Fill 1","mn":"ADBE Vector Graphic - Fill","hd":false},{"ty":"tr","p":{"a":0,"k":[0,0],"ix":2},"a":{"a":0,"k":[0,0],"ix":1},"s":{"a":0,"k":[100,100],"ix":3},"r":{"a":0,"k":0,"ix":6},"o":{"a":0,"k":100,"ix":7},"sk":{"a":0,"k":0,"ix":4},"sa":{"a":0,"k":0,"ix":5},"nm":"Transform"}],"nm":"Shape 1","np":3,"cix":2,"bm":0,"ix":1,"mn":"ADBE Vector Group","hd":false}],"ip":18,"op":210,"st":0,"bm":0},{"ddd":0,"ind":3,"ty":0,"nm":"gray","refId":"comp_2","sr":1,"ks":{"o":{"a":0,"k":100,"ix":11},"r":{"a":0,"k":0,"ix":10},"p":{"a":1,"k":[{"i":{"x":0.45,"y":1},"o":{"x":0.167,"y":0.167},"t":0,"s":[299,445,0],"to":[86.689,-68.398,0],"ti":[0,0,0]},{"i":{"x":0.75,"y":1},"o":{"x":0.14,"y":0},"t":35,"s":[349.679,225.714,0],"to":[0,0,0],"ti":[0,0,0]},{"i":{"x":0.601,"y":1},"o":{"x":0.35,"y":0},"t":60,"s":[349.031,236.724,0],"to":[0,0,0],"ti":[0,0,0]},{"t":85,"s":[349,235,0]}],"ix":2},"a":{"a":0,"k":[349,235,0],"ix":1},"s":{"a":1,"k":[{"i":{"x":[0.45,0.45,0.573],"y":[1,1,1]},"o":{"x":[0.167,0.167,0.167],"y":[0.167,0.167,0]},"t":0,"s":[0,0,100]},{"i":{"x":[0.75,0.75,0.801],"y":[1,1,1]},"o":{"x":[0.14,0.14,0.342],"y":[0,0,0]},"t":35,"s":[110,110,100]},{"t":60,"s":[100,100,100]}],"ix":6}},"ao":0,"w":552,"h":552,"ip":0,"op":211,"st":0,"bm":0},{"ddd":0,"ind":4,"ty":4,"nm":"dot","sr":1,"ks":{"o":{"a":0,"k":100,"ix":11},"r":{"a":0,"k":0,"ix":10},"p":{"a":1,"k":[{"i":{"x":0.45,"y":1},"o":{"x":0.167,"y":0.167},"t":0,"s":[266.754,477.426,0],"to":[-123.754,-127.426,0],"ti":[0,0,0]},{"i":{"x":0.75,"y":1},"o":{"x":0.14,"y":0},"t":40,"s":[226.588,150.519,0],"to":[0,0,0],"ti":[0,0,0]},{"i":{"x":0.601,"y":1},"o":{"x":0.35,"y":0},"t":70,"s":[226.761,159,0],"to":[0,0,0],"ti":[0,0,0]},{"t":90,"s":[226.754,157.426,0]}],"ix":2},"a":{"a":0,"k":[0,0,0],"ix":1},"s":{"a":1,"k":[{"i":{"x":[0.45,0.45,0.573],"y":[1,1,-23.401]},"o":{"x":[0.167,0.167,0.167],"y":[0.167,0.167,0]},"t":0,"s":[0,0,100]},{"i":{"x":[0.75,0.75,0.837],"y":[1,1,-5.966]},"o":{"x":[0.1,0.1,0.403],"y":[0,0,17.278]},"t":40,"s":[110,110,100]},{"t":70,"s":[100,100,100]}],"ix":6}},"ao":0,"shapes":[{"ty":"gr","it":[{"ind":0,"ty":"sh","ix":1,"ks":{"a":0,"k":{"i":[[-16.293,0],[0,16.293],[16.293,0],[0,-16.293]],"o":[[16.293,0],[0,-16.293],[-16.293,0],[0,16.293]],"v":[[0,29.501],[29.501,0],[0,-29.501],[-29.501,0]],"c":true},"ix":2},"nm":"Path 1","mn":"ADBE Vector Shape - Group","hd":false},{"ty":"fl","c":{"a":0,"k":[0.878431379795,0.870588243008,0.86274510622,1],"ix":4},"o":{"a":0,"k":100,"ix":5},"r":1,"bm":0,"nm":"Fill 1","mn":"ADBE Vector Graphic - Fill","hd":false},{"ty":"tr","p":{"a":0,"k":[0,0],"ix":2},"a":{"a":0,"k":[0,0],"ix":1},"s":{"a":0,"k":[100,100],"ix":3},"r":{"a":0,"k":0,"ix":6},"o":{"a":0,"k":100,"ix":7},"sk":{"a":0,"k":0,"ix":4},"sa":{"a":0,"k":0,"ix":5},"nm":"Transform"}],"nm":"Group 1","np":2,"cix":2,"bm":0,"ix":1,"mn":"ADBE Vector Group","hd":false}],"ip":0,"op":211,"st":0,"bm":0}]},{"id":"comp_1","layers":[{"ddd":0,"ind":1,"ty":4,"nm":"Artwork 4","sr":1,"ks":{"o":{"a":1,"k":[{"i":{"x":[0.833],"y":[0.833]},"o":{"x":[0.167],"y":[0.167]},"t":10,"s":[0]},{"t":15,"s":[20]}],"ix":11},"r":{"a":0,"k":0,"ix":10},"p":{"a":1,"k":[{"i":{"x":0,"y":1},"o":{"x":0.167,"y":0.167},"t":10,"s":[229.512,343.344,0],"to":[0,-3.333,0],"ti":[0,3.333,0]},{"t":60,"s":[229.512,323.344,0]}],"ix":2},"a":{"a":0,"k":[229.512,323.344,0],"ix":1},"s":{"a":0,"k":[100,100,100],"ix":6}},"ao":0,"shapes":[{"ty":"gr","it":[{"ind":0,"ty":"sh","ix":1,"ks":{"a":0,"k":{"i":[[0,0],[0,-7.976],[0,0],[-10.12,-6.161],[-14.317,0],[-9.951,6.058],[0,12.76],[0,0],[7.972,0]],"o":[[-7.973,0],[0,0],[0,12.76],[9.951,6.058],[14.317,0],[10.12,-6.161],[0,0],[0,-7.976],[0,0]],"v":[[-39.922,-27.18],[-54.361,-12.745],[-54.361,-10.193],[-37.644,18.28],[0,27.18],[37.644,18.28],[54.361,-10.193],[54.361,-12.745],[39.922,-27.18]],"c":true},"ix":2},"nm":"Path 1","mn":"ADBE Vector Shape - Group","hd":false},{"ty":"fl","c":{"a":0,"k":[0.870588243008,0.92549020052,0.976470589638,1],"ix":4},"o":{"a":0,"k":100,"ix":5},"r":1,"bm":0,"nm":"Fill 1","mn":"ADBE Vector Graphic - Fill","hd":false},{"ty":"tr","p":{"a":0,"k":[229.512,364.115],"ix":2},"a":{"a":0,"k":[0,0],"ix":1},"s":{"a":0,"k":[100,100],"ix":3},"r":{"a":0,"k":0,"ix":6},"o":{"a":0,"k":100,"ix":7},"sk":{"a":0,"k":0,"ix":4},"sa":{"a":0,"k":0,"ix":5},"nm":"Transform"}],"nm":"Group 1","np":2,"cix":2,"bm":0,"ix":1,"mn":"ADBE Vector Group","hd":false},{"ty":"gr","it":[{"ind":0,"ty":"sh","ix":1,"ks":{"a":0,"k":{"i":[[18.764,0],[0,-18.764],[-18.764,0],[0,18.764]],"o":[[-18.764,0],[0,18.764],[18.764,0],[0,-18.764]],"v":[[0,-33.976],[-33.976,0],[0,33.976],[33.976,0]],"c":true},"ix":2},"nm":"Path 1","mn":"ADBE Vector Shape - Group","hd":false},{"ty":"fl","c":{"a":0,"k":[0.870588243008,0.92549020052,0.976470589638,1],"ix":4},"o":{"a":0,"k":100,"ix":5},"r":1,"bm":0,"nm":"Fill 1","mn":"ADBE Vector Graphic - Fill","hd":false},{"ty":"tr","p":{"a":0,"k":[229.512,289.369],"ix":2},"a":{"a":0,"k":[0,0],"ix":1},"s":{"a":0,"k":[100,100],"ix":3},"r":{"a":0,"k":0,"ix":6},"o":{"a":0,"k":100,"ix":7},"sk":{"a":0,"k":0,"ix":4},"sa":{"a":0,"k":0,"ix":5},"nm":"Transform"}],"nm":"Group 2","np":2,"cix":2,"bm":0,"ix":2,"mn":"ADBE Vector Group","hd":false}],"ip":10,"op":221,"st":10,"bm":0},{"ddd":0,"ind":2,"ty":4,"nm":"Artwork 7","td":1,"sr":1,"ks":{"o":{"a":0,"k":28,"ix":11},"r":{"a":0,"k":0,"ix":10},"p":{"a":0,"k":[229.512,318.734,0],"ix":2},"a":{"a":0,"k":[0,0,0],"ix":1},"s":{"a":0,"k":[100,100,100],"ix":6}},"ao":0,"shapes":[{"ty":"gr","it":[{"ind":0,"ty":"sh","ix":1,"ks":{"a":0,"k":{"i":[[0,-57.655],[57.655,0],[0,57.655],[-57.655,0]],"o":[[0,57.655],[-57.655,0],[0,-57.655],[57.655,0]],"v":[[104.394,0],[0,104.394],[-101.394,-1],[0,-104.394]],"c":true},"ix":2},"nm":"Path 1","mn":"ADBE Vector Shape - Group","hd":false},{"ty":"gf","o":{"a":0,"k":100,"ix":10},"r":1,"bm":0,"g":{"p":3,"k":{"a":0,"k":[0,0.357,0.255,0.827,0.5,0.178,0.363,0.829,1,0,0.471,0.831],"ix":9}},"s":{"a":0,"k":[52.45,90.744],"ix":5},"e":{"a":0,"k":[-51.961,-90.101],"ix":6},"t":1,"nm":"Gradient Fill 1","mn":"ADBE Vector Graphic - G-Fill","hd":false},{"ty":"tr","p":{"a":0,"k":[0,0],"ix":2},"a":{"a":0,"k":[0,0],"ix":1},"s":{"a":0,"k":[100,100],"ix":3},"r":{"a":0,"k":0,"ix":6},"o":{"a":0,"k":100,"ix":7},"sk":{"a":0,"k":0,"ix":4},"sa":{"a":0,"k":0,"ix":5},"nm":"Transform"}],"nm":"Group 1","np":2,"cix":2,"bm":0,"ix":1,"mn":"ADBE Vector Group","hd":false}],"ip":0,"op":211,"st":0,"bm":0},{"ddd":0,"ind":3,"ty":4,"nm":"Artwork 6","tt":1,"sr":1,"ks":{"o":{"a":0,"k":100,"ix":11},"r":{"a":0,"k":0,"ix":10},"p":{"a":0,"k":[229.085,318.324,0],"ix":2},"a":{"a":0,"k":[0,0,0],"ix":1},"s":{"a":0,"k":[100,100,100],"ix":6}},"ao":0,"ef":[{"ty":29,"nm":"Gaussian Blur","np":5,"mn":"ADBE Gaussian Blur 2","ix":1,"en":1,"ef":[{"ty":0,"nm":"Blurriness","mn":"ADBE Gaussian Blur 2-0001","ix":1,"v":{"a":0,"k":6,"ix":1}},{"ty":7,"nm":"Blur Dimensions","mn":"ADBE Gaussian Blur 2-0002","ix":2,"v":{"a":0,"k":1,"ix":2}},{"ty":7,"nm":"Repeat Edge Pixels","mn":"ADBE Gaussian Blur 2-0003","ix":3,"v":{"a":0,"k":0,"ix":3}}]}],"shapes":[{"ty":"gr","it":[{"ind":0,"ty":"sh","ix":1,"ks":{"a":0,"k":{"i":[[0,-57.646],[57.646,0],[0,57.646],[-57.646,0]],"o":[[0,57.646],[-57.646,0],[0,-57.646],[57.646,0]],"v":[[104.377,0],[0,104.377],[-104.377,0],[0,-104.377]],"c":true},"ix":2},"nm":"Path 1","mn":"ADBE Vector Shape - Group","hd":false},{"ind":1,"ty":"sh","ix":2,"ks":{"a":0,"k":{"i":[[0,-57.646],[57.646,0],[0,57.646],[-57.646,0]],"o":[[0,57.646],[-57.646,0],[0,-57.646],[57.646,0]],"v":[[104.377,0],[0,104.377],[-104.377,0],[0,-104.377]],"c":true},"ix":2},"nm":"Mask","mn":"ADBE Vector Shape - Group","hd":false},{"ty":"mm","mm":4,"nm":"Merge Paths 1","mn":"ADBE Vector Filter - Merge","hd":false},{"ty":"st","c":{"a":0,"k":[0,0,0,1],"ix":3},"o":{"a":0,"k":100,"ix":4},"w":{"a":0,"k":2.996,"ix":5},"lc":2,"lj":1,"ml":4,"bm":0,"nm":"Stroke 1","mn":"ADBE Vector Graphic - Stroke","hd":false},{"ty":"tr","p":{"a":0,"k":[0,0],"ix":2},"a":{"a":0,"k":[0,0],"ix":1},"s":{"a":0,"k":[100,100],"ix":3},"r":{"a":0,"k":0,"ix":6},"o":{"a":0,"k":100,"ix":7},"sk":{"a":0,"k":0,"ix":4},"sa":{"a":0,"k":0,"ix":5},"nm":"Transform"}],"nm":"Group 1","np":4,"cix":2,"bm":0,"ix":1,"mn":"ADBE Vector Group","hd":false}],"ip":0,"op":211,"st":0,"bm":0},{"ddd":0,"ind":4,"ty":4,"nm":"Artwork 5","sr":1,"ks":{"o":{"a":0,"k":100,"ix":11},"r":{"a":0,"k":0,"ix":10},"p":{"a":0,"k":[229.512,318.734,0],"ix":2},"a":{"a":0,"k":[0,0,0],"ix":1},"s":{"a":0,"k":[100,100,100],"ix":6}},"ao":0,"shapes":[{"ty":"gr","it":[{"ind":0,"ty":"sh","ix":1,"ks":{"a":0,"k":{"i":[[0,-57.655],[57.655,0],[0,57.655],[-57.655,0]],"o":[[0,57.655],[-57.655,0],[0,-57.655],[57.655,0]],"v":[[104.394,0],[0,104.394],[-104.394,0],[0,-104.394]],"c":true},"ix":2},"nm":"Path 1","mn":"ADBE Vector Shape - Group","hd":false},{"ty":"gf","o":{"a":0,"k":100,"ix":10},"r":1,"bm":0,"g":{"p":3,"k":{"a":0,"k":[0,0.357,0.255,0.827,0.5,0.178,0.363,0.829,1,0,0.471,0.831],"ix":9}},"s":{"a":0,"k":[52.45,90.744],"ix":5},"e":{"a":0,"k":[-51.961,-90.101],"ix":6},"t":1,"nm":"Gradient Fill 1","mn":"ADBE Vector Graphic - G-Fill","hd":false},{"ty":"tr","p":{"a":0,"k":[0,0],"ix":2},"a":{"a":0,"k":[0,0],"ix":1},"s":{"a":0,"k":[100,100],"ix":3},"r":{"a":0,"k":0,"ix":6},"o":{"a":0,"k":100,"ix":7},"sk":{"a":0,"k":0,"ix":4},"sa":{"a":0,"k":0,"ix":5},"nm":"Transform"}],"nm":"Group 1","np":2,"cix":2,"bm":0,"ix":1,"mn":"ADBE Vector Group","hd":false}],"ip":0,"op":211,"st":0,"bm":0}]},{"id":"comp_2","layers":[{"ddd":0,"ind":1,"ty":4,"nm":"Artwork 2","sr":1,"ks":{"o":{"a":1,"k":[{"i":{"x":[0.833],"y":[0.833]},"o":{"x":[0.167],"y":[0.167]},"t":0,"s":[0]},{"t":6,"s":[40]}],"ix":11},"r":{"a":0,"k":0,"ix":10},"p":{"a":1,"k":[{"i":{"x":0,"y":1},"o":{"x":0.167,"y":0.167},"t":0,"s":[349.754,258.153,0],"to":[0,-3.333,0],"ti":[0,3.333,0]},{"t":60,"s":[349.754,238.153,0]}],"ix":2},"a":{"a":0,"k":[349.754,238.153,0],"ix":1},"s":{"a":0,"k":[100,100,100],"ix":6}},"ao":0,"shapes":[{"ty":"gr","it":[{"ind":0,"ty":"sh","ix":1,"ks":{"a":0,"k":{"i":[[0,0],[0,-5.521],[0,0],[-7.004,-4.264],[-9.909,0],[-6.887,4.193],[0,8.831],[0,0],[5.518,0]],"o":[[-5.518,0],[0,0],[0,8.831],[6.887,4.193],[9.909,0],[7.004,-4.264],[0,0],[0,-5.521],[0,0]],"v":[[-27.631,-18.813],[-37.625,-8.821],[-37.625,-7.055],[-26.055,12.652],[0,18.813],[26.055,12.652],[37.625,-7.055],[37.625,-8.821],[27.631,-18.813]],"c":true},"ix":2},"nm":"Path 1","mn":"ADBE Vector Shape - Group","hd":false},{"ty":"fl","c":{"a":0,"k":[1,1,1,1],"ix":4},"o":{"a":0,"k":100,"ix":5},"r":1,"bm":0,"nm":"Fill 1","mn":"ADBE Vector Graphic - Fill","hd":false},{"ty":"tr","p":{"a":0,"k":[349.754,266.372],"ix":2},"a":{"a":0,"k":[0,0],"ix":1},"s":{"a":0,"k":[100,100],"ix":3},"r":{"a":0,"k":0,"ix":6},"o":{"a":0,"k":100,"ix":7},"sk":{"a":0,"k":0,"ix":4},"sa":{"a":0,"k":0,"ix":5},"nm":"Transform"}],"nm":"Group 1","np":2,"cix":2,"bm":0,"ix":1,"mn":"ADBE Vector Group","hd":false},{"ty":"gr","it":[{"ind":0,"ty":"sh","ix":1,"ks":{"a":0,"k":{"i":[[12.987,0],[0,-12.987],[-12.987,0],[0,12.987]],"o":[[-12.987,0],[0,12.987],[12.987,0],[0,-12.987]],"v":[[0,-23.516],[-23.516,0],[0,23.516],[23.516,0]],"c":true},"ix":2},"nm":"Path 1","mn":"ADBE Vector Shape - Group","hd":false},{"ty":"fl","c":{"a":0,"k":[1,1,1,1],"ix":4},"o":{"a":0,"k":100,"ix":5},"r":1,"bm":0,"nm":"Fill 1","mn":"ADBE Vector Graphic - Fill","hd":false},{"ty":"tr","p":{"a":0,"k":[349.754,214.637],"ix":2},"a":{"a":0,"k":[0,0],"ix":1},"s":{"a":0,"k":[100,100],"ix":3},"r":{"a":0,"k":0,"ix":6},"o":{"a":0,"k":100,"ix":7},"sk":{"a":0,"k":0,"ix":4},"sa":{"a":0,"k":0,"ix":5},"nm":"Transform"}],"nm":"Group 2","np":2,"cix":2,"bm":0,"ix":2,"mn":"ADBE Vector Group","hd":false}],"ip":0,"op":211,"st":0,"bm":0},{"ddd":0,"ind":2,"ty":4,"nm":"Artwork 3","sr":1,"ks":{"o":{"a":0,"k":100,"ix":11},"r":{"a":0,"k":0,"ix":10},"p":{"a":0,"k":[349.754,235.181,0],"ix":2},"a":{"a":0,"k":[0,0,0],"ix":1},"s":{"a":0,"k":[100,100,100],"ix":6}},"ao":0,"shapes":[{"ty":"gr","it":[{"ind":0,"ty":"sh","ix":1,"ks":{"a":0,"k":{"i":[[0,-42.943],[42.943,0],[0,42.943],[-42.943,0]],"o":[[0,42.943],[-42.943,0],[0,-42.943],[42.943,0]],"v":[[77.755,0],[0,77.755],[-77.755,0],[0,-77.755]],"c":true},"ix":2},"nm":"Path 1","mn":"ADBE Vector Shape - Group","hd":false},{"ty":"fl","c":{"a":0,"k":[0.878431379795,0.870588243008,0.86274510622,1],"ix":4},"o":{"a":0,"k":100,"ix":5},"r":1,"bm":0,"nm":"Fill 1","mn":"ADBE Vector Graphic - Fill","hd":false},{"ty":"tr","p":{"a":0,"k":[0,0],"ix":2},"a":{"a":0,"k":[0,0],"ix":1},"s":{"a":0,"k":[100,100],"ix":3},"r":{"a":0,"k":0,"ix":6},"o":{"a":0,"k":100,"ix":7},"sk":{"a":0,"k":0,"ix":4},"sa":{"a":0,"k":0,"ix":5},"nm":"Transform"}],"nm":"Group 1","np":2,"cix":2,"bm":0,"ix":1,"mn":"ADBE Vector Group","hd":false}],"ip":0,"op":211,"st":0,"bm":0}]}],"layers":[{"ddd":0,"ind":1,"ty":0,"nm":"24C - Local Account - Other Users - Comped","refId":"comp_0","sr":1,"ks":{"o":{"a":1,"k":[{"i":{"x":[0.833],"y":[0.833]},"o":{"x":[0.167],"y":[0.167]},"t":0,"s":[0]},{"i":{"x":[0.833],"y":[0.833]},"o":{"x":[0.167],"y":[0.167]},"t":10,"s":[100]},{"i":{"x":[0.833],"y":[0.833]},"o":{"x":[0.167],"y":[0.167]},"t":199,"s":[100]},{"t":209,"s":[0]}],"ix":11},"r":{"a":0,"k":0,"ix":10},"p":{"a":1,"k":[{"i":{"x":0.36,"y":1},"o":{"x":0.24,"y":0},"t":0,"s":[276,336,0],"to":[0,-10,0],"ti":[0,13.333,0]},{"i":{"x":0.76,"y":0.76},"o":{"x":0.24,"y":0.24},"t":30,"s":[276,276,0],"to":[0,0,0],"ti":[0,0,0]},{"i":{"x":0.833,"y":0.833},"o":{"x":1,"y":0},"t":180,"s":[276,276,0],"to":[0,0,0],"ti":[0,0,0]},{"t":209,"s":[276,216,0]}],"ix":2},"a":{"a":0,"k":[276,276,0],"ix":1},"s":{"a":0,"k":[100,100,100],"ix":6}},"ao":0,"w":552,"h":552,"ip":0,"op":210,"st":0,"bm":0}],"markers":[]}