{"v":"5.7.13","fr":60,"ip":0,"op":210,"w":552,"h":552,"nm":"04 - Device Name - OEM","ddd":0,"assets":[{"id":"comp_0","nm":"04 - Device Name - Comped - SV2 - OEM","layers":[{"ddd":0,"ind":1,"ty":4,"nm":"Layer 11","parent":4,"sr":1,"ks":{"o":{"a":0,"k":100},"r":{"a":0,"k":0},"p":{"a":1,"k":[{"i":{"x":0.446,"y":1},"o":{"x":0.167,"y":0.167},"t":15,"s":[260.532,240.905,0],"to":[0,-1.071,0],"ti":[0,0.595,0]},{"t":60,"s":[260.532,233.905,0]}]},"a":{"a":0,"k":[260.532,233.621,0]},"s":{"a":0,"k":[100,100,100]}},"ao":0,"shapes":[{"ty":"gr","it":[{"ty":"gr","it":[{"ind":0,"ty":"sh","ks":{"a":0,"k":{"i":[[0,0],[0,0]],"o":[[0,0],[0,0]],"v":[[-31.917,0],[26.917,0]],"c":false}},"nm":"Path 1","hd":false},{"ty":"st","c":{"a":0,"k":[0.870588243008,0.870588243008,0.870588243008,1]},"o":{"a":0,"k":100},"w":{"a":1,"k":[{"i":{"x":[0],"y":[1]},"o":{"x":[0.167],"y":[0.167]},"t":15,"s":[6]},{"t":60,"s":[11.333]}]},"lc":2,"lj":1,"ml":4,"bm":0,"nm":"Stroke 1","hd":false},{"ty":"tr","p":{"a":0,"k":[0,0]},"a":{"a":0,"k":[0,0]},"s":{"a":0,"k":[100,100]},"r":{"a":0,"k":0},"o":{"a":0,"k":100},"sk":{"a":0,"k":0},"sa":{"a":0,"k":0},"nm":"Transform"}],"nm":"Group 1","bm":0,"hd":false},{"ty":"tr","p":{"a":0,"k":[263.032,233.621]},"a":{"a":0,"k":[0,0]},"s":{"a":0,"k":[100,100]},"r":{"a":0,"k":0},"o":{"a":0,"k":100},"sk":{"a":0,"k":0},"sa":{"a":0,"k":0},"nm":"Transform"}],"nm":"Group 3","bm":0,"hd":false},{"ty":"tm","s":{"a":0,"k":0},"e":{"a":0,"k":100},"o":{"a":0,"k":0},"m":1,"nm":"Trim Paths 1","hd":false},{"ty":"tm","s":{"a":0,"k":0},"e":{"a":1,"k":[{"i":{"x":[0],"y":[1]},"o":{"x":[0.167],"y":[0.167]},"t":15,"s":[0]},{"t":60,"s":[100]}]},"o":{"a":0,"k":0},"m":1,"nm":"Trim Paths 2","hd":false}],"ip":15,"op":220,"st":10,"bm":0},{"ddd":0,"ind":2,"ty":4,"nm":"Layer 10","parent":4,"sr":1,"ks":{"o":{"a":0,"k":100},"r":{"a":0,"k":0},"p":{"a":1,"k":[{"i":{"x":0.283,"y":1},"o":{"x":0.167,"y":0.167},"t":20,"s":[264.532,265.541,0],"to":[0,-0.681,0],"ti":[0,0.986,0]},{"t":60,"s":[260.532,258.541,0]}]},"a":{"a":0,"k":[260.532,258.258,0]},"s":{"a":0,"k":[100,100,100]}},"ao":0,"shapes":[{"ty":"gr","it":[{"ty":"gr","it":[{"ind":0,"ty":"sh","ks":{"a":0,"k":{"i":[[0,0],[0,0]],"o":[[0,0],[0,0]],"v":[[-31.917,0],[26.917,0]],"c":false}},"nm":"Path 1","hd":false},{"ty":"st","c":{"a":0,"k":[0.870588295133,0.870588295133,0.870588295133,1]},"o":{"a":0,"k":100},"w":{"a":1,"k":[{"i":{"x":[0],"y":[1]},"o":{"x":[0.167],"y":[0.167]},"t":20,"s":[6]},{"t":60,"s":[11.333]}]},"lc":2,"lj":1,"ml":4,"bm":0,"nm":"Stroke 1","hd":false},{"ty":"tr","p":{"a":0,"k":[0,0]},"a":{"a":0,"k":[0,0]},"s":{"a":0,"k":[100,100]},"r":{"a":0,"k":0},"o":{"a":0,"k":100},"sk":{"a":0,"k":0},"sa":{"a":0,"k":0},"nm":"Transform"}],"nm":"Group 1","bm":0,"hd":false},{"ty":"tr","p":{"a":0,"k":[263.032,258.258]},"a":{"a":0,"k":[0,0]},"s":{"a":0,"k":[100,100]},"r":{"a":0,"k":0},"o":{"a":0,"k":100},"sk":{"a":0,"k":0},"sa":{"a":0,"k":0},"nm":"Transform"}],"nm":"Group 1","bm":0,"hd":false},{"ty":"gr","it":[{"ty":"gr","it":[{"ty":"st","c":{"a":0,"k":[0.176470592618,0.470588237047,0.866666674614,1]},"o":{"a":0,"k":100},"w":{"a":0,"k":11.333},"lc":2,"lj":1,"ml":4,"bm":0,"nm":"Stroke 1","hd":false},{"ty":"tr","p":{"a":0,"k":[0,0]},"a":{"a":0,"k":[0,0]},"s":{"a":0,"k":[100,100]},"r":{"a":0,"k":0},"o":{"a":0,"k":100},"sk":{"a":0,"k":0},"sa":{"a":0,"k":0},"nm":"Transform"}],"nm":"Group 1","bm":0,"hd":false},{"ty":"tr","p":{"a":0,"k":[291.09,282.713]},"a":{"a":0,"k":[0,0]},"s":{"a":0,"k":[100,100]},"r":{"a":0,"k":0},"o":{"a":0,"k":100},"sk":{"a":0,"k":0},"sa":{"a":0,"k":0},"nm":"Transform"}],"nm":"Group 2","bm":0,"hd":false},{"ty":"gr","it":[{"ty":"gr","it":[{"ty":"st","c":{"a":0,"k":[0.870588243008,0.870588243008,0.870588243008,1]},"o":{"a":0,"k":100},"w":{"a":0,"k":11.333},"lc":2,"lj":1,"ml":4,"bm":0,"nm":"Stroke 1","hd":false},{"ty":"tr","p":{"a":0,"k":[0,0]},"a":{"a":0,"k":[0,0]},"s":{"a":0,"k":[100,100]},"r":{"a":0,"k":0},"o":{"a":0,"k":100},"sk":{"a":0,"k":0},"sa":{"a":0,"k":0},"nm":"Transform"}],"nm":"Group 1","bm":0,"hd":false},{"ty":"tr","p":{"a":0,"k":[263.032,233.621]},"a":{"a":0,"k":[0,0]},"s":{"a":0,"k":[100,100]},"r":{"a":0,"k":0},"o":{"a":0,"k":100},"sk":{"a":0,"k":0},"sa":{"a":0,"k":0},"nm":"Transform"}],"nm":"Group 3","bm":0,"hd":false},{"ty":"tm","s":{"a":0,"k":0},"e":{"a":1,"k":[{"i":{"x":[0],"y":[1]},"o":{"x":[0.167],"y":[0.167]},"t":20,"s":[0]},{"t":60,"s":[100]}]},"o":{"a":0,"k":0},"m":1,"nm":"Trim Paths 1","hd":false}],"ip":20,"op":225,"st":15,"bm":0},{"ddd":0,"ind":3,"ty":4,"nm":"Layer 9","parent":4,"sr":1,"ks":{"o":{"a":0,"k":100},"r":{"a":0,"k":0},"p":{"a":1,"k":[{"i":{"x":0,"y":1},"o":{"x":0.167,"y":0.167},"t":25,"s":[288.09,285.997,0],"to":[0.5,-0.5,0],"ti":[-0.5,0.5,0]},{"t":60,"s":[291.09,282.997,0]}]},"a":{"a":0,"k":[291.09,282.713,0]},"s":{"a":0,"k":[100,100,100]}},"ao":0,"shapes":[{"ty":"gr","it":[{"ty":"gr","it":[{"ty":"st","c":{"a":0,"k":[0.870588295133,0.870588295133,0.870588295133,1]},"o":{"a":0,"k":100},"w":{"a":1,"k":[{"i":{"x":[0],"y":[1]},"o":{"x":[0.167],"y":[0.167]},"t":25,"s":[6]},{"t":60,"s":[11.333]}]},"lc":2,"lj":1,"ml":4,"bm":0,"nm":"Stroke 1","hd":false},{"ty":"tr","p":{"a":0,"k":[0,0]},"a":{"a":0,"k":[0,0]},"s":{"a":0,"k":[100,100]},"r":{"a":0,"k":0},"o":{"a":0,"k":100},"sk":{"a":0,"k":0},"sa":{"a":0,"k":0},"nm":"Transform"}],"nm":"Group 1","bm":0,"hd":false},{"ty":"tr","p":{"a":0,"k":[263.032,258.258]},"a":{"a":0,"k":[0,0]},"s":{"a":0,"k":[100,100]},"r":{"a":0,"k":0},"o":{"a":0,"k":100},"sk":{"a":0,"k":0},"sa":{"a":0,"k":0},"nm":"Transform"}],"nm":"Group 1","bm":0,"hd":false},{"ty":"gr","it":[{"ty":"gr","it":[{"ind":0,"ty":"sh","ks":{"a":0,"k":{"i":[[0,0],[0,0]],"o":[[0,0],[0,0]],"v":[[-21.959,0],[21.958,0]],"c":false}},"nm":"Path 1","hd":false},{"ty":"st","c":{"a":0,"k":[0.176470592618,0.470588237047,0.866666674614,1]},"o":{"a":0,"k":100},"w":{"a":0,"k":11.333},"lc":2,"lj":1,"ml":4,"bm":0,"nm":"Stroke 1","hd":false},{"ty":"tr","p":{"a":0,"k":[0,0]},"a":{"a":0,"k":[0,0]},"s":{"a":0,"k":[100,100]},"r":{"a":0,"k":0},"o":{"a":0,"k":100},"sk":{"a":0,"k":0},"sa":{"a":0,"k":0},"nm":"Transform"}],"nm":"Group 1","bm":0,"hd":false},{"ty":"tr","p":{"a":0,"k":[291.09,282.713]},"a":{"a":0,"k":[0,0]},"s":{"a":0,"k":[100,100]},"r":{"a":0,"k":0},"o":{"a":0,"k":100},"sk":{"a":0,"k":0},"sa":{"a":0,"k":0},"nm":"Transform"}],"nm":"Group 2","bm":0,"hd":false},{"ty":"gr","it":[{"ty":"gr","it":[{"ty":"st","c":{"a":0,"k":[0.870588243008,0.870588243008,0.870588243008,1]},"o":{"a":0,"k":100},"w":{"a":0,"k":11.333},"lc":2,"lj":1,"ml":4,"bm":0,"nm":"Stroke 1","hd":false},{"ty":"tr","p":{"a":0,"k":[0,0]},"a":{"a":0,"k":[0,0]},"s":{"a":0,"k":[100,100]},"r":{"a":0,"k":0},"o":{"a":0,"k":100},"sk":{"a":0,"k":0},"sa":{"a":0,"k":0},"nm":"Transform"}],"nm":"Group 1","bm":0,"hd":false},{"ty":"tr","p":{"a":0,"k":[263.032,233.621]},"a":{"a":0,"k":[0,0]},"s":{"a":0,"k":[100,100]},"r":{"a":0,"k":0},"o":{"a":0,"k":100},"sk":{"a":0,"k":0},"sa":{"a":0,"k":0},"nm":"Transform"}],"nm":"Group 3","bm":0,"hd":false},{"ty":"tm","s":{"a":0,"k":0},"e":{"a":1,"k":[{"i":{"x":[0],"y":[1]},"o":{"x":[0.167],"y":[0.167]},"t":25,"s":[0]},{"t":60,"s":[100]}]},"o":{"a":0,"k":0},"m":1,"nm":"Trim Paths 1","hd":false}],"ip":25,"op":230,"st":20,"bm":0},{"ddd":0,"ind":4,"ty":4,"nm":"Layer 8","sr":1,"ks":{"o":{"a":1,"k":[{"i":{"x":[0.833],"y":[0.833]},"o":{"x":[0.167],"y":[0.167]},"t":10,"s":[0]},{"t":15,"s":[100]}]},"r":{"a":0,"k":0},"p":{"a":1,"k":[{"i":{"x":0,"y":1},"o":{"x":0.167,"y":0.167},"t":10,"s":[269.304,305.51,0],"to":[0,-4.167,0],"ti":[0,4.167,0]},{"t":60,"s":[269.304,280.51,0]}]},"a":{"a":0,"k":[276.304,259.51,0]},"s":{"a":0,"k":[100,100,100]}},"ao":0,"shapes":[{"ty":"gr","it":[{"ty":"gr","it":[{"ty":"st","c":{"a":0,"k":[0.870588295133,0.870588295133,0.870588295133,1]},"o":{"a":0,"k":100},"w":{"a":0,"k":11.333},"lc":2,"lj":1,"ml":4,"bm":0,"nm":"Stroke 1","hd":false},{"ty":"tr","p":{"a":0,"k":[0,0]},"a":{"a":0,"k":[0,0]},"s":{"a":0,"k":[100,100]},"r":{"a":0,"k":0},"o":{"a":0,"k":100},"sk":{"a":0,"k":0},"sa":{"a":0,"k":0},"nm":"Transform"}],"nm":"Group 1","bm":0,"hd":false},{"ty":"tr","p":{"a":0,"k":[263.032,258.258]},"a":{"a":0,"k":[0,0]},"s":{"a":0,"k":[100,100]},"r":{"a":0,"k":0},"o":{"a":0,"k":100},"sk":{"a":0,"k":0},"sa":{"a":0,"k":0},"nm":"Transform"}],"nm":"Group 1","bm":0,"hd":false},{"ty":"gr","it":[{"ty":"gr","it":[{"ty":"st","c":{"a":0,"k":[0.176470592618,0.470588237047,0.866666674614,1]},"o":{"a":0,"k":100},"w":{"a":0,"k":11.333},"lc":2,"lj":1,"ml":4,"bm":0,"nm":"Stroke 1","hd":false},{"ty":"tr","p":{"a":0,"k":[0,0]},"a":{"a":0,"k":[0,0]},"s":{"a":0,"k":[100,100]},"r":{"a":0,"k":0},"o":{"a":0,"k":100},"sk":{"a":0,"k":0},"sa":{"a":0,"k":0},"nm":"Transform"}],"nm":"Group 1","bm":0,"hd":false},{"ty":"tr","p":{"a":0,"k":[291.09,282.713]},"a":{"a":0,"k":[0,0]},"s":{"a":0,"k":[100,100]},"r":{"a":0,"k":0},"o":{"a":0,"k":100},"sk":{"a":0,"k":0},"sa":{"a":0,"k":0},"nm":"Transform"}],"nm":"Group 2","bm":0,"hd":false},{"ty":"gr","it":[{"ty":"gr","it":[{"ty":"st","c":{"a":0,"k":[0.870588243008,0.870588243008,0.870588243008,1]},"o":{"a":0,"k":100},"w":{"a":0,"k":11.333},"lc":2,"lj":1,"ml":4,"bm":0,"nm":"Stroke 1","hd":false},{"ty":"tr","p":{"a":0,"k":[0,0]},"a":{"a":0,"k":[0,0]},"s":{"a":0,"k":[100,100]},"r":{"a":0,"k":0},"o":{"a":0,"k":100},"sk":{"a":0,"k":0},"sa":{"a":0,"k":0},"nm":"Transform"}],"nm":"Group 1","bm":0,"hd":false},{"ty":"tr","p":{"a":0,"k":[263.032,233.621]},"a":{"a":0,"k":[0,0]},"s":{"a":0,"k":[100,100]},"r":{"a":0,"k":0},"o":{"a":0,"k":100},"sk":{"a":0,"k":0},"sa":{"a":0,"k":0},"nm":"Transform"}],"nm":"Group 3","bm":0,"hd":false},{"ty":"gr","it":[{"ty":"gr","it":[{"ind":0,"ty":"sh","ks":{"a":1,"k":[{"i":{"x":0,"y":1},"o":{"x":0.167,"y":0.167},"t":10,"s":[{"i":[[-3.13,0],[0,0],[0,-3.13],[0,0],[3.13,0],[0,0],[0,3.13],[0,0]],"o":[[0,0],[3.13,0],[0,0],[0,3.13],[0,0],[-3.13,0],[0,0],[0,-3.13]],"v":[[-57.417,-48.167],[57.417,-48.167],[63.084,-42.501],[58.084,42.501],[52.417,48.167],[-52.417,48.167],[-58.084,42.501],[-63.084,-42.501]],"c":true}]},{"t":60,"s":[{"i":[[-3.13,0],[0,0],[0,-3.13],[0,0],[3.13,0],[0,0],[0,3.13],[0,0]],"o":[[0,0],[3.13,0],[0,0],[0,3.13],[0,0],[-3.13,0],[0,0],[0,-3.13]],"v":[[-52.417,-48.167],[52.417,-48.167],[58.084,-42.501],[58.084,42.501],[52.417,48.167],[-52.417,48.167],[-58.084,42.501],[-58.084,-42.501]],"c":true}]}]},"nm":"Path 1","hd":false},{"ty":"fl","c":{"a":0,"k":[1,1,1,1]},"o":{"a":0,"k":100},"r":1,"bm":0,"nm":"Fill 1","hd":false},{"ty":"tr","p":{"a":0,"k":[0,0]},"a":{"a":0,"k":[0,0]},"s":{"a":0,"k":[100,100]},"r":{"a":0,"k":0},"o":{"a":0,"k":100},"sk":{"a":0,"k":0},"sa":{"a":0,"k":0},"nm":"Transform"}],"nm":"Group 1","bm":0,"hd":false},{"ty":"tr","p":{"a":0,"k":[276.304,259.51]},"a":{"a":0,"k":[0,0]},"s":{"a":0,"k":[100,100]},"r":{"a":0,"k":0},"o":{"a":0,"k":100},"sk":{"a":0,"k":0},"sa":{"a":0,"k":0},"nm":"Transform"}],"nm":"Group 5","bm":0,"hd":false}],"ip":10,"op":210,"st":0,"bm":0},{"ddd":0,"ind":5,"ty":4,"nm":"Layer 5","parent":4,"sr":1,"ks":{"o":{"a":1,"k":[{"i":{"x":[0.833],"y":[0.833]},"o":{"x":[0.167],"y":[0.167]},"t":10,"s":[0]},{"t":35,"s":[50]}]},"r":{"a":0,"k":0},"p":{"a":0,"k":[276.458,259.789,0]},"a":{"a":0,"k":[276.458,259.789,0]},"s":{"a":0,"k":[84.505,86.505,100]}},"ao":0,"ef":[{"ty":29,"nm":"Gaussian Blur","np":5,"mn":"ADBE Gaussian Blur 2","ix":1,"en":1,"ef":[{"ty":0,"nm":"Blurriness","mn":"ADBE Gaussian Blur 2-0001","ix":1,"v":{"a":0,"k":30}},{"ty":7,"nm":"Blur Dimensions","mn":"ADBE Gaussian Blur 2-0002","ix":2,"v":{"a":0,"k":1}},{"ty":7,"nm":"Repeat Edge Pixels","mn":"ADBE Gaussian Blur 2-0003","ix":3,"v":{"a":0,"k":0}}]}],"shapes":[{"ty":"gr","it":[{"ty":"gr","it":[{"ind":0,"ty":"sh","ks":{"a":0,"k":{"i":[[-3.13,0],[0,0],[0,-3.13],[0,0],[3.13,0],[0,0],[0,3.13],[0,0]],"o":[[0,0],[3.13,0],[0,0],[0,3.13],[0,0],[-3.13,0],[0,0],[0,-3.13]],"v":[[-52.417,-48.167],[52.417,-48.167],[58.084,-42.501],[58.084,42.501],[52.417,48.167],[-52.417,48.167],[-58.084,42.501],[-58.084,-42.501]],"c":true}},"nm":"Path 1","hd":false},{"ty":"tr","p":{"a":0,"k":[0,0]},"a":{"a":0,"k":[0,0]},"s":{"a":0,"k":[100,100]},"r":{"a":0,"k":0},"o":{"a":0,"k":100},"sk":{"a":0,"k":0},"sa":{"a":0,"k":0},"nm":"Transform"}],"nm":"Group 1","bm":0,"hd":false},{"ty":"tr","p":{"a":0,"k":[276.458,259.789]},"a":{"a":0,"k":[0,0]},"s":{"a":0,"k":[100,100]},"r":{"a":0,"k":0},"o":{"a":0,"k":100},"sk":{"a":0,"k":0},"sa":{"a":0,"k":0},"nm":"Transform"}],"nm":"Group 1","bm":0,"hd":false},{"ty":"gr","it":[{"ty":"gr","it":[{"ind":0,"ty":"sh","ks":{"a":0,"k":{"i":[[-3.13,0],[0,0],[0,-3.13],[0,0],[3.13,0],[0,0],[0,3.13],[0,0]],"o":[[0,0],[3.13,0],[0,0],[0,3.13],[0,0],[-3.13,0],[0,0],[0,-3.13]],"v":[[-52.417,-48.167],[52.417,-48.167],[58.084,-42.501],[58.084,42.501],[52.417,48.167],[-52.417,48.167],[-58.084,42.501],[-58.084,-42.501]],"c":true}},"nm":"Path 1","hd":false},{"ty":"tr","p":{"a":0,"k":[0,0]},"a":{"a":0,"k":[0,0]},"s":{"a":0,"k":[100,100]},"r":{"a":0,"k":0},"o":{"a":0,"k":100},"sk":{"a":0,"k":0},"sa":{"a":0,"k":0},"nm":"Transform"}],"nm":"Group 1","bm":0,"hd":false},{"ty":"tr","p":{"a":0,"k":[276.458,259.789]},"a":{"a":0,"k":[0,0]},"s":{"a":0,"k":[100,100]},"r":{"a":0,"k":0},"o":{"a":0,"k":100},"sk":{"a":0,"k":0},"sa":{"a":0,"k":0},"nm":"Transform"}],"nm":"Group 2","bm":0,"hd":false},{"ty":"fl","c":{"a":0,"k":[0.325490196078,0.325490196078,0.325490196078,1]},"o":{"a":0,"k":100},"r":1,"bm":0,"nm":"Fill 1","hd":false}],"ip":10,"op":210,"st":0,"bm":0},{"ddd":0,"ind":6,"ty":4,"nm":"Screen","sr":1,"ks":{"o":{"a":1,"k":[{"i":{"x":[0.833],"y":[0.833]},"o":{"x":[0.167],"y":[0.167]},"t":0,"s":[40]},{"t":10,"s":[100]}]},"r":{"a":0,"k":0},"p":{"a":0,"k":[269.29,281.207,0]},"a":{"a":0,"k":[0,0,0]},"s":{"a":0,"k":[100,100,100]}},"ao":0,"shapes":[{"ty":"gr","it":[{"ind":0,"ty":"sh","ks":{"a":1,"k":[{"i":{"x":0,"y":1},"o":{"x":0.167,"y":0.167},"t":0,"s":[{"i":[[-2.92,0],[0,0],[0,-2.92],[0,0],[2.92,0],[0,0],[0,2.92],[0,0]],"o":[[0,0],[2.92,0],[0,0],[0,2.92],[0,0],[-2.92,0],[0,0],[0,-2.92]],"v":[[-139.796,-23.51],[139.796,-23.51],[145.082,-18.224],[125.082,78.224],[119.796,83.51],[-119.796,83.51],[-125.082,78.224],[-145.082,-18.224]],"c":true}]},{"t":60,"s":[{"i":[[-2.92,0],[0,0],[0,-2.92],[0,0],[2.92,0],[0,0],[0,2.92],[0,0]],"o":[[0,0],[2.92,0],[0,0],[0,2.92],[0,0],[-2.92,0],[0,0],[0,-2.92]],"v":[[-119.796,-83.51],[119.796,-83.51],[125.082,-78.224],[125.082,78.224],[119.796,83.51],[-119.796,83.51],[-125.082,78.224],[-125.082,-78.224]],"c":true}]}]},"nm":"Path 1","hd":false},{"ty":"gf","o":{"a":0,"k":100},"r":1,"bm":0,"g":{"p":3,"k":{"a":0,"k":[0,0.906,0.906,0.906,0.5,0.924,0.924,0.924,1,0.941,0.941,0.941]}},"s":{"a":0,"k":[133749.312,-61475.738]},"e":{"a":0,"k":[133749.312,-61476.738]},"t":2,"h":{"a":0,"k":0},"a":{"a":0,"k":0},"nm":"Gradient Fill 1","hd":false},{"ty":"tr","p":{"a":0,"k":[0,0]},"a":{"a":0,"k":[0,0]},"s":{"a":0,"k":[100,100]},"r":{"a":0,"k":0},"o":{"a":0,"k":100},"sk":{"a":0,"k":0},"sa":{"a":0,"k":0},"nm":"Transform"}],"nm":"Group 1","bm":0,"hd":false}],"ip":0,"op":210,"st":0,"bm":0},{"ddd":0,"ind":7,"ty":4,"nm":"Computer Top","sr":1,"ks":{"o":{"a":0,"k":100},"r":{"a":0,"k":0},"p":{"a":0,"k":[269.29,281.383,0]},"a":{"a":0,"k":[0,0,0]},"s":{"a":0,"k":[100,100,100]}},"ao":0,"shapes":[{"ty":"gr","it":[{"ind":0,"ty":"sh","ks":{"a":1,"k":[{"i":{"x":0,"y":1},"o":{"x":0.167,"y":0.167},"t":0,"s":[{"i":[[0,0],[-5.84,0],[0,0],[0,-5.839],[0,0],[0,0]],"o":[[0,-5.839],[0,0],[5.839,0],[0,0],[0,0],[0,0]],"v":[[-162.163,-29.959],[-151.59,-40.532],[151.59,-40.532],[162.163,-29.959],[132.163,90.532],[-132.163,90.532]],"c":true}]},{"t":60,"s":[{"i":[[0,0],[-5.84,0],[0,0],[0,-5.839],[0,0],[0,0]],"o":[[0,-5.839],[0,0],[5.839,0],[0,0],[0,0],[0,0]],"v":[[-132.163,-79.959],[-121.59,-90.532],[121.59,-90.532],[132.163,-79.959],[132.163,90.532],[-132.163,90.532]],"c":true}]}]},"nm":"Path 1","hd":false},{"ty":"gf","o":{"a":0,"k":100},"r":1,"bm":0,"g":{"p":3,"k":{"a":0,"k":[0,0.6,0.647,0.69,0.5,0.567,0.62,0.667,1,0.533,0.592,0.643]}},"s":{"a":0,"k":[-0.79,-613.617]},"e":{"a":0,"k":[-0.79,-794.682]},"t":1,"nm":"Gradient Fill 1","hd":false},{"ty":"tr","p":{"a":0,"k":[0,0]},"a":{"a":0,"k":[0,0]},"s":{"a":0,"k":[100,100]},"r":{"a":0,"k":0},"o":{"a":0,"k":100},"sk":{"a":0,"k":0},"sa":{"a":0,"k":0},"nm":"Transform"}],"nm":"Group 1","bm":0,"hd":false}],"ip":0,"op":210,"st":0,"bm":0},{"ddd":0,"ind":8,"ty":4,"nm":"Computer Base","sr":1,"ks":{"o":{"a":0,"k":100},"r":{"a":0,"k":0},"p":{"a":0,"k":[269.29,376.541,0]},"a":{"a":0,"k":[0,0,0]},"s":{"a":0,"k":[100,100,100]}},"ao":0,"shapes":[{"ty":"gr","it":[{"ind":0,"ty":"sh","ks":{"a":1,"k":[{"i":{"x":0,"y":1},"o":{"x":0.167,"y":0.167},"t":0,"s":[{"i":[[-0.809,0],[0,0],[0,0],[0,0],[0,-0.809],[0,0],[0.809,0],[0,0],[0,0.809],[0,0]],"o":[[0,0],[0,0],[0,0],[0.809,0],[0,0],[0,0.809],[0,0],[-0.809,0],[0,0],[0,-0.809]],"v":[[-169.71,36.874],[-131.79,-4.626],[132.71,-4.626],[169.553,36.874],[171.018,38.339],[171.018,44.661],[169.553,46.126],[-169.71,46.126],[-171.175,44.661],[-171.175,38.339]],"c":true}]},{"t":60,"s":[{"i":[[-0.809,0],[0,0],[0,0],[0,0],[0,-0.809],[0,0],[0.809,0],[0,0],[0,0.809],[0,0]],"o":[[0,0],[0,0],[0,0],[0.809,0],[0,0],[0,0.809],[0,0],[-0.809,0],[0,0],[0,-0.809]],"v":[[-157.131,-4.626],[-131.79,-4.626],[132.71,-4.626],[157.131,-4.626],[158.596,-3.161],[158.596,3.161],[157.131,4.626],[-157.131,4.626],[-158.596,3.161],[-158.596,-3.161]],"c":true}]}]},"nm":"Path 1","hd":false},{"ty":"gf","o":{"a":0,"k":100},"r":1,"bm":0,"g":{"p":13,"k":{"a":0,"k":[0,0.659,0.71,0.749,0.018,0.704,0.757,0.8,0.036,0.749,0.804,0.851,0.054,0.727,0.78,0.825,0.071,0.706,0.757,0.8,0.286,0.706,0.757,0.8,0.5,0.706,0.757,0.8,0.714,0.706,0.757,0.8,0.929,0.706,0.757,0.8,0.946,0.727,0.78,0.825,0.964,0.749,0.804,0.851,0.982,0.704,0.757,0.8,1,0.659,0.71,0.749]}},"s":{"a":0,"k":[158.21,-332.459]},"e":{"a":0,"k":[-158.983,-332.459]},"t":1,"nm":"Gradient Fill 1","hd":false},{"ty":"tr","p":{"a":0,"k":[0,0]},"a":{"a":0,"k":[0,0]},"s":{"a":0,"k":[100,100]},"r":{"a":0,"k":0},"o":{"a":0,"k":100},"sk":{"a":0,"k":0},"sa":{"a":0,"k":0},"nm":"Transform"}],"nm":"Group 1","bm":0,"hd":false}],"ip":0,"op":210,"st":0,"bm":0}]}],"layers":[{"ddd":0,"ind":1,"ty":0,"nm":"04 - Device Name - Comped - SV2 - OEM","refId":"comp_0","sr":1,"ks":{"o":{"a":1,"k":[{"i":{"x":[0.833],"y":[0.833]},"o":{"x":[0.167],"y":[0.167]},"t":0,"s":[0]},{"i":{"x":[0.833],"y":[0.833]},"o":{"x":[0.167],"y":[0.167]},"t":10,"s":[100]},{"i":{"x":[0.833],"y":[0.833]},"o":{"x":[0.167],"y":[0.167]},"t":199,"s":[100]},{"t":209,"s":[0]}]},"r":{"a":0,"k":0},"p":{"a":1,"k":[{"i":{"x":0,"y":1},"o":{"x":0.167,"y":0.167},"t":0,"s":[276,356,0],"to":[0,-13.333,0],"ti":[0,13.333,0]},{"i":{"x":0.76,"y":0.76},"o":{"x":0.24,"y":0.24},"t":60,"s":[276,276,0],"to":[0,0,0],"ti":[0,0,0]},{"i":{"x":0.833,"y":0.833},"o":{"x":1,"y":0},"t":180,"s":[276,276,0],"to":[0,0,0],"ti":[0,0,0]},{"t":209,"s":[276,216,0]}]},"a":{"a":0,"k":[276,276,0]},"s":{"a":0,"k":[100,100,100]}},"ao":0,"w":552,"h":552,"ip":0,"op":210,"st":0,"bm":0}],"markers":[]}