{"v":"5.6.5","fr":60,"ip":0,"op":210,"w":552,"h":552,"nm":"02 - Region","ddd":0,"assets":[{"id":"comp_0","layers":[{"ddd":0,"ind":1,"ty":3,"nm":"Null 99","sr":1,"ks":{"o":{"a":0,"k":0,"ix":11},"r":{"a":0,"k":0,"ix":10},"p":{"a":0,"k":[276,276,0],"ix":2},"a":{"a":0,"k":[0,0,0],"ix":1},"s":{"a":0,"k":[100,100,100],"ix":6}},"ao":0,"ip":0,"op":210,"st":0,"bm":0},{"ddd":0,"ind":2,"ty":3,"nm":"Plane - Null","parent":4,"sr":1,"ks":{"o":{"a":0,"k":0,"ix":11},"r":{"a":1,"k":[{"i":{"x":[0],"y":[1]},"o":{"x":[0.167],"y":[0.167]},"t":20,"s":[-25]},{"i":{"x":[0.702],"y":[1]},"o":{"x":[0.158],"y":[0]},"t":85,"s":[21]},{"i":{"x":[0.833],"y":[0.833]},"o":{"x":[1],"y":[0]},"t":180,"s":[21]},{"t":195,"s":[0]}],"ix":10},"p":{"a":1,"k":[{"i":{"x":0,"y":1},"o":{"x":0.167,"y":0.167},"t":20,"s":[7.8,206.926,0],"to":[42.677,-80.507,0],"ti":[0,0,0]},{"i":{"x":0,"y":0},"o":{"x":0,"y":0},"t":85,"s":[180.951,101.759,0],"to":[0,0,0],"ti":[0,0,0]},{"i":{"x":0.833,"y":0.833},"o":{"x":1,"y":0},"t":180,"s":[180.951,101.759,0],"to":[0,0,0],"ti":[-17.451,-10.259,0]},{"t":195,"s":[279.951,73.259,0]}],"ix":2},"a":{"a":0,"k":[0,0,0],"ix":1},"s":{"a":1,"k":[{"i":{"x":[0,0,0.833],"y":[1,1,-18.697]},"o":{"x":[0.167,0.167,0.167],"y":[0.167,0.167,0]},"t":20,"s":[50,50,100]},{"i":{"x":[0.833,0.833,0.833],"y":[1,1,1]},"o":{"x":[0,0,0.167],"y":[0,0,0]},"t":85,"s":[223.73,223.73,100]},{"i":{"x":[0.833,0.833,0.833],"y":[0.833,0.833,1]},"o":{"x":[1,1,0.167],"y":[0,0,0]},"t":180,"s":[223.73,223.73,100]},{"t":195,"s":[50,50,100]}],"ix":6}},"ao":0,"ip":15,"op":195,"st":10,"bm":0},{"ddd":0,"ind":3,"ty":0,"nm":"02 - Region - Plane","parent":2,"refId":"comp_1","sr":1,"ks":{"o":{"a":0,"k":100,"ix":11},"r":{"a":0,"k":-21,"ix":10},"p":{"a":0,"k":[-19.625,18.66,0],"ix":2},"a":{"a":0,"k":[276,276,0],"ix":1},"s":{"a":0,"k":[44.697,44.697,100],"ix":6}},"ao":0,"w":552,"h":552,"ip":20,"op":195,"st":15,"bm":0},{"ddd":0,"ind":4,"ty":0,"nm":"Planet","parent":1,"refId":"comp_2","sr":1,"ks":{"o":{"a":0,"k":100,"ix":11},"r":{"a":0,"k":0,"ix":10},"p":{"a":1,"k":[{"i":{"x":0,"y":1},"o":{"x":0.167,"y":0.167},"t":0,"s":[0,138,0],"to":[0,-23,0],"ti":[0,23,0]},{"t":60,"s":[0,0,0]}],"ix":2},"a":{"a":0,"k":[125,125,0],"ix":1},"s":{"a":1,"k":[{"i":{"x":[0.34,0.34,0.34],"y":[1,1,1]},"o":{"x":[0.167,0.167,0.167],"y":[0,0,0]},"t":0,"s":[0,0,100]},{"i":{"x":[0.9,0.9,0.833],"y":[1,1,1]},"o":{"x":[0.167,0.167,0.167],"y":[0,0,0]},"t":20,"s":[100,100,100]},{"i":{"x":[0.833,0.833,0.833],"y":[0.833,0.833,17.667]},"o":{"x":[1,1,0.167],"y":[0,0,0]},"t":180,"s":[100,100,100]},{"t":209,"s":[0,0,100]}],"ix":6}},"ao":0,"w":250,"h":250,"ip":0,"op":210,"st":0,"bm":0},{"ddd":0,"ind":5,"ty":4,"nm":"world 2","parent":4,"sr":1,"ks":{"o":{"a":0,"k":40,"ix":11},"r":{"a":1,"k":[{"i":{"x":[0],"y":[1]},"o":{"x":[0.167],"y":[0.167]},"t":0,"s":[-238]},{"t":80,"s":[0]}],"ix":10},"p":{"a":0,"k":[123.814,123.954,0],"ix":2},"a":{"a":0,"k":[0,0,0],"ix":1},"s":{"a":0,"k":[100,100,100],"ix":6}},"ao":0,"ef":[{"ty":29,"nm":"Gaussian Blur","np":5,"mn":"ADBE Gaussian Blur 2","ix":1,"en":1,"ef":[{"ty":0,"nm":"Blurriness","mn":"ADBE Gaussian Blur 2-0001","ix":1,"v":{"a":0,"k":20,"ix":1}},{"ty":7,"nm":"Blur Dimensions","mn":"ADBE Gaussian Blur 2-0002","ix":2,"v":{"a":0,"k":1,"ix":2}},{"ty":7,"nm":"Repeat Edge Pixels","mn":"ADBE Gaussian Blur 2-0003","ix":3,"v":{"a":0,"k":0,"ix":3}}]}],"shapes":[{"ty":"gr","it":[{"d":1,"ty":"el","s":{"a":0,"k":[225.395,225.395],"ix":2},"p":{"a":0,"k":[0,0],"ix":3},"nm":"Ellipse Path 1","mn":"ADBE Vector Shape - Ellipse","hd":false},{"ty":"gf","o":{"a":0,"k":100,"ix":10},"r":1,"bm":0,"g":{"p":3,"k":{"a":0,"k":[0,0.38,0.224,0.855,0.5,0.19,0.347,0.855,1,0,0.471,0.855],"ix":9}},"s":{"a":0,"k":[56.52,98.525],"ix":5},"e":{"a":0,"k":[-56.197,-96.706],"ix":6},"t":1,"nm":"Gradient Fill 1","mn":"ADBE Vector Graphic - G-Fill","hd":false},{"ty":"tr","p":{"a":0,"k":[0,0],"ix":2},"a":{"a":0,"k":[0,0],"ix":1},"s":{"a":0,"k":[100,100],"ix":3},"r":{"a":0,"k":0,"ix":6},"o":{"a":0,"k":100,"ix":7},"sk":{"a":0,"k":0,"ix":4},"sa":{"a":0,"k":0,"ix":5},"nm":"Transform"}],"nm":"SVGID","np":2,"cix":2,"bm":0,"ix":1,"mn":"ADBE Vector Group","hd":false}],"ip":0,"op":210,"st":0,"bm":0},{"ddd":0,"ind":6,"ty":4,"nm":"Shape Layer 1","parent":4,"sr":1,"ks":{"o":{"a":0,"k":100,"ix":11},"r":{"a":0,"k":179,"ix":10},"p":{"a":1,"k":[{"i":{"x":0.833,"y":0.833},"o":{"x":0.167,"y":0.167},"t":195,"s":[268.69,72.443,0],"to":[-20.917,65.167,0],"ti":[14.917,-12.5,0]},{"t":209,"s":[179.19,147.443,0]}],"ix":2},"a":{"a":0,"k":[14.69,-4.057,0],"ix":1},"s":{"a":1,"k":[{"i":{"x":[0.833,0.833,0.833],"y":[0.833,0.833,0.833]},"o":{"x":[0.167,0.167,0.167],"y":[0.167,0.167,0.167]},"t":195,"s":[100,100,100]},{"t":209,"s":[0,0,100]}],"ix":6}},"ao":0,"shapes":[{"ty":"gr","it":[{"ind":0,"ty":"sh","ix":1,"ks":{"a":1,"k":[{"i":{"x":0,"y":1},"o":{"x":0.167,"y":0.167},"t":195,"s":[{"i":[[9.25,0.5],[0,0],[-4.25,-7.75],[0,0],[0,0]],"o":[[-9.25,-0.5],[0,0],[4.25,7.75],[0,0],[0,0]],"v":[[23.72,-43.815],[20.47,-36.565],[32.905,-6.164],[40.905,-3.164],[42.936,-29.018]],"c":true}]},{"t":209,"s":[{"i":[[9.25,0.5],[0,0],[-4.25,-7.75],[0,0],[0,0]],"o":[[-9.25,-0.5],[0,0],[4.25,7.75],[0,0],[0,0]],"v":[[23.72,-43.815],[20.47,-36.565],[32.905,-6.164],[40.905,-3.164],[78.626,-38.678]],"c":true}]}],"ix":2},"nm":"Path 1","mn":"ADBE Vector Shape - Group","hd":false},{"ty":"fl","c":{"a":0,"k":[1,1,1,1],"ix":4},"o":{"a":0,"k":100,"ix":5},"r":1,"bm":0,"nm":"Fill 1","mn":"ADBE Vector Graphic - Fill","hd":false},{"ty":"tr","p":{"a":0,"k":[0,0],"ix":2},"a":{"a":0,"k":[0,0],"ix":1},"s":{"a":0,"k":[26.748,26.748],"ix":3},"r":{"a":0,"k":0,"ix":6},"o":{"a":0,"k":100,"ix":7},"sk":{"a":0,"k":0,"ix":4},"sa":{"a":0,"k":0,"ix":5},"nm":"Transform"}],"nm":"Shape 1","np":3,"cix":2,"bm":0,"ix":1,"mn":"ADBE Vector Group","hd":false}],"ip":195,"op":409,"st":199,"bm":0},{"ddd":0,"ind":7,"ty":4,"nm":"Shape Layer 2","parent":4,"sr":1,"ks":{"o":{"a":0,"k":100,"ix":11},"r":{"a":0,"k":179,"ix":10},"p":{"a":1,"k":[{"i":{"x":0.833,"y":0.833},"o":{"x":0.167,"y":0.167},"t":5,"s":[52.859,200.611,0],"to":[0,0,0],"ti":[0,0,0]},{"t":20,"s":[5.633,206.978,0]}],"ix":2},"a":{"a":0,"k":[14.69,-4.057,0],"ix":1},"s":{"a":1,"k":[{"i":{"x":[0.833,0.833,0.833],"y":[0.833,0.833,0.833]},"o":{"x":[0.167,0.167,0.167],"y":[0.167,0.167,0.167]},"t":5,"s":[0,0,100]},{"t":20,"s":[100,100,100]}],"ix":6}},"ao":0,"shapes":[{"ty":"gr","it":[{"ind":0,"ty":"sh","ix":1,"ks":{"a":1,"k":[{"i":{"x":0.833,"y":0.833},"o":{"x":0.167,"y":0.167},"t":5,"s":[{"i":[[9.25,0.5],[0,0],[-4.25,-7.75],[0,0],[0,0]],"o":[[-9.25,-0.5],[0,0],[4.25,7.75],[0,0],[0,0]],"v":[[87.503,50.776],[84.253,58.026],[96.689,88.427],[104.689,91.427],[106.72,65.573]],"c":true}]},{"t":20,"s":[{"i":[[9.25,0.5],[0,0],[-4.25,-7.75],[0,0],[0,0]],"o":[[-9.25,-0.5],[0,0],[4.25,7.75],[0,0],[0,0]],"v":[[23.72,-43.815],[20.47,-36.565],[32.905,-6.164],[40.905,-3.164],[78.626,-38.678]],"c":true}]}],"ix":2},"nm":"Path 1","mn":"ADBE Vector Shape - Group","hd":false},{"ty":"fl","c":{"a":0,"k":[1,1,1,1],"ix":4},"o":{"a":0,"k":100,"ix":5},"r":1,"bm":0,"nm":"Fill 1","mn":"ADBE Vector Graphic - Fill","hd":false},{"ty":"tr","p":{"a":0,"k":[0,0],"ix":2},"a":{"a":0,"k":[0,0],"ix":1},"s":{"a":0,"k":[26.748,26.748],"ix":3},"r":{"a":0,"k":0,"ix":6},"o":{"a":0,"k":100,"ix":7},"sk":{"a":0,"k":0,"ix":4},"sa":{"a":0,"k":0,"ix":5},"nm":"Transform"}],"nm":"Shape 1","np":3,"cix":2,"bm":0,"ix":1,"mn":"ADBE Vector Group","hd":false}],"ip":5,"op":20,"st":5,"bm":0}]},{"id":"comp_1","layers":[{"ddd":0,"ind":1,"ty":4,"nm":"Right Wing","sr":1,"ks":{"o":{"a":0,"k":100,"ix":11},"r":{"a":0,"k":21,"ix":10},"p":{"a":0,"k":[321.741,263.513,0],"ix":2},"a":{"a":0,"k":[50.273,-9.542,0],"ix":1},"s":{"a":0,"k":[100,100,100],"ix":6}},"ao":0,"shapes":[{"ty":"gr","it":[{"ind":0,"ty":"sh","ix":1,"ks":{"a":1,"k":[{"i":{"x":0,"y":1},"o":{"x":0.167,"y":0.167},"t":0,"s":[{"i":[[0,0],[0,0],[0,0],[-2.75,5]],"o":[[0,0],[0,0],[0,0],[2.75,-5]],"v":[[69.296,-25.515],[31.25,-18.25],[46.267,5.08],[51.642,3.83]],"c":true}]},{"i":{"x":1,"y":1},"o":{"x":0.55,"y":0},"t":40,"s":[{"i":[[0,0],[0,0],[0,0],[-2.75,5]],"o":[[0,0],[0,0],[0,0],[2.75,-5]],"v":[[117,-76.125],[33.5,-14.75],[70.75,21.75],[76.125,20.5]],"c":true}]},{"i":{"x":1,"y":1},"o":{"x":0.55,"y":0},"t":165,"s":[{"i":[[0,0],[0,0],[0,0],[-2.75,5]],"o":[[0,0],[0,0],[0,0],[2.75,-5]],"v":[[117,-76.125],[33.5,-14.75],[70.75,21.75],[76.125,20.5]],"c":true}]},{"t":184,"s":[{"i":[[0,0],[0,0],[0,0],[-2.75,5]],"o":[[0,0],[0,0],[0,0],[2.75,-5]],"v":[[69.296,-25.515],[31.25,-18.25],[46.267,5.08],[51.642,3.83]],"c":true}]}],"ix":2},"nm":"Path 1","mn":"ADBE Vector Shape - Group","hd":false},{"ty":"fl","c":{"a":0,"k":[1,1,1,1],"ix":4},"o":{"a":0,"k":100,"ix":5},"r":1,"bm":0,"nm":"Fill 1","mn":"ADBE Vector Graphic - Fill","hd":false},{"ty":"tr","p":{"a":0,"k":[0,0],"ix":2},"a":{"a":0,"k":[0,0],"ix":1},"s":{"a":0,"k":[100,100],"ix":3},"r":{"a":0,"k":0,"ix":6},"o":{"a":0,"k":100,"ix":7},"sk":{"a":0,"k":0,"ix":4},"sa":{"a":0,"k":0,"ix":5},"nm":"Transform"}],"nm":"Shape 1","np":2,"cix":2,"bm":0,"ix":1,"mn":"ADBE Vector Group","hd":false}],"ip":0,"op":184,"st":-10,"bm":0},{"ddd":0,"ind":2,"ty":4,"nm":"Left Wing","sr":1,"ks":{"o":{"a":0,"k":100,"ix":11},"r":{"a":0,"k":21,"ix":10},"p":{"a":0,"k":[325.695,241.003,0],"ix":2},"a":{"a":0,"k":[45.766,-32.224,0],"ix":1},"s":{"a":0,"k":[97.899,100,100],"ix":6}},"ao":0,"shapes":[{"ty":"gr","it":[{"ind":0,"ty":"sh","ix":1,"ks":{"a":1,"k":[{"i":{"x":0,"y":1},"o":{"x":0.167,"y":0.167},"t":0,"s":[{"i":[[0,0],[5,-1],[0,0],[0,0]],"o":[[0,0],[-5,1],[0,0],[0,0]],"v":[[68.585,-26.568],[26.203,-44.911],[23.453,-41.411],[29.5,-19.5]],"c":true}]},{"i":{"x":1,"y":1},"o":{"x":0.55,"y":0},"t":40,"s":[{"i":[[0,0],[5,-1],[0,0],[0,0]],"o":[[0,0],[-5,1],[0,0],[0,0]],"v":[[118.394,-76.25],[3.25,-54.75],[0.5,-51.25],[29.5,-19.5]],"c":true}]},{"i":{"x":1,"y":1},"o":{"x":0.55,"y":0},"t":165,"s":[{"i":[[0,0],[5,-1],[0,0],[0,0]],"o":[[0,0],[-5,1],[0,0],[0,0]],"v":[[118.394,-76.25],[3.25,-54.75],[0.5,-51.25],[29.5,-19.5]],"c":true}]},{"t":184,"s":[{"i":[[0,0],[5,-1],[0,0],[0,0]],"o":[[0,0],[-5,1],[0,0],[0,0]],"v":[[68.585,-26.568],[26.203,-44.911],[23.453,-41.411],[29.5,-19.5]],"c":true}]}],"ix":2},"nm":"Path 1","mn":"ADBE Vector Shape - Group","hd":false},{"ty":"fl","c":{"a":0,"k":[1,1,1,1],"ix":4},"o":{"a":0,"k":100,"ix":5},"r":1,"bm":0,"nm":"Fill 1","mn":"ADBE Vector Graphic - Fill","hd":false},{"ty":"tr","p":{"a":0,"k":[0,0],"ix":2},"a":{"a":0,"k":[0,0],"ix":1},"s":{"a":0,"k":[100,100],"ix":3},"r":{"a":0,"k":0,"ix":6},"o":{"a":0,"k":100,"ix":7},"sk":{"a":0,"k":0,"ix":4},"sa":{"a":0,"k":0,"ix":5},"nm":"Transform"}],"nm":"Shape 1","np":2,"cix":2,"bm":0,"ix":1,"mn":"ADBE Vector Group","hd":false}],"ip":0,"op":184,"st":-10,"bm":0},{"ddd":0,"ind":3,"ty":4,"nm":"Fold - Out","sr":1,"ks":{"o":{"a":0,"k":100,"ix":11},"r":{"a":0,"k":21,"ix":10},"p":{"a":0,"k":[320.179,249.904,0],"ix":2},"a":{"a":0,"k":[43.938,-21.688,0],"ix":1},"s":{"a":0,"k":[100,100,100],"ix":6}},"ao":0,"shapes":[{"ty":"gr","it":[{"ind":0,"ty":"sh","ix":1,"ks":{"a":1,"k":[{"i":{"x":0,"y":1},"o":{"x":0.167,"y":0.167},"t":0,"s":[{"i":[[0,0],[0,0],[0,0],[0,0]],"o":[[0,0],[0,0],[0,0],[0,0]],"v":[[56.5,-25.25],[29.002,-22.172],[32.336,-16.059],[56.625,-20.625]],"c":true}]},{"i":{"x":1,"y":1},"o":{"x":0.55,"y":0},"t":40,"s":[{"i":[[0,0],[0,0],[0,0],[0,0]],"o":[[0,0],[0,0],[0,0],[0,0]],"v":[[56.5,-25.25],[33.75,-14.875],[28,4],[56.625,-20.625]],"c":true}]},{"i":{"x":1,"y":1},"o":{"x":0.55,"y":0},"t":165,"s":[{"i":[[0,0],[0,0],[0,0],[0,0]],"o":[[0,0],[0,0],[0,0],[0,0]],"v":[[56.5,-25.25],[33.75,-14.875],[28,4],[56.625,-20.625]],"c":true}]},{"t":184,"s":[{"i":[[0,0],[0,0],[0,0],[0,0]],"o":[[0,0],[0,0],[0,0],[0,0]],"v":[[56.5,-25.25],[31.5,-18.125],[31.25,-18.5],[56.625,-20.625]],"c":true}]}],"ix":2},"nm":"Path 1","mn":"ADBE Vector Shape - Group","hd":false},{"ty":"fl","c":{"a":0,"k":[0.745098039216,0.745098039216,0.745098039216,1],"ix":4},"o":{"a":0,"k":100,"ix":5},"r":1,"bm":0,"nm":"Fill 1","mn":"ADBE Vector Graphic - Fill","hd":false},{"ty":"tr","p":{"a":0,"k":[0,0],"ix":2},"a":{"a":0,"k":[0,0],"ix":1},"s":{"a":0,"k":[100,100],"ix":3},"r":{"a":0,"k":0,"ix":6},"o":{"a":0,"k":100,"ix":7},"sk":{"a":0,"k":0,"ix":4},"sa":{"a":0,"k":0,"ix":5},"nm":"Transform"}],"nm":"Shape 1","np":2,"cix":2,"bm":0,"ix":1,"mn":"ADBE Vector Group","hd":false}],"ip":0,"op":184,"st":-10,"bm":0},{"ddd":0,"ind":4,"ty":4,"nm":"Fold - In","sr":1,"ks":{"o":{"a":0,"k":100,"ix":11},"r":{"a":0,"k":21,"ix":10},"p":{"a":0,"k":[323.303,251.806,0],"ix":2},"a":{"a":0,"k":[47.536,-21.032,0],"ix":1},"s":{"a":0,"k":[100,100,100],"ix":6}},"ao":0,"shapes":[{"ty":"gr","it":[{"ind":0,"ty":"sh","ix":1,"ks":{"a":1,"k":[{"i":{"x":0,"y":1},"o":{"x":0.167,"y":0.167},"t":0,"s":[{"i":[[0,0],[0,0],[0,0],[0,0]],"o":[[0,0],[0,0],[0,0],[0,0]],"v":[[65.572,-26.758],[35.471,-23.677],[28.04,-23.236],[49.477,-15.305]],"c":true}]},{"i":{"x":1,"y":1},"o":{"x":0.55,"y":0},"t":40,"s":[{"i":[[0,0],[0,0],[0,0],[0,0]],"o":[[0,0],[0,0],[0,0],[0,0]],"v":[[117,-76],[29.5,-20.875],[28,4],[49.477,-15.305]],"c":true}]},{"i":{"x":1,"y":1},"o":{"x":0.55,"y":0},"t":165,"s":[{"i":[[0,0],[0,0],[0,0],[0,0]],"o":[[0,0],[0,0],[0,0],[0,0]],"v":[[117,-76],[29.5,-20.875],[28,4],[49.477,-15.305]],"c":true}]},{"t":184,"s":[{"i":[[0,0],[0,0],[0,0],[0,0]],"o":[[0,0],[0,0],[0,0],[0,0]],"v":[[65.572,-26.758],[29.5,-20.875],[29.5,-18.75],[49.477,-15.305]],"c":true}]}],"ix":2},"nm":"Path 1","mn":"ADBE Vector Shape - Group","hd":false},{"ty":"fl","c":{"a":0,"k":[0.815686334348,0.815686334348,0.815686334348,1],"ix":4},"o":{"a":0,"k":100,"ix":5},"r":1,"bm":0,"nm":"Fill 1","mn":"ADBE Vector Graphic - Fill","hd":false},{"ty":"tr","p":{"a":0,"k":[0,0],"ix":2},"a":{"a":0,"k":[0,0],"ix":1},"s":{"a":0,"k":[100,100],"ix":3},"r":{"a":0,"k":0,"ix":6},"o":{"a":0,"k":100,"ix":7},"sk":{"a":0,"k":0,"ix":4},"sa":{"a":0,"k":0,"ix":5},"nm":"Transform"}],"nm":"Shape 1","np":2,"cix":2,"bm":0,"ix":1,"mn":"ADBE Vector Group","hd":false}],"ip":0,"op":184,"st":-10,"bm":0},{"ddd":0,"ind":5,"ty":4,"nm":"Right Wing 2","sr":1,"ks":{"o":{"a":0,"k":5,"ix":11},"r":{"a":0,"k":21,"ix":10},"p":{"a":0,"k":[321.741,263.513,0],"ix":2},"a":{"a":0,"k":[50.273,-9.542,0],"ix":1},"s":{"a":0,"k":[100,100,100],"ix":6}},"ao":0,"ef":[{"ty":29,"nm":"Gaussian Blur","np":5,"mn":"ADBE Gaussian Blur 2","ix":1,"en":1,"ef":[{"ty":0,"nm":"Blurriness","mn":"ADBE Gaussian Blur 2-0001","ix":1,"v":{"a":0,"k":10,"ix":1}},{"ty":7,"nm":"Blur Dimensions","mn":"ADBE Gaussian Blur 2-0002","ix":2,"v":{"a":0,"k":1,"ix":2}},{"ty":7,"nm":"Repeat Edge Pixels","mn":"ADBE Gaussian Blur 2-0003","ix":3,"v":{"a":0,"k":0,"ix":3}}]}],"shapes":[{"ty":"gr","it":[{"ind":0,"ty":"sh","ix":1,"ks":{"a":1,"k":[{"i":{"x":0,"y":1},"o":{"x":0.167,"y":0.167},"t":0,"s":[{"i":[[0,0],[0,0],[0,0],[-2.75,5]],"o":[[0,0],[0,0],[0,0],[2.75,-5]],"v":[[69.296,-25.515],[31.25,-18.25],[46.267,5.08],[51.642,3.83]],"c":true}]},{"i":{"x":1,"y":1},"o":{"x":0.55,"y":0},"t":40,"s":[{"i":[[0,0],[0,0],[0,0],[-2.75,5]],"o":[[0,0],[0,0],[0,0],[2.75,-5]],"v":[[117,-76.125],[33.5,-14.75],[70.75,21.75],[76.125,20.5]],"c":true}]},{"i":{"x":1,"y":1},"o":{"x":0.55,"y":0},"t":165,"s":[{"i":[[0,0],[0,0],[0,0],[-2.75,5]],"o":[[0,0],[0,0],[0,0],[2.75,-5]],"v":[[117,-76.125],[33.5,-14.75],[70.75,21.75],[76.125,20.5]],"c":true}]},{"t":184,"s":[{"i":[[0,0],[0,0],[0,0],[-2.75,5]],"o":[[0,0],[0,0],[0,0],[2.75,-5]],"v":[[69.296,-25.515],[31.25,-18.25],[46.267,5.08],[51.642,3.83]],"c":true}]}],"ix":2},"nm":"Path 1","mn":"ADBE Vector Shape - Group","hd":false},{"ty":"fl","c":{"a":0,"k":[0,0,0,1],"ix":4},"o":{"a":0,"k":100,"ix":5},"r":1,"bm":0,"nm":"Fill 1","mn":"ADBE Vector Graphic - Fill","hd":false},{"ty":"tr","p":{"a":0,"k":[0,0],"ix":2},"a":{"a":0,"k":[0,0],"ix":1},"s":{"a":0,"k":[100,100],"ix":3},"r":{"a":0,"k":0,"ix":6},"o":{"a":0,"k":100,"ix":7},"sk":{"a":0,"k":0,"ix":4},"sa":{"a":0,"k":0,"ix":5},"nm":"Transform"}],"nm":"Shape 1","np":2,"cix":2,"bm":0,"ix":1,"mn":"ADBE Vector Group","hd":false}],"ip":0,"op":184,"st":-10,"bm":0},{"ddd":0,"ind":6,"ty":4,"nm":"Left Wing 2","sr":1,"ks":{"o":{"a":0,"k":5,"ix":11},"r":{"a":0,"k":21,"ix":10},"p":{"a":0,"k":[325.695,241.003,0],"ix":2},"a":{"a":0,"k":[45.766,-32.224,0],"ix":1},"s":{"a":0,"k":[97.899,100,100],"ix":6}},"ao":0,"ef":[{"ty":29,"nm":"Gaussian Blur","np":5,"mn":"ADBE Gaussian Blur 2","ix":1,"en":1,"ef":[{"ty":0,"nm":"Blurriness","mn":"ADBE Gaussian Blur 2-0001","ix":1,"v":{"a":0,"k":10,"ix":1}},{"ty":7,"nm":"Blur Dimensions","mn":"ADBE Gaussian Blur 2-0002","ix":2,"v":{"a":0,"k":1,"ix":2}},{"ty":7,"nm":"Repeat Edge Pixels","mn":"ADBE Gaussian Blur 2-0003","ix":3,"v":{"a":0,"k":0,"ix":3}}]}],"shapes":[{"ty":"gr","it":[{"ind":0,"ty":"sh","ix":1,"ks":{"a":1,"k":[{"i":{"x":0,"y":1},"o":{"x":0.167,"y":0.167},"t":0,"s":[{"i":[[0,0],[5,-1],[0,0],[0,0]],"o":[[0,0],[-5,1],[0,0],[0,0]],"v":[[68.585,-26.568],[26.203,-44.911],[23.453,-41.411],[29.5,-19.5]],"c":true}]},{"i":{"x":1,"y":1},"o":{"x":0.55,"y":0},"t":40,"s":[{"i":[[0,0],[5,-1],[0,0],[0,0]],"o":[[0,0],[-5,1],[0,0],[0,0]],"v":[[118.394,-76.25],[3.25,-54.75],[0.5,-51.25],[29.5,-19.5]],"c":true}]},{"i":{"x":1,"y":1},"o":{"x":0.55,"y":0},"t":165,"s":[{"i":[[0,0],[5,-1],[0,0],[0,0]],"o":[[0,0],[-5,1],[0,0],[0,0]],"v":[[118.394,-76.25],[3.25,-54.75],[0.5,-51.25],[29.5,-19.5]],"c":true}]},{"t":184,"s":[{"i":[[0,0],[5,-1],[0,0],[0,0]],"o":[[0,0],[-5,1],[0,0],[0,0]],"v":[[68.585,-26.568],[26.203,-44.911],[23.453,-41.411],[29.5,-19.5]],"c":true}]}],"ix":2},"nm":"Path 1","mn":"ADBE Vector Shape - Group","hd":false},{"ty":"fl","c":{"a":0,"k":[0,0,0,1],"ix":4},"o":{"a":0,"k":100,"ix":5},"r":1,"bm":0,"nm":"Fill 1","mn":"ADBE Vector Graphic - Fill","hd":false},{"ty":"tr","p":{"a":0,"k":[0,0],"ix":2},"a":{"a":0,"k":[0,0],"ix":1},"s":{"a":0,"k":[100,100],"ix":3},"r":{"a":0,"k":0,"ix":6},"o":{"a":0,"k":100,"ix":7},"sk":{"a":0,"k":0,"ix":4},"sa":{"a":0,"k":0,"ix":5},"nm":"Transform"}],"nm":"Shape 1","np":2,"cix":2,"bm":0,"ix":1,"mn":"ADBE Vector Group","hd":false}],"ip":0,"op":184,"st":-10,"bm":0}]},{"id":"comp_2","layers":[{"ddd":0,"ind":1,"ty":4,"nm":"SVGID 3","td":1,"sr":1,"ks":{"o":{"a":0,"k":100,"ix":11},"r":{"a":0,"k":0,"ix":10},"p":{"a":0,"k":[123.814,124.954,0],"ix":2},"a":{"a":0,"k":[0,0,0],"ix":1},"s":{"a":0,"k":[100,100,100],"ix":6}},"ao":0,"shapes":[{"ty":"gr","it":[{"d":1,"ty":"el","s":{"a":0,"k":[225.395,225.395],"ix":2},"p":{"a":0,"k":[0,0],"ix":3},"nm":"Ellipse Path 1","mn":"ADBE Vector Shape - Ellipse","hd":false},{"ty":"gf","o":{"a":0,"k":100,"ix":10},"r":1,"bm":0,"g":{"p":3,"k":{"a":0,"k":[0,0.38,0.224,0.855,0.5,0.19,0.347,0.855,1,0,0.471,0.855],"ix":9}},"s":{"a":0,"k":[56.52,98.525],"ix":5},"e":{"a":0,"k":[-56.197,-96.706],"ix":6},"t":1,"nm":"Gradient Fill 1","mn":"ADBE Vector Graphic - G-Fill","hd":false},{"ty":"tr","p":{"a":0,"k":[0,0],"ix":2},"a":{"a":0,"k":[0,0],"ix":1},"s":{"a":0,"k":[100,100],"ix":3},"r":{"a":0,"k":0,"ix":6},"o":{"a":0,"k":100,"ix":7},"sk":{"a":0,"k":0,"ix":4},"sa":{"a":0,"k":0,"ix":5},"nm":"Transform"}],"nm":"SVGID","np":2,"cix":2,"bm":0,"ix":1,"mn":"ADBE Vector Group","hd":false}],"ip":0,"op":210,"st":0,"bm":0},{"ddd":0,"ind":2,"ty":4,"nm":"Artwork 2","parent":20,"tt":1,"sr":1,"ks":{"o":{"a":0,"k":20,"ix":11},"r":{"a":0,"k":0,"ix":10},"p":{"a":0,"k":[-126.43,374.994,0],"ix":2},"a":{"a":0,"k":[353.57,249.994,0],"ix":1},"s":{"a":0,"k":[100,100,100],"ix":6}},"ao":0,"shapes":[{"ty":"gr","it":[{"ind":0,"ty":"sh","ix":1,"ks":{"a":0,"k":{"i":[[0,0],[0,0],[-3.783,1.085],[0,0],[0,0],[3.783,-1.085]],"o":[[0,0],[1.169,4.078],[0,0],[0,0],[-1.169,-4.078],[0,0]],"v":[[-6.495,-9.724],[-2.472,4.305],[6.495,9.724],[6.495,9.724],[2.472,-4.305],[-6.495,-9.724]],"c":true},"ix":2},"nm":"Path 1","mn":"ADBE Vector Shape - Group","hd":false},{"ty":"fl","c":{"a":0,"k":[1,1,1,1],"ix":4},"o":{"a":0,"k":100,"ix":5},"r":1,"bm":0,"nm":"Fill 1","mn":"ADBE Vector Graphic - Fill","hd":false},{"ty":"tr","p":{"a":0,"k":[598.933,277.818],"ix":2},"a":{"a":0,"k":[0,0],"ix":1},"s":{"a":0,"k":[100,100],"ix":3},"r":{"a":0,"k":0,"ix":6},"o":{"a":0,"k":100,"ix":7},"sk":{"a":0,"k":0,"ix":4},"sa":{"a":0,"k":0,"ix":5},"nm":"Transform"}],"nm":"Group 1","np":2,"cix":2,"bm":0,"ix":1,"mn":"ADBE Vector Group","hd":false},{"ty":"gr","it":[{"ind":0,"ty":"sh","ix":1,"ks":{"a":0,"k":{"i":[[2.6,7.888],[0,0],[-0.217,0.396],[0,0],[-3.957,1.135],[0,0],[-4.137,-3.289],[0,0],[-0.092,-0.321],[0,0],[0.851,-0.244],[0,0],[0.392,0.263],[0,0],[0.477,-0.167],[0,0]],"o":[[0,0],[-0.146,-0.427],[0,0],[2.053,-3.742],[0,0],[4.841,-1.388],[0,0],[0.261,0.208],[0,0],[0.244,0.851],[0,0],[-0.454,0.13],[0,0],[-0.419,-0.281],[0,0],[-7.275,2.549]],"v":[[-26.55,9.021],[-29.345,0.876],[-29.235,-0.416],[-23.277,-11.275],[-13.923,-18.865],[-4.639,-21.528],[9.6,-18.512],[21.841,-8.781],[22.385,-7.967],[29.37,16.393],[28.27,18.376],[15.458,22.05],[14.122,21.84],[3.934,15.006],[2.51,14.824],[-8.609,18.721]],"c":true},"ix":2},"nm":"Path 1","mn":"ADBE Vector Shape - Group","hd":false},{"ty":"fl","c":{"a":0,"k":[1,1,1,1],"ix":4},"o":{"a":0,"k":100,"ix":5},"r":1,"bm":0,"nm":"Fill 1","mn":"ADBE Vector Graphic - Fill","hd":false},{"ty":"tr","p":{"a":0,"k":[560.371,271.382],"ix":2},"a":{"a":0,"k":[0,0],"ix":1},"s":{"a":0,"k":[100,100],"ix":3},"r":{"a":0,"k":0,"ix":6},"o":{"a":0,"k":100,"ix":7},"sk":{"a":0,"k":0,"ix":4},"sa":{"a":0,"k":0,"ix":5},"nm":"Transform"}],"nm":"Group 2","np":2,"cix":2,"bm":0,"ix":2,"mn":"ADBE Vector Group","hd":false},{"ty":"gr","it":[{"ind":0,"ty":"sh","ix":1,"ks":{"a":0,"k":{"i":[[0,0],[0.244,0.851],[0,0],[-4.066,1.166],[0,0],[-0.244,-0.851],[0,0],[4.066,-1.166]],"o":[[-0.851,0.244],[0,0],[-1.257,-4.383],[0,0],[0.851,-0.244],[0,0],[1.257,4.383],[0,0]],"v":[[-6.337,7.309],[-8.32,6.21],[-8.513,5.537],[-3.426,-4.51],[6.337,-7.309],[8.32,-6.21],[8.513,-5.537],[3.426,4.51]],"c":true},"ix":2},"nm":"Path 1","mn":"ADBE Vector Shape - Group","hd":false},{"ty":"fl","c":{"a":0,"k":[1,1,1,1],"ix":4},"o":{"a":0,"k":100,"ix":5},"r":1,"bm":0,"nm":"Fill 1","mn":"ADBE Vector Graphic - Fill","hd":false},{"ty":"tr","p":{"a":0,"k":[541.437,237.275],"ix":2},"a":{"a":0,"k":[0,0],"ix":1},"s":{"a":0,"k":[100,100],"ix":3},"r":{"a":0,"k":0,"ix":6},"o":{"a":0,"k":100,"ix":7},"sk":{"a":0,"k":0,"ix":4},"sa":{"a":0,"k":0,"ix":5},"nm":"Transform"}],"nm":"Group 3","np":2,"cix":2,"bm":0,"ix":3,"mn":"ADBE Vector Group","hd":false},{"ty":"gr","it":[{"ind":0,"ty":"sh","ix":1,"ks":{"a":0,"k":{"i":[[0,0],[0.244,0.851],[0,0],[-3.027,0.868],[0,0],[-0.244,-0.851],[0,0],[3.027,-0.868]],"o":[[-0.851,0.244],[0,0],[-0.935,-3.262],[0,0],[0.851,-0.244],[0,0],[0.935,3.262],[0,0]],"v":[[0.518,9.24],[-1.465,8.141],[-4.305,-1.762],[-0.518,-9.24],[-0.518,-9.24],[1.465,-8.141],[4.305,1.762],[0.518,9.24]],"c":true},"ix":2},"nm":"Path 1","mn":"ADBE Vector Shape - Group","hd":false},{"ty":"fl","c":{"a":0,"k":[1,1,1,1],"ix":4},"o":{"a":0,"k":100,"ix":5},"r":1,"bm":0,"nm":"Fill 1","mn":"ADBE Vector Graphic - Fill","hd":false},{"ty":"tr","p":{"a":0,"k":[519.029,221.825],"ix":2},"a":{"a":0,"k":[0,0],"ix":1},"s":{"a":0,"k":[100,100],"ix":3},"r":{"a":0,"k":0,"ix":6},"o":{"a":0,"k":100,"ix":7},"sk":{"a":0,"k":0,"ix":4},"sa":{"a":0,"k":0,"ix":5},"nm":"Transform"}],"nm":"Group 4","np":2,"cix":2,"bm":0,"ix":4,"mn":"ADBE Vector Group","hd":false},{"ty":"gr","it":[{"ind":0,"ty":"sh","ix":1,"ks":{"a":0,"k":{"i":[[0,0],[0,0],[-2.566,1.278],[0,0],[1.069,0.661],[0,0],[2.877,-3.076],[0,0]],"o":[[0,0],[2.593,1.437],[0,0],[1.125,-0.56],[0,0],[-3.658,-2.261],[0,0],[0,0]],"v":[[-12.488,-2.681],[2.873,5.834],[11.058,6.087],[11.97,5.633],[12.098,2.834],[-1.558,-5.606],[-12.622,-4.226],[-12.858,-3.973]],"c":false},"ix":2},"nm":"Path 1","mn":"ADBE Vector Shape - Group","hd":false},{"ty":"fl","c":{"a":0,"k":[1,1,1,1],"ix":4},"o":{"a":0,"k":100,"ix":5},"r":1,"bm":0,"nm":"Fill 1","mn":"ADBE Vector Graphic - Fill","hd":false},{"ty":"tr","p":{"a":0,"k":[506.505,241.666],"ix":2},"a":{"a":0,"k":[0,0],"ix":1},"s":{"a":0,"k":[100,100],"ix":3},"r":{"a":0,"k":0,"ix":6},"o":{"a":0,"k":100,"ix":7},"sk":{"a":0,"k":0,"ix":4},"sa":{"a":0,"k":0,"ix":5},"nm":"Transform"}],"nm":"Group 5","np":2,"cix":2,"bm":0,"ix":5,"mn":"ADBE Vector Group","hd":false},{"ty":"gr","it":[{"ind":0,"ty":"sh","ix":1,"ks":{"a":0,"k":{"i":[[0,0],[0.851,-0.244],[0,0],[-1.272,-4.434],[0,0],[-0.851,0.244],[0,0],[1.272,4.434]],"o":[[-0.244,-0.851],[0,0],[-4.114,1.18],[0,0],[0.244,0.851],[0,0],[4.114,-1.18],[0,0]],"v":[[2.149,-9.635],[0.165,-10.734],[0.08,-10.71],[-5.068,-0.544],[-2.149,9.635],[-0.165,10.734],[-0.08,10.71],[5.068,0.544]],"c":true},"ix":2},"nm":"Path 1","mn":"ADBE Vector Shape - Group","hd":false},{"ty":"fl","c":{"a":0,"k":[1,1,1,1],"ix":4},"o":{"a":0,"k":100,"ix":5},"r":1,"bm":0,"nm":"Fill 1","mn":"ADBE Vector Graphic - Fill","hd":false},{"ty":"tr","p":{"a":0,"k":[431.132,310.852],"ix":2},"a":{"a":0,"k":[0,0],"ix":1},"s":{"a":0,"k":[100,100],"ix":3},"r":{"a":0,"k":0,"ix":6},"o":{"a":0,"k":100,"ix":7},"sk":{"a":0,"k":0,"ix":4},"sa":{"a":0,"k":0,"ix":5},"nm":"Transform"}],"nm":"Group 6","np":2,"cix":2,"bm":0,"ix":6,"mn":"ADBE Vector Group","hd":false},{"ty":"gr","it":[{"ind":0,"ty":"sh","ix":1,"ks":{"a":0,"k":{"i":[[0,0],[0.736,0.891],[0,0],[-1.479,4.116],[0,0],[-4.563,1.309],[0,0],[0,0],[-7.84,2.599],[0,0],[0,0],[-2.838,4.708],[0,0],[0.962,0.335],[0,0],[0.374,-0.692],[0,0],[0,0],[-3.69,5.804],[0,0],[-8.885,-5.84],[0,0],[-0.467,0.158],[0,0],[-0.175,0.434],[0,0],[-6.111,1.943],[0,0],[-0.185,0.422],[0,0],[-4.92,1.411],[0,0],[-5.878,-3.884],[0,0],[-0.45,0.129],[0,0],[-3.395,-1.95],[0,0],[-0.417,0.12],[0,0],[2.321,-5.638],[0,0],[0.471,-0.135],[0,0],[-0.274,-0.861],[0,0],[1.881,-4.116],[0,0],[4.278,-1.344],[0,0],[-0.185,-0.814],[0,0],[3.363,-5.27],[0,0],[-0.127,-0.442],[0,0],[4.63,2.71],[0,0],[0.39,-0.87],[0,0],[0.825,0.57],[0,0],[2.058,-1.434],[0,0],[2.028,1.063],[0,0],[0.435,-0.733],[0,0],[-0.738,-0.462],[0,0],[0.464,-0.75],[0,0],[5.718,3.332],[0,0],[0.387,-0.874],[0,0],[-0.685,-0.42],[0,0],[0.377,-0.729],[0,0],[-0.113,-0.394],[0,0],[11.263,-3.762],[0,0],[0.402,0.243],[0,0],[1.098,3.829],[0,0],[0.314,0.211],[0,0],[0.106,0.359],[0,0],[0.838,-0.219],[0,0],[4.135,15.475],[0,0],[-0.107,0.304],[0,0],[-7.388,2.151],[0,0],[-0.404,-0.303],[0,0],[-0.483,0.138],[0,0],[-0.198,0.412],[0,0],[0.593,0.465],[0,0],[0.494,-0.142],[0,0],[0.148,-0.539],[0,0],[0.537,-0.154],[0,0],[0.411,0.368],[0,0],[0.53,-0.152],[0,0],[0.202,-0.398]],"o":[[-0.522,1.031],[0,0],[-2.824,-3.421],[0,0],[1.684,-4.688],[0,0],[0,0],[-2.453,-8.556],[0,0],[0,0],[-1.58,-5.508],[0,0],[0.526,-0.872],[0,0],[-0.743,-0.258],[0,0],[0,0],[-5.164,-4.771],[0,0],[5.647,-8.882],[0,0],[0.412,0.271],[0,0],[0.443,-0.15],[0,0],[2.51,-6.221],[0,0],[0.439,-0.14],[0,0],[2.15,-4.892],[0,0],[6.494,-1.862],[0,0],[0.391,0.258],[0,0],[3.626,-1.04],[0,0],[0.376,0.216],[0,0],[5.604,-1.607],[0,0],[-0.186,0.453],[0,0],[-0.869,0.249],[0,0],[1.417,4.457],[0,0],[-1.943,4.253],[0,0],[-0.797,0.25],[0,0],[1.444,6.366],[0,0],[-0.247,0.388],[0,0],[1.535,5.352],[0,0],[-0.823,-0.482],[0,0],[-0.41,0.915],[0,0],[-2.139,-1.48],[0,0],[-1.828,1.274],[0,0],[-0.755,-0.396],[0,0],[-0.444,0.749],[0,0],[0.748,0.468],[0,0],[-3.463,5.6],[0,0],[-0.826,-0.481],[0,0],[-0.325,0.735],[0,0],[0.7,0.429],[0,0],[-0.188,0.364],[0,0],[3.527,12.301],[0,0],[-0.446,0.149],[0,0],[-3.289,-1.987],[0,0],[-0.104,-0.363],[0,0],[-0.31,-0.209],[0,0],[-0.245,-0.831],[0,0],[-14.379,3.761],[0,0],[-0.083,-0.312],[0,0],[2.676,-7.622],[0,0],[0.484,-0.141],[0,0],[0.402,0.301],[0,0],[0.439,-0.126],[0,0],[0.327,-0.679],[0,0],[-0.405,-0.317],[0,0],[-0.537,0.154],[0,0],[-0.148,0.539],[0,0],[-0.53,0.152],[0,0],[-0.411,-0.368],[0,0],[-0.429,0.123],[0,0]],"v":[[-108.781,2.764],[-111.448,3.06],[-114.088,-0.137],[-116.281,-12.418],[-116,-13.2],[-106.098,-22.705],[-104.597,-23.136],[-104.86,-24.053],[-95.212,-44.033],[-86.914,-46.784],[-86.914,-46.784],[-84.932,-62.874],[-84.017,-64.392],[-84.863,-66.734],[-87.061,-67.498],[-88.998,-66.746],[-97.553,-50.924],[-97.553,-50.924],[-100.145,-69.508],[-97.271,-74.029],[-71.393,-79.447],[-64.802,-75.115],[-63.409,-74.935],[-33.246,-85.109],[-32.272,-86.029],[-30.752,-89.795],[-17.197,-102.632],[-8.303,-105.46],[-7.321,-106.343],[-4.262,-113.305],[6.849,-123.21],[20.096,-127.008],[39.507,-123.837],[45.903,-119.611],[47.229,-119.407],[73.922,-127.061],[84.861,-125.643],[89.19,-123.157],[90.43,-123.006],[108.077,-128.066],[116.42,-117.825],[111.797,-106.593],[110.756,-105.662],[95.963,-101.42],[94.877,-99.393],[97.813,-90.161],[97.09,-76.787],[90.88,-63.197],[81.146,-54.44],[74.628,-52.393],[73.545,-50.508],[73.761,-49.555],[70.751,-31.306],[67.207,-25.755],[67.017,-24.45],[69.379,-16.215],[61.092,-9.142],[34.94,-24.448],[32.668,-23.721],[20.506,3.382],[18.131,4.044],[4.046,-5.7],[-2.859,-5.775],[-2.859,-5.775],[-9.076,-5.434],[-17.764,-9.987],[-19.887,-9.385],[-21.311,-6.985],[-20.782,-4.808],[-2.006,6.94],[-1.492,9.142],[-5.065,14.92],[-21.232,18.914],[-37.874,9.218],[-40.147,9.954],[-41.891,13.895],[-41.262,15.911],[-6.635,37.122],[-6.048,39.226],[-18.428,63.139],[-18.545,64.318],[-8.892,97.982],[-22.739,126.736],[-27.245,128.241],[-28.583,128.092],[-34.918,124.264],[-41.769,115.18],[-47.462,95.327],[-48.108,94.439],[-58.392,87.527],[-59.036,86.649],[-65.697,64.011],[-67.641,62.913],[-79.779,66.088],[-113.281,44.891],[-115.49,36.626],[-115.453,35.681],[-111.171,23.486],[-95.21,7.988],[-83.235,4.501],[-81.825,4.758],[-73.66,10.88],[-72.256,11.138],[-50.079,4.779],[-49.077,3.934],[-44.139,-6.31],[-44.594,-8.268],[-58.235,-18.96],[-59.666,-19.24],[-68.118,-16.816],[-69.222,-15.701],[-71.014,-9.194],[-72.118,-8.078],[-83.588,-4.789],[-85.1,-5.136],[-93.753,-12.88],[-95.264,-13.227],[-100.933,-11.602],[-101.921,-10.785]],"c":true},"ix":2},"nm":"Path 1","mn":"ADBE Vector Shape - Group","hd":false},{"ty":"fl","c":{"a":0,"k":[1,1,1,1],"ix":4},"o":{"a":0,"k":100,"ix":5},"r":1,"bm":0,"nm":"Fill 1","mn":"ADBE Vector Graphic - Fill","hd":false},{"ty":"tr","p":{"a":0,"k":[431.675,226.838],"ix":2},"a":{"a":0,"k":[0,0],"ix":1},"s":{"a":0,"k":[100,100],"ix":3},"r":{"a":0,"k":0,"ix":6},"o":{"a":0,"k":100,"ix":7},"sk":{"a":0,"k":0,"ix":4},"sa":{"a":0,"k":0,"ix":5},"nm":"Transform"}],"nm":"Group 7","np":2,"cix":2,"bm":0,"ix":7,"mn":"ADBE Vector Group","hd":false},{"ty":"gr","it":[{"ind":0,"ty":"sh","ix":1,"ks":{"a":0,"k":{"i":[[0,0],[0.389,1.357],[0,0],[-6.1,1.749],[0,0],[1.113,-5.322],[0,0],[-0.557,-0.36],[0,0],[-0.445,0.128],[0,0],[0.244,0.851],[0,0],[-1.981,-0.952],[0,0],[-0.378,0.108],[0,0],[2.518,-5.259],[0,0],[4.69,-1.559],[0,0],[-0.237,-0.826],[0,0],[-0.851,0.244],[0,0],[-5.21,-3.731],[0,0],[-0.471,0.135],[0,0],[-3.169,-1.708],[0,0],[-0.403,0.115],[0,0],[-1.462,-5.097],[0,0],[0.187,-0.363],[0,0],[-0.097,-0.38],[0,0],[1.179,0.3],[0,0],[2.103,7.335],[0,0],[0.525,0.156],[0,0],[0.129,0.08],[1.402,4.888],[0,0],[-2.499,4.82],[0,0],[0.667,0.458],[0,0],[0.46,-0.132],[0,0],[0.379,0.222],[0,0],[1.397,4.152],[0,0],[0.413,0.182],[0,0],[2.956,-5.064]],"o":[[-0.711,1.219],[0,0],[-1.885,-6.575],[0,0],[4.934,-1.415],[0,0],[-0.136,0.649],[0,0],[0.389,0.251],[0,0],[0.851,-0.244],[0,0],[-0.633,-2.206],[0,0],[0.354,0.17],[0,0],[5.382,-1.543],[0,0],[-2.223,4.641],[0,0],[-0.816,0.271],[0,0],[0.244,0.851],[0,0],[5.891,-1.689],[0,0],[0.398,0.285],[0,0],[3.34,-0.958],[0,0],[0.369,0.199],[0,0],[4.729,-1.356],[0,0],[0.113,0.393],[0,0],[-0.179,0.348],[0,0],[0.3,1.179],[0,0],[-6.986,-1.778],[0,0],[-0.151,-0.527],[0,0],[-0.146,-0.043],[-4.166,-2.587],[0,0],[-1.553,-5.415],[0,0],[0.372,-0.718],[0,0],[-0.395,-0.271],[0,0],[-0.422,0.121],[0,0],[-3.641,-2.137],[0,0],[-0.144,-0.428],[0,0],[-5.34,-2.35],[0,0]],"v":[[-89.002,-56.666],[-91.928,-57.032],[-94.519,-66.069],[-86.887,-81.142],[-9.836,-103.236],[-1.272,-94.478],[-3.085,-85.809],[-2.386,-84.134],[6.997,-78.07],[8.309,-77.876],[19.939,-81.211],[21.039,-83.194],[17.987,-93.836],[21.371,-96.982],[30.683,-92.504],[31.82,-92.408],[37.817,-94.128],[45.431,-84.249],[24.988,-41.558],[14.211,-31.891],[1.155,-27.55],[0.119,-25.586],[3.117,-15.131],[5.101,-14.032],[7.634,-14.758],[25.128,-11.541],[35.411,-4.178],[36.786,-3.941],[49.175,-7.493],[59.289,-6.328],[74.836,2.053],[76.038,2.183],[79.178,1.282],[90.387,8.056],[94.976,24.058],[94.86,25.234],[69.475,74.518],[69.347,75.648],[75.931,101.484],[73.982,103.433],[68.742,102.1],[53.991,87.311],[42.933,48.747],[41.848,47.651],[31.507,44.585],[31.092,44.4],[22.405,32.742],[19.116,21.274],[20.597,5.273],[22.243,2.099],[21.727,0.039],[12.44,-6.341],[11.09,-6.56],[0.147,-3.423],[-1.106,-3.581],[-38.299,-25.403],[-46.138,-35.188],[-53.789,-57.935],[-54.663,-58.892],[-71.747,-66.409],[-86.046,-61.73]],"c":true},"ix":2},"nm":"Path 1","mn":"ADBE Vector Shape - Group","hd":false},{"ty":"fl","c":{"a":0,"k":[1,1,1,1],"ix":4},"o":{"a":0,"k":100,"ix":5},"r":1,"bm":0,"nm":"Fill 1","mn":"ADBE Vector Graphic - Fill","hd":false},{"ty":"tr","p":{"a":0,"k":[196.75,297.989],"ix":2},"a":{"a":0,"k":[0,0],"ix":1},"s":{"a":0,"k":[100,100],"ix":3},"r":{"a":0,"k":0,"ix":6},"o":{"a":0,"k":100,"ix":7},"sk":{"a":0,"k":0,"ix":4},"sa":{"a":0,"k":0,"ix":5},"nm":"Transform"}],"nm":"Group 8","np":2,"cix":2,"bm":0,"ix":8,"mn":"ADBE Vector Group","hd":false}],"ip":0,"op":210,"st":0,"bm":0},{"ddd":0,"ind":3,"ty":4,"nm":"SVGID 9","td":1,"sr":1,"ks":{"o":{"a":0,"k":100,"ix":11},"r":{"a":0,"k":0,"ix":10},"p":{"a":0,"k":[123.814,124.954,0],"ix":2},"a":{"a":0,"k":[0,0,0],"ix":1},"s":{"a":0,"k":[100,100,100],"ix":6}},"ao":0,"shapes":[{"ty":"gr","it":[{"d":1,"ty":"el","s":{"a":0,"k":[225.395,225.395],"ix":2},"p":{"a":0,"k":[0,0],"ix":3},"nm":"Ellipse Path 1","mn":"ADBE Vector Shape - Ellipse","hd":false},{"ty":"gf","o":{"a":0,"k":100,"ix":10},"r":1,"bm":0,"g":{"p":3,"k":{"a":0,"k":[0,0.38,0.224,0.855,0.5,0.19,0.347,0.855,1,0,0.471,0.855],"ix":9}},"s":{"a":0,"k":[56.52,98.525],"ix":5},"e":{"a":0,"k":[-56.197,-96.706],"ix":6},"t":1,"nm":"Gradient Fill 1","mn":"ADBE Vector Graphic - G-Fill","hd":false},{"ty":"tr","p":{"a":0,"k":[0,0],"ix":2},"a":{"a":0,"k":[0,0],"ix":1},"s":{"a":0,"k":[100,100],"ix":3},"r":{"a":0,"k":0,"ix":6},"o":{"a":0,"k":100,"ix":7},"sk":{"a":0,"k":0,"ix":4},"sa":{"a":0,"k":0,"ix":5},"nm":"Transform"}],"nm":"SVGID","np":2,"cix":2,"bm":0,"ix":1,"mn":"ADBE Vector Group","hd":false}],"ip":0,"op":210,"st":0,"bm":0},{"ddd":0,"ind":4,"ty":4,"nm":"Artwork 8","parent":20,"tt":1,"sr":1,"ks":{"o":{"a":0,"k":20,"ix":11},"r":{"a":0,"k":0,"ix":10},"p":{"a":0,"k":[-126.43,374.994,0],"ix":2},"a":{"a":0,"k":[353.57,249.994,0],"ix":1},"s":{"a":0,"k":[100,100,100],"ix":6}},"ao":0,"shapes":[{"ty":"gr","it":[{"ind":0,"ty":"sh","ix":1,"ks":{"a":0,"k":{"i":[[0,0],[0.389,1.357],[0,0],[-6.1,1.749],[0,0],[1.113,-5.322],[0,0],[-0.557,-0.36],[0,0],[-0.445,0.128],[0,0],[0.244,0.851],[0,0],[-1.981,-0.952],[0,0],[-0.378,0.108],[0,0],[2.518,-5.259],[0,0],[4.69,-1.559],[0,0],[-0.237,-0.826],[0,0],[-0.851,0.244],[0,0],[-5.21,-3.731],[0,0],[-0.471,0.135],[0,0],[-3.169,-1.708],[0,0],[-0.403,0.115],[0,0],[-1.462,-5.097],[0,0],[0.187,-0.363],[0,0],[-0.097,-0.38],[0,0],[1.179,0.3],[0,0],[2.103,7.335],[0,0],[0.525,0.156],[0,0],[0.129,0.08],[1.402,4.888],[0,0],[-2.499,4.82],[0,0],[0.667,0.458],[0,0],[0.46,-0.132],[0,0],[0.379,0.222],[0,0],[1.397,4.152],[0,0],[0.413,0.182],[0,0],[2.956,-5.064]],"o":[[-0.711,1.219],[0,0],[-1.885,-6.575],[0,0],[4.934,-1.415],[0,0],[-0.136,0.649],[0,0],[0.389,0.251],[0,0],[0.851,-0.244],[0,0],[-0.633,-2.206],[0,0],[0.354,0.17],[0,0],[5.382,-1.543],[0,0],[-2.223,4.641],[0,0],[-0.816,0.271],[0,0],[0.244,0.851],[0,0],[5.891,-1.689],[0,0],[0.398,0.285],[0,0],[3.34,-0.958],[0,0],[0.369,0.199],[0,0],[4.729,-1.356],[0,0],[0.113,0.393],[0,0],[-0.179,0.348],[0,0],[0.3,1.179],[0,0],[-6.986,-1.778],[0,0],[-0.151,-0.527],[0,0],[-0.146,-0.043],[-4.166,-2.587],[0,0],[-1.553,-5.415],[0,0],[0.372,-0.718],[0,0],[-0.395,-0.271],[0,0],[-0.422,0.121],[0,0],[-3.641,-2.137],[0,0],[-0.144,-0.428],[0,0],[-5.34,-2.35],[0,0]],"v":[[-89.002,-56.666],[-91.928,-57.032],[-94.519,-66.069],[-86.887,-81.142],[-9.836,-103.236],[-1.272,-94.478],[-3.085,-85.809],[-2.386,-84.134],[6.997,-78.07],[8.309,-77.876],[19.939,-81.211],[21.039,-83.194],[17.987,-93.836],[21.371,-96.982],[30.683,-92.504],[31.82,-92.408],[37.817,-94.128],[45.431,-84.249],[24.988,-41.558],[14.211,-31.891],[1.155,-27.55],[0.119,-25.586],[3.117,-15.131],[5.101,-14.032],[7.634,-14.758],[25.128,-11.541],[35.411,-4.178],[36.786,-3.941],[49.175,-7.493],[59.289,-6.328],[74.836,2.053],[76.038,2.183],[79.178,1.282],[90.387,8.056],[94.976,24.058],[94.86,25.234],[69.475,74.518],[69.347,75.648],[75.931,101.484],[73.982,103.433],[68.742,102.1],[53.991,87.311],[42.933,48.747],[41.848,47.651],[31.507,44.585],[31.092,44.4],[22.405,32.742],[19.116,21.274],[20.597,5.273],[22.243,2.099],[21.727,0.039],[12.44,-6.341],[11.09,-6.56],[0.147,-3.423],[-1.106,-3.581],[-38.299,-25.403],[-46.138,-35.188],[-53.789,-57.935],[-54.663,-58.892],[-71.747,-66.409],[-86.046,-61.73]],"c":true},"ix":2},"nm":"Path 1","mn":"ADBE Vector Shape - Group","hd":false},{"ty":"fl","c":{"a":0,"k":[1,1,1,1],"ix":4},"o":{"a":0,"k":100,"ix":5},"r":1,"bm":0,"nm":"Fill 1","mn":"ADBE Vector Graphic - Fill","hd":false},{"ty":"tr","p":{"a":0,"k":[196.75,297.989],"ix":2},"a":{"a":0,"k":[0,0],"ix":1},"s":{"a":0,"k":[100,100],"ix":3},"r":{"a":0,"k":0,"ix":6},"o":{"a":0,"k":100,"ix":7},"sk":{"a":0,"k":0,"ix":4},"sa":{"a":0,"k":0,"ix":5},"nm":"Transform"}],"nm":"Group 8","np":2,"cix":2,"bm":0,"ix":1,"mn":"ADBE Vector Group","hd":false}],"ip":0,"op":210,"st":0,"bm":0},{"ddd":0,"ind":5,"ty":4,"nm":"SVGID 8","td":1,"sr":1,"ks":{"o":{"a":0,"k":100,"ix":11},"r":{"a":0,"k":0,"ix":10},"p":{"a":0,"k":[123.814,124.954,0],"ix":2},"a":{"a":0,"k":[0,0,0],"ix":1},"s":{"a":0,"k":[100,100,100],"ix":6}},"ao":0,"shapes":[{"ty":"gr","it":[{"d":1,"ty":"el","s":{"a":0,"k":[225.395,225.395],"ix":2},"p":{"a":0,"k":[0,0],"ix":3},"nm":"Ellipse Path 1","mn":"ADBE Vector Shape - Ellipse","hd":false},{"ty":"gf","o":{"a":0,"k":100,"ix":10},"r":1,"bm":0,"g":{"p":3,"k":{"a":0,"k":[0,0.38,0.224,0.855,0.5,0.19,0.347,0.855,1,0,0.471,0.855],"ix":9}},"s":{"a":0,"k":[56.52,98.525],"ix":5},"e":{"a":0,"k":[-56.197,-96.706],"ix":6},"t":1,"nm":"Gradient Fill 1","mn":"ADBE Vector Graphic - G-Fill","hd":false},{"ty":"tr","p":{"a":0,"k":[0,0],"ix":2},"a":{"a":0,"k":[0,0],"ix":1},"s":{"a":0,"k":[100,100],"ix":3},"r":{"a":0,"k":0,"ix":6},"o":{"a":0,"k":100,"ix":7},"sk":{"a":0,"k":0,"ix":4},"sa":{"a":0,"k":0,"ix":5},"nm":"Transform"}],"nm":"SVGID","np":2,"cix":2,"bm":0,"ix":1,"mn":"ADBE Vector Group","hd":false}],"ip":0,"op":210,"st":0,"bm":0},{"ddd":0,"ind":6,"ty":4,"nm":"Artwork 7","parent":20,"tt":1,"sr":1,"ks":{"o":{"a":0,"k":20,"ix":11},"r":{"a":0,"k":0,"ix":10},"p":{"a":0,"k":[-126.43,374.994,0],"ix":2},"a":{"a":0,"k":[353.57,249.994,0],"ix":1},"s":{"a":0,"k":[100,100,100],"ix":6}},"ao":0,"shapes":[{"ty":"gr","it":[{"ind":0,"ty":"sh","ix":1,"ks":{"a":0,"k":{"i":[[0,0],[0.851,-0.244],[0,0],[-1.272,-4.434],[0,0],[-0.851,0.244],[0,0],[1.272,4.434]],"o":[[-0.244,-0.851],[0,0],[-4.114,1.18],[0,0],[0.244,0.851],[0,0],[4.114,-1.18],[0,0]],"v":[[2.149,-9.635],[0.165,-10.734],[0.08,-10.71],[-5.068,-0.544],[-2.149,9.635],[-0.165,10.734],[-0.08,10.71],[5.068,0.544]],"c":true},"ix":2},"nm":"Path 1","mn":"ADBE Vector Shape - Group","hd":false},{"ty":"fl","c":{"a":0,"k":[1,1,1,1],"ix":4},"o":{"a":0,"k":100,"ix":5},"r":1,"bm":0,"nm":"Fill 1","mn":"ADBE Vector Graphic - Fill","hd":false},{"ty":"tr","p":{"a":0,"k":[431.132,310.852],"ix":2},"a":{"a":0,"k":[0,0],"ix":1},"s":{"a":0,"k":[100,100],"ix":3},"r":{"a":0,"k":0,"ix":6},"o":{"a":0,"k":100,"ix":7},"sk":{"a":0,"k":0,"ix":4},"sa":{"a":0,"k":0,"ix":5},"nm":"Transform"}],"nm":"Group 6","np":2,"cix":2,"bm":0,"ix":1,"mn":"ADBE Vector Group","hd":false},{"ty":"gr","it":[{"ind":0,"ty":"sh","ix":1,"ks":{"a":0,"k":{"i":[[0,0],[0.736,0.891],[0,0],[-1.479,4.116],[0,0],[-4.563,1.309],[0,0],[0,0],[-7.84,2.599],[0,0],[0,0],[-2.838,4.708],[0,0],[0.962,0.335],[0,0],[0.374,-0.692],[0,0],[0,0],[-3.69,5.804],[0,0],[-8.885,-5.84],[0,0],[-0.467,0.158],[0,0],[-0.175,0.434],[0,0],[-6.111,1.943],[0,0],[-0.185,0.422],[0,0],[-4.92,1.411],[0,0],[-5.878,-3.884],[0,0],[-0.45,0.129],[0,0],[-3.395,-1.95],[0,0],[-0.417,0.12],[0,0],[2.321,-5.638],[0,0],[0.471,-0.135],[0,0],[-0.274,-0.861],[0,0],[1.881,-4.116],[0,0],[4.278,-1.344],[0,0],[-0.185,-0.814],[0,0],[3.363,-5.27],[0,0],[-0.127,-0.442],[0,0],[4.63,2.71],[0,0],[0.39,-0.87],[0,0],[0.825,0.57],[0,0],[2.058,-1.434],[0,0],[2.028,1.063],[0,0],[0.435,-0.733],[0,0],[-0.738,-0.462],[0,0],[0.464,-0.75],[0,0],[5.718,3.332],[0,0],[0.387,-0.874],[0,0],[-0.685,-0.42],[0,0],[0.377,-0.729],[0,0],[-0.113,-0.394],[0,0],[11.263,-3.762],[0,0],[0.402,0.243],[0,0],[1.098,3.829],[0,0],[0.314,0.211],[0,0],[0.106,0.359],[0,0],[0.838,-0.219],[0,0],[4.135,15.475],[0,0],[-0.107,0.304],[0,0],[-7.388,2.151],[0,0],[-0.404,-0.303],[0,0],[-0.483,0.138],[0,0],[-0.198,0.412],[0,0],[0.593,0.465],[0,0],[0.494,-0.142],[0,0],[0.148,-0.539],[0,0],[0.537,-0.154],[0,0],[0.411,0.368],[0,0],[0.53,-0.152],[0,0],[0.202,-0.398]],"o":[[-0.522,1.031],[0,0],[-2.824,-3.421],[0,0],[1.684,-4.688],[0,0],[0,0],[-2.453,-8.556],[0,0],[0,0],[-1.58,-5.508],[0,0],[0.526,-0.872],[0,0],[-0.743,-0.258],[0,0],[0,0],[-5.164,-4.771],[0,0],[5.647,-8.882],[0,0],[0.412,0.271],[0,0],[0.443,-0.15],[0,0],[2.51,-6.221],[0,0],[0.439,-0.14],[0,0],[2.15,-4.892],[0,0],[6.494,-1.862],[0,0],[0.391,0.258],[0,0],[3.626,-1.04],[0,0],[0.376,0.216],[0,0],[5.604,-1.607],[0,0],[-0.186,0.453],[0,0],[-0.869,0.249],[0,0],[1.417,4.457],[0,0],[-1.943,4.253],[0,0],[-0.797,0.25],[0,0],[1.444,6.366],[0,0],[-0.247,0.388],[0,0],[1.535,5.352],[0,0],[-0.823,-0.482],[0,0],[-0.41,0.915],[0,0],[-2.139,-1.48],[0,0],[-1.828,1.274],[0,0],[-0.755,-0.396],[0,0],[-0.444,0.749],[0,0],[0.748,0.468],[0,0],[-3.463,5.6],[0,0],[-0.826,-0.481],[0,0],[-0.325,0.735],[0,0],[0.7,0.429],[0,0],[-0.188,0.364],[0,0],[3.527,12.301],[0,0],[-0.446,0.149],[0,0],[-3.289,-1.987],[0,0],[-0.104,-0.363],[0,0],[-0.31,-0.209],[0,0],[-0.245,-0.831],[0,0],[-14.379,3.761],[0,0],[-0.083,-0.312],[0,0],[2.676,-7.622],[0,0],[0.484,-0.141],[0,0],[0.402,0.301],[0,0],[0.439,-0.126],[0,0],[0.327,-0.679],[0,0],[-0.405,-0.317],[0,0],[-0.537,0.154],[0,0],[-0.148,0.539],[0,0],[-0.53,0.152],[0,0],[-0.411,-0.368],[0,0],[-0.429,0.123],[0,0]],"v":[[-108.781,2.764],[-111.448,3.06],[-114.088,-0.137],[-116.281,-12.418],[-116,-13.2],[-106.098,-22.705],[-104.597,-23.136],[-104.86,-24.053],[-95.212,-44.033],[-86.914,-46.784],[-86.914,-46.784],[-84.932,-62.874],[-84.017,-64.392],[-84.863,-66.734],[-87.061,-67.498],[-88.998,-66.746],[-97.553,-50.924],[-97.553,-50.924],[-100.145,-69.508],[-97.271,-74.029],[-71.393,-79.447],[-64.802,-75.115],[-63.409,-74.935],[-33.246,-85.109],[-32.272,-86.029],[-30.752,-89.795],[-17.197,-102.632],[-8.303,-105.46],[-7.321,-106.343],[-4.262,-113.305],[6.849,-123.21],[20.096,-127.008],[39.507,-123.837],[45.903,-119.611],[47.229,-119.407],[73.922,-127.061],[84.861,-125.643],[89.19,-123.157],[90.43,-123.006],[108.077,-128.066],[116.42,-117.825],[111.797,-106.593],[110.756,-105.662],[95.963,-101.42],[94.877,-99.393],[97.813,-90.161],[97.09,-76.787],[90.88,-63.197],[81.146,-54.44],[74.628,-52.393],[73.545,-50.508],[73.761,-49.555],[70.751,-31.306],[67.207,-25.755],[67.017,-24.45],[69.379,-16.215],[61.092,-9.142],[34.94,-24.448],[32.668,-23.721],[20.506,3.382],[18.131,4.044],[4.046,-5.7],[-2.859,-5.775],[-2.859,-5.775],[-9.076,-5.434],[-17.764,-9.987],[-19.887,-9.385],[-21.311,-6.985],[-20.782,-4.808],[-2.006,6.94],[-1.492,9.142],[-5.065,14.92],[-21.232,18.914],[-37.874,9.218],[-40.147,9.954],[-41.891,13.895],[-41.262,15.911],[-6.635,37.122],[-6.048,39.226],[-18.428,63.139],[-18.545,64.318],[-8.892,97.982],[-22.739,126.736],[-27.245,128.241],[-28.583,128.092],[-34.918,124.264],[-41.769,115.18],[-47.462,95.327],[-48.108,94.439],[-58.392,87.527],[-59.036,86.649],[-65.697,64.011],[-67.641,62.913],[-79.779,66.088],[-113.281,44.891],[-115.49,36.626],[-115.453,35.681],[-111.171,23.486],[-95.21,7.988],[-83.235,4.501],[-81.825,4.758],[-73.66,10.88],[-72.256,11.138],[-50.079,4.779],[-49.077,3.934],[-44.139,-6.31],[-44.594,-8.268],[-58.235,-18.96],[-59.666,-19.24],[-68.118,-16.816],[-69.222,-15.701],[-71.014,-9.194],[-72.118,-8.078],[-83.588,-4.789],[-85.1,-5.136],[-93.753,-12.88],[-95.264,-13.227],[-100.933,-11.602],[-101.921,-10.785]],"c":true},"ix":2},"nm":"Path 1","mn":"ADBE Vector Shape - Group","hd":false},{"ty":"fl","c":{"a":0,"k":[1,1,1,1],"ix":4},"o":{"a":0,"k":100,"ix":5},"r":1,"bm":0,"nm":"Fill 1","mn":"ADBE Vector Graphic - Fill","hd":false},{"ty":"tr","p":{"a":0,"k":[431.675,226.838],"ix":2},"a":{"a":0,"k":[0,0],"ix":1},"s":{"a":0,"k":[100,100],"ix":3},"r":{"a":0,"k":0,"ix":6},"o":{"a":0,"k":100,"ix":7},"sk":{"a":0,"k":0,"ix":4},"sa":{"a":0,"k":0,"ix":5},"nm":"Transform"}],"nm":"Group 7","np":2,"cix":2,"bm":0,"ix":2,"mn":"ADBE Vector Group","hd":false}],"ip":0,"op":210,"st":0,"bm":0},{"ddd":0,"ind":7,"ty":4,"nm":"SVGID 7","td":1,"sr":1,"ks":{"o":{"a":0,"k":100,"ix":11},"r":{"a":0,"k":0,"ix":10},"p":{"a":0,"k":[123.814,124.954,0],"ix":2},"a":{"a":0,"k":[0,0,0],"ix":1},"s":{"a":0,"k":[100,100,100],"ix":6}},"ao":0,"shapes":[{"ty":"gr","it":[{"d":1,"ty":"el","s":{"a":0,"k":[225.395,225.395],"ix":2},"p":{"a":0,"k":[0,0],"ix":3},"nm":"Ellipse Path 1","mn":"ADBE Vector Shape - Ellipse","hd":false},{"ty":"gf","o":{"a":0,"k":100,"ix":10},"r":1,"bm":0,"g":{"p":3,"k":{"a":0,"k":[0,0.38,0.224,0.855,0.5,0.19,0.347,0.855,1,0,0.471,0.855],"ix":9}},"s":{"a":0,"k":[56.52,98.525],"ix":5},"e":{"a":0,"k":[-56.197,-96.706],"ix":6},"t":1,"nm":"Gradient Fill 1","mn":"ADBE Vector Graphic - G-Fill","hd":false},{"ty":"tr","p":{"a":0,"k":[0,0],"ix":2},"a":{"a":0,"k":[0,0],"ix":1},"s":{"a":0,"k":[100,100],"ix":3},"r":{"a":0,"k":0,"ix":6},"o":{"a":0,"k":100,"ix":7},"sk":{"a":0,"k":0,"ix":4},"sa":{"a":0,"k":0,"ix":5},"nm":"Transform"}],"nm":"SVGID","np":2,"cix":2,"bm":0,"ix":1,"mn":"ADBE Vector Group","hd":false}],"ip":0,"op":210,"st":0,"bm":0},{"ddd":0,"ind":8,"ty":4,"nm":"Artwork 6","parent":20,"tt":1,"sr":1,"ks":{"o":{"a":0,"k":20,"ix":11},"r":{"a":0,"k":0,"ix":10},"p":{"a":0,"k":[-126.43,374.994,0],"ix":2},"a":{"a":0,"k":[353.57,249.994,0],"ix":1},"s":{"a":0,"k":[100,100,100],"ix":6}},"ao":0,"shapes":[{"ty":"gr","it":[{"ind":0,"ty":"sh","ix":1,"ks":{"a":0,"k":{"i":[[0,0],[0,0],[-3.783,1.085],[0,0],[0,0],[3.783,-1.085]],"o":[[0,0],[1.169,4.078],[0,0],[0,0],[-1.169,-4.078],[0,0]],"v":[[-6.495,-9.724],[-2.472,4.305],[6.495,9.724],[6.495,9.724],[2.472,-4.305],[-6.495,-9.724]],"c":true},"ix":2},"nm":"Path 1","mn":"ADBE Vector Shape - Group","hd":false},{"ty":"fl","c":{"a":0,"k":[1,1,1,1],"ix":4},"o":{"a":0,"k":100,"ix":5},"r":1,"bm":0,"nm":"Fill 1","mn":"ADBE Vector Graphic - Fill","hd":false},{"ty":"tr","p":{"a":0,"k":[598.933,277.818],"ix":2},"a":{"a":0,"k":[0,0],"ix":1},"s":{"a":0,"k":[100,100],"ix":3},"r":{"a":0,"k":0,"ix":6},"o":{"a":0,"k":100,"ix":7},"sk":{"a":0,"k":0,"ix":4},"sa":{"a":0,"k":0,"ix":5},"nm":"Transform"}],"nm":"Group 1","np":2,"cix":2,"bm":0,"ix":1,"mn":"ADBE Vector Group","hd":false},{"ty":"gr","it":[{"ind":0,"ty":"sh","ix":1,"ks":{"a":0,"k":{"i":[[2.6,7.888],[0,0],[-0.217,0.396],[0,0],[-3.957,1.135],[0,0],[-4.137,-3.289],[0,0],[-0.092,-0.321],[0,0],[0.851,-0.244],[0,0],[0.392,0.263],[0,0],[0.477,-0.167],[0,0]],"o":[[0,0],[-0.146,-0.427],[0,0],[2.053,-3.742],[0,0],[4.841,-1.388],[0,0],[0.261,0.208],[0,0],[0.244,0.851],[0,0],[-0.454,0.13],[0,0],[-0.419,-0.281],[0,0],[-7.275,2.549]],"v":[[-26.55,9.021],[-29.345,0.876],[-29.235,-0.416],[-23.277,-11.275],[-13.923,-18.865],[-4.639,-21.528],[9.6,-18.512],[21.841,-8.781],[22.385,-7.967],[29.37,16.393],[28.27,18.376],[15.458,22.05],[14.122,21.84],[3.934,15.006],[2.51,14.824],[-8.609,18.721]],"c":true},"ix":2},"nm":"Path 1","mn":"ADBE Vector Shape - Group","hd":false},{"ty":"fl","c":{"a":0,"k":[1,1,1,1],"ix":4},"o":{"a":0,"k":100,"ix":5},"r":1,"bm":0,"nm":"Fill 1","mn":"ADBE Vector Graphic - Fill","hd":false},{"ty":"tr","p":{"a":0,"k":[560.371,271.382],"ix":2},"a":{"a":0,"k":[0,0],"ix":1},"s":{"a":0,"k":[100,100],"ix":3},"r":{"a":0,"k":0,"ix":6},"o":{"a":0,"k":100,"ix":7},"sk":{"a":0,"k":0,"ix":4},"sa":{"a":0,"k":0,"ix":5},"nm":"Transform"}],"nm":"Group 2","np":2,"cix":2,"bm":0,"ix":2,"mn":"ADBE Vector Group","hd":false},{"ty":"gr","it":[{"ind":0,"ty":"sh","ix":1,"ks":{"a":0,"k":{"i":[[0,0],[0.244,0.851],[0,0],[-4.066,1.166],[0,0],[-0.244,-0.851],[0,0],[4.066,-1.166]],"o":[[-0.851,0.244],[0,0],[-1.257,-4.383],[0,0],[0.851,-0.244],[0,0],[1.257,4.383],[0,0]],"v":[[-6.337,7.309],[-8.32,6.21],[-8.513,5.537],[-3.426,-4.51],[6.337,-7.309],[8.32,-6.21],[8.513,-5.537],[3.426,4.51]],"c":true},"ix":2},"nm":"Path 1","mn":"ADBE Vector Shape - Group","hd":false},{"ty":"fl","c":{"a":0,"k":[1,1,1,1],"ix":4},"o":{"a":0,"k":100,"ix":5},"r":1,"bm":0,"nm":"Fill 1","mn":"ADBE Vector Graphic - Fill","hd":false},{"ty":"tr","p":{"a":0,"k":[541.437,237.275],"ix":2},"a":{"a":0,"k":[0,0],"ix":1},"s":{"a":0,"k":[100,100],"ix":3},"r":{"a":0,"k":0,"ix":6},"o":{"a":0,"k":100,"ix":7},"sk":{"a":0,"k":0,"ix":4},"sa":{"a":0,"k":0,"ix":5},"nm":"Transform"}],"nm":"Group 3","np":2,"cix":2,"bm":0,"ix":3,"mn":"ADBE Vector Group","hd":false},{"ty":"gr","it":[{"ind":0,"ty":"sh","ix":1,"ks":{"a":0,"k":{"i":[[0,0],[0.244,0.851],[0,0],[-3.027,0.868],[0,0],[-0.244,-0.851],[0,0],[3.027,-0.868]],"o":[[-0.851,0.244],[0,0],[-0.935,-3.262],[0,0],[0.851,-0.244],[0,0],[0.935,3.262],[0,0]],"v":[[0.518,9.24],[-1.465,8.141],[-4.305,-1.762],[-0.518,-9.24],[-0.518,-9.24],[1.465,-8.141],[4.305,1.762],[0.518,9.24]],"c":true},"ix":2},"nm":"Path 1","mn":"ADBE Vector Shape - Group","hd":false},{"ty":"fl","c":{"a":0,"k":[1,1,1,1],"ix":4},"o":{"a":0,"k":100,"ix":5},"r":1,"bm":0,"nm":"Fill 1","mn":"ADBE Vector Graphic - Fill","hd":false},{"ty":"tr","p":{"a":0,"k":[519.029,221.825],"ix":2},"a":{"a":0,"k":[0,0],"ix":1},"s":{"a":0,"k":[100,100],"ix":3},"r":{"a":0,"k":0,"ix":6},"o":{"a":0,"k":100,"ix":7},"sk":{"a":0,"k":0,"ix":4},"sa":{"a":0,"k":0,"ix":5},"nm":"Transform"}],"nm":"Group 4","np":2,"cix":2,"bm":0,"ix":4,"mn":"ADBE Vector Group","hd":false},{"ty":"gr","it":[{"ind":0,"ty":"sh","ix":1,"ks":{"a":0,"k":{"i":[[0,0],[0,0],[-2.566,1.278],[0,0],[1.069,0.661],[0,0],[2.877,-3.076],[0,0]],"o":[[0,0],[2.593,1.437],[0,0],[1.125,-0.56],[0,0],[-3.658,-2.261],[0,0],[0,0]],"v":[[-12.488,-2.681],[2.873,5.834],[11.058,6.087],[11.97,5.633],[12.098,2.834],[-1.558,-5.606],[-12.622,-4.226],[-12.858,-3.973]],"c":false},"ix":2},"nm":"Path 1","mn":"ADBE Vector Shape - Group","hd":false},{"ty":"fl","c":{"a":0,"k":[1,1,1,1],"ix":4},"o":{"a":0,"k":100,"ix":5},"r":1,"bm":0,"nm":"Fill 1","mn":"ADBE Vector Graphic - Fill","hd":false},{"ty":"tr","p":{"a":0,"k":[506.505,241.666],"ix":2},"a":{"a":0,"k":[0,0],"ix":1},"s":{"a":0,"k":[100,100],"ix":3},"r":{"a":0,"k":0,"ix":6},"o":{"a":0,"k":100,"ix":7},"sk":{"a":0,"k":0,"ix":4},"sa":{"a":0,"k":0,"ix":5},"nm":"Transform"}],"nm":"Group 5","np":2,"cix":2,"bm":0,"ix":5,"mn":"ADBE Vector Group","hd":false},{"ty":"gr","it":[{"ind":0,"ty":"sh","ix":1,"ks":{"a":0,"k":{"i":[[0,0],[0.851,-0.244],[0,0],[-1.272,-4.434],[0,0],[-0.851,0.244],[0,0],[1.272,4.434]],"o":[[-0.244,-0.851],[0,0],[-4.114,1.18],[0,0],[0.244,0.851],[0,0],[4.114,-1.18],[0,0]],"v":[[2.149,-9.635],[0.165,-10.734],[0.08,-10.71],[-5.068,-0.544],[-2.149,9.635],[-0.165,10.734],[-0.08,10.71],[5.068,0.544]],"c":true},"ix":2},"nm":"Path 1","mn":"ADBE Vector Shape - Group","hd":false},{"ty":"fl","c":{"a":0,"k":[1,1,1,1],"ix":4},"o":{"a":0,"k":100,"ix":5},"r":1,"bm":0,"nm":"Fill 1","mn":"ADBE Vector Graphic - Fill","hd":false},{"ty":"tr","p":{"a":0,"k":[431.132,310.852],"ix":2},"a":{"a":0,"k":[0,0],"ix":1},"s":{"a":0,"k":[100,100],"ix":3},"r":{"a":0,"k":0,"ix":6},"o":{"a":0,"k":100,"ix":7},"sk":{"a":0,"k":0,"ix":4},"sa":{"a":0,"k":0,"ix":5},"nm":"Transform"}],"nm":"Group 6","np":2,"cix":2,"bm":0,"ix":6,"mn":"ADBE Vector Group","hd":false}],"ip":0,"op":210,"st":0,"bm":0},{"ddd":0,"ind":9,"ty":4,"nm":"SVGID 10","td":1,"sr":1,"ks":{"o":{"a":0,"k":100,"ix":11},"r":{"a":0,"k":0,"ix":10},"p":{"a":0,"k":[123.814,124.954,0],"ix":2},"a":{"a":0,"k":[0,0,0],"ix":1},"s":{"a":0,"k":[100,100,100],"ix":6}},"ao":0,"shapes":[{"ty":"gr","it":[{"d":1,"ty":"el","s":{"a":0,"k":[225.395,225.395],"ix":2},"p":{"a":0,"k":[0,0],"ix":3},"nm":"Ellipse Path 1","mn":"ADBE Vector Shape - Ellipse","hd":false},{"ty":"gf","o":{"a":0,"k":100,"ix":10},"r":1,"bm":0,"g":{"p":3,"k":{"a":0,"k":[0,0.38,0.224,0.855,0.5,0.19,0.347,0.855,1,0,0.471,0.855],"ix":9}},"s":{"a":0,"k":[56.52,98.525],"ix":5},"e":{"a":0,"k":[-56.197,-96.706],"ix":6},"t":1,"nm":"Gradient Fill 1","mn":"ADBE Vector Graphic - G-Fill","hd":false},{"ty":"tr","p":{"a":0,"k":[0,0],"ix":2},"a":{"a":0,"k":[0,0],"ix":1},"s":{"a":0,"k":[100,100],"ix":3},"r":{"a":0,"k":0,"ix":6},"o":{"a":0,"k":100,"ix":7},"sk":{"a":0,"k":0,"ix":4},"sa":{"a":0,"k":0,"ix":5},"nm":"Transform"}],"nm":"SVGID","np":2,"cix":2,"bm":0,"ix":1,"mn":"ADBE Vector Group","hd":false}],"ip":0,"op":225,"st":15,"bm":0},{"ddd":0,"ind":10,"ty":4,"nm":"Artwork 5","parent":20,"tt":1,"sr":1,"ks":{"o":{"a":1,"k":[{"i":{"x":[0.45],"y":[1]},"o":{"x":[0.167],"y":[0.167]},"t":42,"s":[60]},{"t":62,"s":[20]}],"ix":11},"r":{"a":0,"k":0,"ix":10},"p":{"a":0,"k":[353.57,249.994,0],"ix":2},"a":{"a":0,"k":[353.57,249.994,0],"ix":1},"s":{"a":0,"k":[100,100,100],"ix":6}},"ao":0,"shapes":[{"ty":"gr","it":[{"ind":0,"ty":"sh","ix":1,"ks":{"a":0,"k":{"i":[[0,0],[0.389,1.357],[0,0],[-6.1,1.749],[0,0],[1.113,-5.322],[0,0],[-0.557,-0.36],[0,0],[-0.445,0.128],[0,0],[0.244,0.851],[0,0],[-1.981,-0.952],[0,0],[-0.378,0.108],[0,0],[2.518,-5.259],[0,0],[4.69,-1.559],[0,0],[-0.237,-0.826],[0,0],[-0.851,0.244],[0,0],[-5.21,-3.731],[0,0],[2.832,-1.315],[0,0],[0.667,0.458],[0,0],[0.46,-0.132],[0,0],[0.379,0.222],[0,0],[1.397,4.152],[0,0],[0.413,0.182],[0,0],[2.956,-5.064]],"o":[[-0.711,1.219],[0,0],[-1.885,-6.575],[0,0],[4.934,-1.415],[0,0],[-0.136,0.649],[0,0],[0.389,0.251],[0,0],[0.851,-0.244],[0,0],[-0.633,-2.206],[0,0],[0.354,0.17],[0,0],[5.382,-1.543],[0,0],[-2.223,4.641],[0,0],[-0.816,0.271],[0,0],[0.244,0.851],[0,0],[5.891,-1.689],[0,0],[0.173,0.124],[-3.703,1.719],[0.372,-0.718],[0,0],[-0.395,-0.271],[0,0],[-0.422,0.121],[0,0],[-3.641,-2.137],[0,0],[-0.144,-0.428],[0,0],[-5.34,-2.35],[0,0]],"v":[[-89.002,-56.666],[-91.928,-57.032],[-94.519,-66.069],[-86.887,-81.142],[-9.836,-103.236],[-1.272,-94.478],[-3.085,-85.809],[-2.386,-84.134],[6.997,-78.07],[8.309,-77.876],[19.939,-81.211],[21.039,-83.194],[17.987,-93.836],[21.371,-96.982],[30.683,-92.504],[31.82,-92.408],[37.817,-94.128],[45.431,-84.249],[24.988,-41.558],[14.211,-31.891],[1.155,-27.55],[0.12,-25.586],[3.117,-15.131],[5.101,-14.032],[7.634,-14.758],[25.128,-11.541],[35.411,-4.178],[27.551,-0.794],[22.243,2.099],[21.727,0.039],[12.44,-6.341],[11.09,-6.56],[0.147,-3.423],[-1.106,-3.581],[-38.299,-25.403],[-46.138,-35.188],[-53.789,-57.935],[-54.663,-58.892],[-71.747,-66.409],[-86.046,-61.73]],"c":true},"ix":2},"nm":"Path 1","mn":"ADBE Vector Shape - Group","hd":false},{"ty":"fl","c":{"a":0,"k":[1,1,1,1],"ix":4},"o":{"a":0,"k":100,"ix":5},"r":1,"bm":0,"nm":"Fill 1","mn":"ADBE Vector Graphic - Fill","hd":false},{"ty":"tr","p":{"a":0,"k":[196.75,297.989],"ix":2},"a":{"a":0,"k":[0,0],"ix":1},"s":{"a":0,"k":[100,100],"ix":3},"r":{"a":0,"k":0,"ix":6},"o":{"a":0,"k":100,"ix":7},"sk":{"a":0,"k":0,"ix":4},"sa":{"a":0,"k":0,"ix":5},"nm":"Transform"}],"nm":"Group 8","np":2,"cix":2,"bm":0,"ix":1,"mn":"ADBE Vector Group","hd":false}],"ip":0,"op":215,"st":5,"bm":0},{"ddd":0,"ind":11,"ty":4,"nm":"SVGID 5","td":1,"sr":1,"ks":{"o":{"a":0,"k":100,"ix":11},"r":{"a":0,"k":0,"ix":10},"p":{"a":0,"k":[123.814,124.954,0],"ix":2},"a":{"a":0,"k":[0,0,0],"ix":1},"s":{"a":0,"k":[100,100,100],"ix":6}},"ao":0,"shapes":[{"ty":"gr","it":[{"d":1,"ty":"el","s":{"a":0,"k":[225.395,225.395],"ix":2},"p":{"a":0,"k":[0,0],"ix":3},"nm":"Ellipse Path 1","mn":"ADBE Vector Shape - Ellipse","hd":false},{"ty":"gf","o":{"a":0,"k":100,"ix":10},"r":1,"bm":0,"g":{"p":3,"k":{"a":0,"k":[0,0.38,0.224,0.855,0.5,0.19,0.347,0.855,1,0,0.471,0.855],"ix":9}},"s":{"a":0,"k":[56.52,98.525],"ix":5},"e":{"a":0,"k":[-56.197,-96.706],"ix":6},"t":1,"nm":"Gradient Fill 1","mn":"ADBE Vector Graphic - G-Fill","hd":false},{"ty":"tr","p":{"a":0,"k":[0,0],"ix":2},"a":{"a":0,"k":[0,0],"ix":1},"s":{"a":0,"k":[100,100],"ix":3},"r":{"a":0,"k":0,"ix":6},"o":{"a":0,"k":100,"ix":7},"sk":{"a":0,"k":0,"ix":4},"sa":{"a":0,"k":0,"ix":5},"nm":"Transform"}],"nm":"SVGID","np":2,"cix":2,"bm":0,"ix":1,"mn":"ADBE Vector Group","hd":false}],"ip":0,"op":215,"st":5,"bm":0},{"ddd":0,"ind":12,"ty":4,"nm":"Artwork 9","parent":20,"tt":1,"sr":1,"ks":{"o":{"a":1,"k":[{"i":{"x":[0.45],"y":[1]},"o":{"x":[0.167],"y":[0.167]},"t":34,"s":[60]},{"t":62,"s":[20]}],"ix":11},"r":{"a":0,"k":0,"ix":10},"p":{"a":0,"k":[253.39,345.732,0],"ix":2},"a":{"a":0,"k":[253.39,345.732,0],"ix":1},"s":{"a":0,"k":[100,100,100],"ix":6}},"ao":0,"shapes":[{"ty":"gr","it":[{"ind":0,"ty":"sh","ix":1,"ks":{"a":0,"k":{"i":[[0,0],[-0.471,0.135],[0,0],[-3.169,-1.708],[0,0],[-0.403,0.115],[0,0],[-1.462,-5.097],[0,0],[0.187,-0.363],[0,0],[-0.097,-0.38],[0,0],[1.179,0.3],[0,0],[2.103,7.335],[0,0],[0.525,0.156],[0,0],[0.129,0.08],[1.402,4.888],[0,0],[-2.499,4.82],[0,0]],"o":[[0.398,0.285],[0,0],[3.34,-0.958],[0,0],[0.369,0.199],[0,0],[4.729,-1.356],[0,0],[0.113,0.393],[0,0],[-0.179,0.348],[0,0],[0.3,1.179],[0,0],[-6.986,-1.778],[0,0],[-0.151,-0.527],[0,0],[-0.146,-0.043],[-4.166,-2.587],[0,0],[-1.553,-5.415],[0,0],[0.372,-0.718]],"v":[[35.411,-4.178],[36.786,-3.941],[49.175,-7.493],[59.289,-6.328],[74.836,2.053],[76.038,2.183],[79.178,1.282],[90.387,8.056],[94.976,24.058],[94.86,25.234],[69.475,74.518],[69.347,75.648],[75.931,101.484],[73.982,103.433],[68.742,102.1],[53.991,87.311],[42.933,48.747],[41.848,47.651],[31.507,44.585],[31.092,44.4],[22.405,32.742],[19.116,21.274],[20.597,5.273],[22.243,2.099]],"c":true},"ix":2},"nm":"Path 1","mn":"ADBE Vector Shape - Group","hd":false},{"ty":"fl","c":{"a":0,"k":[1,1,1,1],"ix":4},"o":{"a":0,"k":100,"ix":5},"r":1,"bm":0,"nm":"Fill 1","mn":"ADBE Vector Graphic - Fill","hd":false},{"ty":"tr","p":{"a":0,"k":[196.75,297.989],"ix":2},"a":{"a":0,"k":[0,0],"ix":1},"s":{"a":0,"k":[100,100],"ix":3},"r":{"a":0,"k":0,"ix":6},"o":{"a":0,"k":100,"ix":7},"sk":{"a":0,"k":0,"ix":4},"sa":{"a":0,"k":0,"ix":5},"nm":"Transform"}],"nm":"Group 8","np":2,"cix":2,"bm":0,"ix":1,"mn":"ADBE Vector Group","hd":false}],"ip":0,"op":210,"st":0,"bm":0},{"ddd":0,"ind":13,"ty":4,"nm":"SVGID 6","td":1,"sr":1,"ks":{"o":{"a":0,"k":100,"ix":11},"r":{"a":0,"k":0,"ix":10},"p":{"a":0,"k":[123.814,124.954,0],"ix":2},"a":{"a":0,"k":[0,0,0],"ix":1},"s":{"a":0,"k":[100,100,100],"ix":6}},"ao":0,"shapes":[{"ty":"gr","it":[{"d":1,"ty":"el","s":{"a":0,"k":[225.395,225.395],"ix":2},"p":{"a":0,"k":[0,0],"ix":3},"nm":"Ellipse Path 1","mn":"ADBE Vector Shape - Ellipse","hd":false},{"ty":"gf","o":{"a":0,"k":100,"ix":10},"r":1,"bm":0,"g":{"p":3,"k":{"a":0,"k":[0,0.38,0.224,0.855,0.5,0.19,0.347,0.855,1,0,0.471,0.855],"ix":9}},"s":{"a":0,"k":[56.52,98.525],"ix":5},"e":{"a":0,"k":[-56.197,-96.706],"ix":6},"t":1,"nm":"Gradient Fill 1","mn":"ADBE Vector Graphic - G-Fill","hd":false},{"ty":"tr","p":{"a":0,"k":[0,0],"ix":2},"a":{"a":0,"k":[0,0],"ix":1},"s":{"a":0,"k":[100,100],"ix":3},"r":{"a":0,"k":0,"ix":6},"o":{"a":0,"k":100,"ix":7},"sk":{"a":0,"k":0,"ix":4},"sa":{"a":0,"k":0,"ix":5},"nm":"Transform"}],"nm":"SVGID","np":2,"cix":2,"bm":0,"ix":1,"mn":"ADBE Vector Group","hd":false}],"ip":0,"op":200,"st":-10,"bm":0},{"ddd":0,"ind":14,"ty":4,"nm":"Artwork 4","parent":20,"tt":1,"sr":1,"ks":{"o":{"a":1,"k":[{"i":{"x":[0.45],"y":[1]},"o":{"x":[0.167],"y":[0.167]},"t":26,"s":[60]},{"t":46,"s":[20]}],"ix":11},"r":{"a":0,"k":0,"ix":10},"p":{"a":0,"k":[353.57,249.994,0],"ix":2},"a":{"a":0,"k":[353.57,249.994,0],"ix":1},"s":{"a":0,"k":[100,100,100],"ix":6}},"ao":0,"shapes":[{"ty":"gr","it":[{"ind":0,"ty":"sh","ix":1,"ks":{"a":0,"k":{"i":[[0,0]],"o":[[0,0]],"v":[[508.577,101.788]],"c":false},"ix":2},"nm":"Path 1","mn":"ADBE Vector Shape - Group","hd":false},{"ty":"fl","c":{"a":0,"k":[1,1,1,1],"ix":4},"o":{"a":0,"k":100,"ix":5},"r":1,"bm":0,"nm":"Fill 1","mn":"ADBE Vector Graphic - Fill","hd":false},{"ty":"tr","p":{"a":0,"k":[0,0],"ix":2},"a":{"a":0,"k":[0,0],"ix":1},"s":{"a":0,"k":[100,100],"ix":3},"r":{"a":0,"k":0,"ix":6},"o":{"a":0,"k":100,"ix":7},"sk":{"a":0,"k":0,"ix":4},"sa":{"a":0,"k":0,"ix":5},"nm":"Transform"}],"nm":"Shape 1","np":3,"cix":2,"bm":0,"ix":1,"mn":"ADBE Vector Group","hd":false},{"ty":"gr","it":[{"ind":0,"ty":"sh","ix":1,"ks":{"a":0,"k":{"i":[[0,0],[0.851,-0.244],[0,0],[-1.272,-4.434],[0,0],[-0.851,0.244],[0,0],[1.272,4.434]],"o":[[-0.244,-0.851],[0,0],[-4.114,1.18],[0,0],[0.244,0.851],[0,0],[4.114,-1.18],[0,0]],"v":[[2.149,-9.635],[0.165,-10.734],[0.08,-10.71],[-5.068,-0.544],[-2.149,9.635],[-0.165,10.734],[-0.08,10.71],[5.068,0.544]],"c":true},"ix":2},"nm":"Path 1","mn":"ADBE Vector Shape - Group","hd":false},{"ty":"fl","c":{"a":0,"k":[1,1,1,1],"ix":4},"o":{"a":0,"k":100,"ix":5},"r":1,"bm":0,"nm":"Fill 1","mn":"ADBE Vector Graphic - Fill","hd":false},{"ty":"tr","p":{"a":0,"k":[431.132,310.852],"ix":2},"a":{"a":0,"k":[0,0],"ix":1},"s":{"a":0,"k":[100,100],"ix":3},"r":{"a":0,"k":0,"ix":6},"o":{"a":0,"k":100,"ix":7},"sk":{"a":0,"k":0,"ix":4},"sa":{"a":0,"k":0,"ix":5},"nm":"Transform"}],"nm":"Group 6","np":2,"cix":2,"bm":0,"ix":2,"mn":"ADBE Vector Group","hd":false},{"ty":"gr","it":[{"ind":0,"ty":"sh","ix":1,"ks":{"a":0,"k":{"i":[[-0.685,-0.42],[0,0],[0.377,-0.729],[0,0],[-0.113,-0.394],[0,0],[11.263,-3.762],[0,0],[0.402,0.243],[0,0],[1.098,3.829],[0,0],[0.314,0.211],[0,0],[0.106,0.359],[0,0],[0.838,-0.219],[0,0],[4.135,15.475],[0,0],[-0.107,0.304],[0,0],[-7.388,2.151],[0,0],[-0.404,-0.303],[0,0],[-0.483,0.138],[0,0]],"o":[[0,0],[0.7,0.429],[0,0],[-0.188,0.364],[0,0],[3.527,12.301],[0,0],[-0.446,0.149],[0,0],[-3.289,-1.987],[0,0],[-0.104,-0.363],[0,0],[-0.31,-0.209],[0,0],[-0.245,-0.831],[0,0],[-14.379,3.761],[0,0],[-0.083,-0.312],[0,0],[2.676,-7.622],[0,0],[0.484,-0.141],[0,0],[0.402,0.301],[0,0],[0.439,-0.126]],"v":[[-41.262,15.911],[-6.635,37.122],[-6.048,39.226],[-18.428,63.139],[-18.545,64.318],[-8.892,97.982],[-22.739,126.736],[-27.245,128.241],[-28.583,128.092],[-34.918,124.264],[-41.769,115.18],[-47.462,95.327],[-48.108,94.439],[-58.392,87.527],[-59.036,86.649],[-65.697,64.011],[-67.641,62.913],[-79.779,66.088],[-113.281,44.891],[-115.49,36.626],[-115.453,35.681],[-111.171,23.486],[-95.21,7.988],[-83.235,4.501],[-81.825,4.758],[-73.66,10.88],[-72.256,11.138],[-50.079,4.779]],"c":true},"ix":2},"nm":"Path 1","mn":"ADBE Vector Shape - Group","hd":false},{"ty":"fl","c":{"a":0,"k":[1,1,1,1],"ix":4},"o":{"a":0,"k":100,"ix":5},"r":1,"bm":0,"nm":"Fill 1","mn":"ADBE Vector Graphic - Fill","hd":false},{"ty":"tr","p":{"a":0,"k":[431.675,226.838],"ix":2},"a":{"a":0,"k":[0,0],"ix":1},"s":{"a":0,"k":[100,100],"ix":3},"r":{"a":0,"k":0,"ix":6},"o":{"a":0,"k":100,"ix":7},"sk":{"a":0,"k":0,"ix":4},"sa":{"a":0,"k":0,"ix":5},"nm":"Transform"}],"nm":"Group 7","np":2,"cix":2,"bm":0,"ix":3,"mn":"ADBE Vector Group","hd":false}],"ip":0,"op":215,"st":5,"bm":0},{"ddd":0,"ind":15,"ty":4,"nm":"SVGID 11","td":1,"sr":1,"ks":{"o":{"a":0,"k":100,"ix":11},"r":{"a":0,"k":0,"ix":10},"p":{"a":0,"k":[123.814,124.954,0],"ix":2},"a":{"a":0,"k":[0,0,0],"ix":1},"s":{"a":0,"k":[100,100,100],"ix":6}},"ao":0,"shapes":[{"ty":"gr","it":[{"d":1,"ty":"el","s":{"a":0,"k":[225.395,225.395],"ix":2},"p":{"a":0,"k":[0,0],"ix":3},"nm":"Ellipse Path 1","mn":"ADBE Vector Shape - Ellipse","hd":false},{"ty":"gf","o":{"a":0,"k":100,"ix":10},"r":1,"bm":0,"g":{"p":3,"k":{"a":0,"k":[0,0.38,0.224,0.855,0.5,0.19,0.347,0.855,1,0,0.471,0.855],"ix":9}},"s":{"a":0,"k":[56.52,98.525],"ix":5},"e":{"a":0,"k":[-56.197,-96.706],"ix":6},"t":1,"nm":"Gradient Fill 1","mn":"ADBE Vector Graphic - G-Fill","hd":false},{"ty":"tr","p":{"a":0,"k":[0,0],"ix":2},"a":{"a":0,"k":[0,0],"ix":1},"s":{"a":0,"k":[100,100],"ix":3},"r":{"a":0,"k":0,"ix":6},"o":{"a":0,"k":100,"ix":7},"sk":{"a":0,"k":0,"ix":4},"sa":{"a":0,"k":0,"ix":5},"nm":"Transform"}],"nm":"SVGID","np":2,"cix":2,"bm":0,"ix":1,"mn":"ADBE Vector Group","hd":false}],"ip":0,"op":210,"st":0,"bm":0},{"ddd":0,"ind":16,"ty":4,"nm":"Artwork 10","parent":20,"tt":1,"sr":1,"ks":{"o":{"a":1,"k":[{"i":{"x":[0.45],"y":[1]},"o":{"x":[0.167],"y":[0.167]},"t":23,"s":[60]},{"t":43,"s":[20]}],"ix":11},"r":{"a":0,"k":0,"ix":10},"p":{"a":0,"k":[353.57,249.994,0],"ix":2},"a":{"a":0,"k":[353.57,249.994,0],"ix":1},"s":{"a":0,"k":[100,100,100],"ix":6}},"ao":0,"shapes":[{"ty":"gr","it":[{"ty":"fl","c":{"a":0,"k":[1,1,1,1],"ix":4},"o":{"a":0,"k":100,"ix":5},"r":1,"bm":0,"nm":"Fill 1","mn":"ADBE Vector Graphic - Fill","hd":false},{"ty":"tr","p":{"a":0,"k":[431.132,310.852],"ix":2},"a":{"a":0,"k":[0,0],"ix":1},"s":{"a":0,"k":[100,100],"ix":3},"r":{"a":0,"k":0,"ix":6},"o":{"a":0,"k":100,"ix":7},"sk":{"a":0,"k":0,"ix":4},"sa":{"a":0,"k":0,"ix":5},"nm":"Transform"}],"nm":"Group 6","np":1,"cix":2,"bm":0,"ix":1,"mn":"ADBE Vector Group","hd":false},{"ty":"gr","it":[{"ind":0,"ty":"sh","ix":1,"ks":{"a":0,"k":{"i":[[0,0],[0.736,0.891],[0,0],[-1.479,4.116],[0,0],[-4.563,1.309],[0,0],[0,0],[-7.84,2.599],[0,0],[0,0],[-2.838,4.708],[0,0],[0.962,0.335],[0,0],[0.374,-0.692],[0,0],[0,0],[-3.69,5.804],[0,0],[-8.885,-5.84],[0,0],[-0.467,0.158],[0,0],[-0.175,0.434],[0,0],[-6.111,1.943],[0,0],[-0.185,0.422],[0,0],[-4.92,1.411],[0,0],[-5.878,-3.884],[0,0],[-0.45,0.129],[0,0],[-3.395,-1.95],[0,0],[-0.417,0.12],[0,0],[2.321,-5.638],[0,0],[0.471,-0.135],[0,0],[-0.274,-0.861],[0,0],[1.881,-4.116],[0,0],[4.278,-1.344],[0,0],[-0.185,-0.814],[0,0],[3.363,-5.27],[0,0],[-0.127,-0.442],[0,0],[4.63,2.71],[0,0],[0.39,-0.87],[0,0],[0.825,0.57],[0,0],[2.058,-1.434],[0,0],[2.028,1.063],[0,0],[0.435,-0.733],[0,0],[-0.738,-0.462],[0,0],[0.464,-0.75],[0,0],[5.718,3.332],[0,0],[0.387,-0.874],[0,0],[-0.685,-0.42],[0,0],[-0.198,0.412],[0,0],[0.593,0.465],[0,0],[0.494,-0.142],[0,0],[0.148,-0.539],[0,0],[0.537,-0.154],[0,0],[0.411,0.368],[0,0],[0.53,-0.152],[0,0],[0.202,-0.398]],"o":[[-0.522,1.031],[0,0],[-2.824,-3.421],[0,0],[1.684,-4.688],[0,0],[0,0],[-2.453,-8.556],[0,0],[0,0],[-1.58,-5.508],[0,0],[0.526,-0.872],[0,0],[-0.743,-0.258],[0,0],[0,0],[-5.164,-4.771],[0,0],[5.647,-8.882],[0,0],[0.412,0.271],[0,0],[0.443,-0.15],[0,0],[2.51,-6.221],[0,0],[0.439,-0.14],[0,0],[2.15,-4.892],[0,0],[6.494,-1.862],[0,0],[0.391,0.258],[0,0],[3.626,-1.04],[0,0],[0.376,0.216],[0,0],[5.604,-1.607],[0,0],[-0.186,0.453],[0,0],[-0.869,0.249],[0,0],[1.417,4.457],[0,0],[-1.943,4.253],[0,0],[-0.797,0.25],[0,0],[1.444,6.366],[0,0],[-0.247,0.388],[0,0],[1.535,5.352],[0,0],[-0.823,-0.482],[0,0],[-0.41,0.915],[0,0],[-2.139,-1.48],[0,0],[-1.828,1.274],[0,0],[-0.755,-0.396],[0,0],[-0.444,0.749],[0,0],[0.748,0.468],[0,0],[-3.463,5.6],[0,0],[-0.826,-0.481],[0,0],[-0.325,0.735],[0,0],[0.439,-0.126],[0,0],[0.327,-0.679],[0,0],[-0.405,-0.317],[0,0],[-0.537,0.154],[0,0],[-0.148,0.539],[0,0],[-0.53,0.152],[0,0],[-0.411,-0.368],[0,0],[-0.429,0.123],[0,0]],"v":[[-108.781,2.764],[-111.448,3.06],[-114.088,-0.137],[-116.281,-12.418],[-116,-13.2],[-106.098,-22.705],[-104.597,-23.136],[-104.86,-24.053],[-95.212,-44.033],[-86.914,-46.784],[-86.914,-46.784],[-84.932,-62.874],[-84.017,-64.392],[-84.863,-66.734],[-87.061,-67.498],[-88.998,-66.746],[-97.553,-50.924],[-97.553,-50.924],[-100.145,-69.508],[-97.271,-74.029],[-71.393,-79.447],[-64.802,-75.115],[-63.409,-74.935],[-33.246,-85.109],[-32.272,-86.029],[-30.752,-89.795],[-17.197,-102.632],[-8.303,-105.46],[-7.321,-106.343],[-4.262,-113.305],[6.849,-123.21],[20.096,-127.008],[39.507,-123.837],[45.903,-119.611],[47.229,-119.407],[73.922,-127.061],[84.861,-125.643],[89.19,-123.157],[90.43,-123.006],[108.077,-128.066],[116.42,-117.825],[111.797,-106.593],[110.756,-105.662],[95.963,-101.42],[94.877,-99.393],[97.813,-90.161],[97.09,-76.787],[90.88,-63.197],[81.146,-54.44],[74.628,-52.393],[73.545,-50.508],[73.761,-49.555],[70.751,-31.306],[67.207,-25.755],[67.017,-24.45],[69.379,-16.215],[61.092,-9.142],[34.94,-24.448],[32.668,-23.721],[20.506,3.382],[18.131,4.044],[4.046,-5.7],[-2.859,-5.775],[-2.859,-5.775],[-9.076,-5.434],[-17.764,-9.987],[-19.887,-9.385],[-21.311,-6.985],[-20.782,-4.808],[-2.006,6.94],[-1.492,9.142],[-5.065,14.92],[-21.232,18.914],[-37.874,9.218],[-40.147,9.954],[-41.891,13.895],[-41.262,15.911],[-50.079,4.779],[-49.077,3.934],[-44.139,-6.31],[-44.594,-8.268],[-58.235,-18.96],[-59.666,-19.24],[-68.118,-16.816],[-69.222,-15.701],[-71.014,-9.194],[-72.118,-8.078],[-83.588,-4.789],[-85.1,-5.136],[-93.753,-12.88],[-95.264,-13.227],[-100.933,-11.602],[-101.921,-10.785]],"c":true},"ix":2},"nm":"Path 1","mn":"ADBE Vector Shape - Group","hd":false},{"ty":"fl","c":{"a":0,"k":[1,1,1,1],"ix":4},"o":{"a":0,"k":100,"ix":5},"r":1,"bm":0,"nm":"Fill 1","mn":"ADBE Vector Graphic - Fill","hd":false},{"ty":"tr","p":{"a":0,"k":[431.675,226.838],"ix":2},"a":{"a":0,"k":[0,0],"ix":1},"s":{"a":0,"k":[100,100],"ix":3},"r":{"a":0,"k":0,"ix":6},"o":{"a":0,"k":100,"ix":7},"sk":{"a":0,"k":0,"ix":4},"sa":{"a":0,"k":0,"ix":5},"nm":"Transform"}],"nm":"Group 7","np":2,"cix":2,"bm":0,"ix":2,"mn":"ADBE Vector Group","hd":false}],"ip":0,"op":210,"st":0,"bm":0},{"ddd":0,"ind":17,"ty":4,"nm":"SVGID 4","td":1,"sr":1,"ks":{"o":{"a":0,"k":100,"ix":11},"r":{"a":0,"k":0,"ix":10},"p":{"a":0,"k":[123.814,124.954,0],"ix":2},"a":{"a":0,"k":[0,0,0],"ix":1},"s":{"a":0,"k":[100,100,100],"ix":6}},"ao":0,"shapes":[{"ty":"gr","it":[{"d":1,"ty":"el","s":{"a":0,"k":[225.395,225.395],"ix":2},"p":{"a":0,"k":[0,0],"ix":3},"nm":"Ellipse Path 1","mn":"ADBE Vector Shape - Ellipse","hd":false},{"ty":"gf","o":{"a":0,"k":100,"ix":10},"r":1,"bm":0,"g":{"p":3,"k":{"a":0,"k":[0,0.38,0.224,0.855,0.5,0.19,0.347,0.855,1,0,0.471,0.855],"ix":9}},"s":{"a":0,"k":[56.52,98.525],"ix":5},"e":{"a":0,"k":[-56.197,-96.706],"ix":6},"t":1,"nm":"Gradient Fill 1","mn":"ADBE Vector Graphic - G-Fill","hd":false},{"ty":"tr","p":{"a":0,"k":[0,0],"ix":2},"a":{"a":0,"k":[0,0],"ix":1},"s":{"a":0,"k":[100,100],"ix":3},"r":{"a":0,"k":0,"ix":6},"o":{"a":0,"k":100,"ix":7},"sk":{"a":0,"k":0,"ix":4},"sa":{"a":0,"k":0,"ix":5},"nm":"Transform"}],"nm":"SVGID","np":2,"cix":2,"bm":0,"ix":1,"mn":"ADBE Vector Group","hd":false}],"ip":0,"op":210,"st":0,"bm":0},{"ddd":0,"ind":18,"ty":4,"nm":"Artwork 3","parent":20,"tt":1,"sr":1,"ks":{"o":{"a":1,"k":[{"i":{"x":[0],"y":[1]},"o":{"x":[0.167],"y":[0.167]},"t":15,"s":[60]},{"t":35,"s":[20]}],"ix":11},"r":{"a":0,"k":0,"ix":10},"p":{"a":0,"k":[353.57,249.994,0],"ix":2},"a":{"a":0,"k":[353.57,249.994,0],"ix":1},"s":{"a":0,"k":[100,100,100],"ix":6}},"ao":0,"shapes":[{"ty":"gr","it":[{"ind":0,"ty":"sh","ix":1,"ks":{"a":0,"k":{"i":[[0,0],[0,0],[-3.783,1.085],[0,0],[0,0],[3.783,-1.085]],"o":[[0,0],[1.169,4.078],[0,0],[0,0],[-1.169,-4.078],[0,0]],"v":[[-6.495,-9.724],[-2.472,4.305],[6.495,9.724],[6.495,9.724],[2.472,-4.305],[-6.495,-9.724]],"c":true},"ix":2},"nm":"Path 1","mn":"ADBE Vector Shape - Group","hd":false},{"ty":"fl","c":{"a":0,"k":[1,1,1,1],"ix":4},"o":{"a":0,"k":100,"ix":5},"r":1,"bm":0,"nm":"Fill 1","mn":"ADBE Vector Graphic - Fill","hd":false},{"ty":"tr","p":{"a":0,"k":[598.933,277.818],"ix":2},"a":{"a":0,"k":[0,0],"ix":1},"s":{"a":0,"k":[100,100],"ix":3},"r":{"a":0,"k":0,"ix":6},"o":{"a":0,"k":100,"ix":7},"sk":{"a":0,"k":0,"ix":4},"sa":{"a":0,"k":0,"ix":5},"nm":"Transform"}],"nm":"Group 1","np":2,"cix":2,"bm":0,"ix":1,"mn":"ADBE Vector Group","hd":false},{"ty":"gr","it":[{"ind":0,"ty":"sh","ix":1,"ks":{"a":0,"k":{"i":[[2.6,7.888],[0,0],[-0.217,0.396],[0,0],[-3.957,1.135],[0,0],[-4.137,-3.289],[0,0],[-0.092,-0.321],[0,0],[0.851,-0.244],[0,0],[0.392,0.263],[0,0],[0.477,-0.167],[0,0]],"o":[[0,0],[-0.146,-0.427],[0,0],[2.053,-3.742],[0,0],[4.841,-1.388],[0,0],[0.261,0.208],[0,0],[0.244,0.851],[0,0],[-0.454,0.13],[0,0],[-0.419,-0.281],[0,0],[-7.275,2.549]],"v":[[-26.55,9.021],[-29.345,0.876],[-29.235,-0.416],[-23.277,-11.275],[-13.923,-18.865],[-4.639,-21.528],[9.6,-18.512],[21.841,-8.781],[22.385,-7.967],[29.37,16.393],[28.27,18.376],[15.458,22.05],[14.122,21.84],[3.934,15.006],[2.51,14.824],[-8.609,18.721]],"c":true},"ix":2},"nm":"Path 1","mn":"ADBE Vector Shape - Group","hd":false},{"ty":"fl","c":{"a":0,"k":[1,1,1,1],"ix":4},"o":{"a":0,"k":100,"ix":5},"r":1,"bm":0,"nm":"Fill 1","mn":"ADBE Vector Graphic - Fill","hd":false},{"ty":"tr","p":{"a":0,"k":[560.371,271.382],"ix":2},"a":{"a":0,"k":[0,0],"ix":1},"s":{"a":0,"k":[100,100],"ix":3},"r":{"a":0,"k":0,"ix":6},"o":{"a":0,"k":100,"ix":7},"sk":{"a":0,"k":0,"ix":4},"sa":{"a":0,"k":0,"ix":5},"nm":"Transform"}],"nm":"Group 2","np":2,"cix":2,"bm":0,"ix":2,"mn":"ADBE Vector Group","hd":false},{"ty":"gr","it":[{"ind":0,"ty":"sh","ix":1,"ks":{"a":0,"k":{"i":[[0,0],[0.244,0.851],[0,0],[-4.066,1.166],[0,0],[-0.244,-0.851],[0,0],[4.066,-1.166]],"o":[[-0.851,0.244],[0,0],[-1.257,-4.383],[0,0],[0.851,-0.244],[0,0],[1.257,4.383],[0,0]],"v":[[-6.337,7.309],[-8.32,6.21],[-8.513,5.537],[-3.426,-4.51],[6.337,-7.309],[8.32,-6.21],[8.513,-5.537],[3.426,4.51]],"c":true},"ix":2},"nm":"Path 1","mn":"ADBE Vector Shape - Group","hd":false},{"ty":"fl","c":{"a":0,"k":[1,1,1,1],"ix":4},"o":{"a":0,"k":100,"ix":5},"r":1,"bm":0,"nm":"Fill 1","mn":"ADBE Vector Graphic - Fill","hd":false},{"ty":"tr","p":{"a":0,"k":[541.437,237.275],"ix":2},"a":{"a":0,"k":[0,0],"ix":1},"s":{"a":0,"k":[100,100],"ix":3},"r":{"a":0,"k":0,"ix":6},"o":{"a":0,"k":100,"ix":7},"sk":{"a":0,"k":0,"ix":4},"sa":{"a":0,"k":0,"ix":5},"nm":"Transform"}],"nm":"Group 3","np":2,"cix":2,"bm":0,"ix":3,"mn":"ADBE Vector Group","hd":false},{"ty":"gr","it":[{"ind":0,"ty":"sh","ix":1,"ks":{"a":0,"k":{"i":[[0,0],[0.244,0.851],[0,0],[-3.027,0.868],[0,0],[-0.244,-0.851],[0,0],[3.027,-0.868]],"o":[[-0.851,0.244],[0,0],[-0.935,-3.262],[0,0],[0.851,-0.244],[0,0],[0.935,3.262],[0,0]],"v":[[0.518,9.24],[-1.465,8.141],[-4.305,-1.762],[-0.518,-9.24],[-0.518,-9.24],[1.465,-8.141],[4.305,1.762],[0.518,9.24]],"c":true},"ix":2},"nm":"Path 1","mn":"ADBE Vector Shape - Group","hd":false},{"ty":"fl","c":{"a":0,"k":[1,1,1,1],"ix":4},"o":{"a":0,"k":100,"ix":5},"r":1,"bm":0,"nm":"Fill 1","mn":"ADBE Vector Graphic - Fill","hd":false},{"ty":"tr","p":{"a":0,"k":[519.029,221.825],"ix":2},"a":{"a":0,"k":[0,0],"ix":1},"s":{"a":0,"k":[100,100],"ix":3},"r":{"a":0,"k":0,"ix":6},"o":{"a":0,"k":100,"ix":7},"sk":{"a":0,"k":0,"ix":4},"sa":{"a":0,"k":0,"ix":5},"nm":"Transform"}],"nm":"Group 4","np":2,"cix":2,"bm":0,"ix":4,"mn":"ADBE Vector Group","hd":false},{"ty":"gr","it":[{"ind":0,"ty":"sh","ix":1,"ks":{"a":0,"k":{"i":[[0,0],[0,0],[-2.566,1.278],[0,0],[1.069,0.661],[0,0],[2.877,-3.076],[0,0]],"o":[[0,0],[2.593,1.437],[0,0],[1.125,-0.56],[0,0],[-3.658,-2.261],[0,0],[0,0]],"v":[[-12.488,-2.681],[2.873,5.834],[11.058,6.087],[11.97,5.633],[12.098,2.834],[-1.558,-5.606],[-12.622,-4.226],[-12.858,-3.973]],"c":false},"ix":2},"nm":"Path 1","mn":"ADBE Vector Shape - Group","hd":false},{"ty":"fl","c":{"a":0,"k":[1,1,1,1],"ix":4},"o":{"a":0,"k":100,"ix":5},"r":1,"bm":0,"nm":"Fill 1","mn":"ADBE Vector Graphic - Fill","hd":false},{"ty":"tr","p":{"a":0,"k":[506.505,241.666],"ix":2},"a":{"a":0,"k":[0,0],"ix":1},"s":{"a":0,"k":[100,100],"ix":3},"r":{"a":0,"k":0,"ix":6},"o":{"a":0,"k":100,"ix":7},"sk":{"a":0,"k":0,"ix":4},"sa":{"a":0,"k":0,"ix":5},"nm":"Transform"}],"nm":"Group 5","np":2,"cix":2,"bm":0,"ix":5,"mn":"ADBE Vector Group","hd":false},{"ty":"gr","it":[{"ind":0,"ty":"sh","ix":1,"ks":{"a":0,"k":{"i":[[0,0],[0.851,-0.244],[0,0],[-1.272,-4.434],[0,0],[-0.851,0.244],[0,0],[1.272,4.434]],"o":[[-0.244,-0.851],[0,0],[-4.114,1.18],[0,0],[0.244,0.851],[0,0],[4.114,-1.18],[0,0]],"v":[[2.149,-9.635],[0.165,-10.734],[0.08,-10.71],[-5.068,-0.544],[-2.149,9.635],[-0.165,10.734],[-0.08,10.71],[5.068,0.544]],"c":true},"ix":2},"nm":"Path 1","mn":"ADBE Vector Shape - Group","hd":false},{"ty":"fl","c":{"a":0,"k":[1,1,1,1],"ix":4},"o":{"a":0,"k":100,"ix":5},"r":1,"bm":0,"nm":"Fill 1","mn":"ADBE Vector Graphic - Fill","hd":false},{"ty":"tr","p":{"a":0,"k":[431.132,310.852],"ix":2},"a":{"a":0,"k":[0,0],"ix":1},"s":{"a":0,"k":[100,100],"ix":3},"r":{"a":0,"k":0,"ix":6},"o":{"a":0,"k":100,"ix":7},"sk":{"a":0,"k":0,"ix":4},"sa":{"a":0,"k":0,"ix":5},"nm":"Transform"}],"nm":"Group 6","np":2,"cix":2,"bm":0,"ix":6,"mn":"ADBE Vector Group","hd":false}],"ip":0,"op":210,"st":0,"bm":0},{"ddd":0,"ind":19,"ty":4,"nm":"SVGID 2","td":1,"sr":1,"ks":{"o":{"a":0,"k":100,"ix":11},"r":{"a":0,"k":0,"ix":10},"p":{"a":0,"k":[123.814,124.954,0],"ix":2},"a":{"a":0,"k":[0,0,0],"ix":1},"s":{"a":0,"k":[100,100,100],"ix":6}},"ao":0,"shapes":[{"ty":"gr","it":[{"d":1,"ty":"el","s":{"a":0,"k":[225.395,225.395],"ix":2},"p":{"a":0,"k":[0,0],"ix":3},"nm":"Ellipse Path 1","mn":"ADBE Vector Shape - Ellipse","hd":false},{"ty":"gf","o":{"a":0,"k":100,"ix":10},"r":1,"bm":0,"g":{"p":3,"k":{"a":0,"k":[0,0.38,0.224,0.855,0.5,0.19,0.347,0.855,1,0,0.471,0.855],"ix":9}},"s":{"a":0,"k":[56.52,98.525],"ix":5},"e":{"a":0,"k":[-56.197,-96.706],"ix":6},"t":1,"nm":"Gradient Fill 1","mn":"ADBE Vector Graphic - G-Fill","hd":false},{"ty":"tr","p":{"a":0,"k":[0,0],"ix":2},"a":{"a":0,"k":[0,0],"ix":1},"s":{"a":0,"k":[100,100],"ix":3},"r":{"a":0,"k":0,"ix":6},"o":{"a":0,"k":100,"ix":7},"sk":{"a":0,"k":0,"ix":4},"sa":{"a":0,"k":0,"ix":5},"nm":"Transform"}],"nm":"SVGID","np":2,"cix":2,"bm":0,"ix":1,"mn":"ADBE Vector Group","hd":false}],"ip":0,"op":210,"st":0,"bm":0},{"ddd":0,"ind":20,"ty":4,"nm":"Artwork","tt":1,"sr":1,"ks":{"o":{"a":0,"k":20,"ix":11},"r":{"a":1,"k":[{"i":{"x":[0.15],"y":[1]},"o":{"x":[0.167],"y":[0.167]},"t":0,"s":[20.22]},{"i":{"x":[0.833],"y":[1]},"o":{"x":[0.167],"y":[0]},"t":90,"s":[0]},{"t":180,"s":[0]}],"ix":10},"p":{"a":1,"k":[{"i":{"x":0.15,"y":1},"o":{"x":0.167,"y":0.167},"t":5,"s":[-32.43,103.994,0],"to":[0,0,0],"ti":[0,0,0]},{"i":{"x":0,"y":0},"o":{"x":0.167,"y":0.167},"t":90,"s":[242.57,108.994,0],"to":[0,0,0],"ti":[0,0,0]},{"i":{"x":0.833,"y":0.833},"o":{"x":0.64,"y":0},"t":180,"s":[242.57,108.994,0],"to":[0,0,0],"ti":[0,0,0]},{"t":209,"s":[506.57,52.994,0]}],"ix":2},"a":{"a":0,"k":[353.57,249.994,0],"ix":1},"s":{"a":0,"k":[100,100,100],"ix":6}},"ao":0,"shapes":[{"ty":"gr","it":[{"ind":0,"ty":"sh","ix":1,"ks":{"a":0,"k":{"i":[[0,0],[0,0],[-3.783,1.085],[0,0],[0,0],[3.783,-1.085]],"o":[[0,0],[1.169,4.078],[0,0],[0,0],[-1.169,-4.078],[0,0]],"v":[[-6.495,-9.724],[-2.472,4.305],[6.495,9.724],[6.495,9.724],[2.472,-4.305],[-6.495,-9.724]],"c":true},"ix":2},"nm":"Path 1","mn":"ADBE Vector Shape - Group","hd":false},{"ty":"fl","c":{"a":0,"k":[1,1,1,1],"ix":4},"o":{"a":0,"k":100,"ix":5},"r":1,"bm":0,"nm":"Fill 1","mn":"ADBE Vector Graphic - Fill","hd":false},{"ty":"tr","p":{"a":0,"k":[598.933,277.818],"ix":2},"a":{"a":0,"k":[0,0],"ix":1},"s":{"a":0,"k":[100,100],"ix":3},"r":{"a":0,"k":0,"ix":6},"o":{"a":0,"k":100,"ix":7},"sk":{"a":0,"k":0,"ix":4},"sa":{"a":0,"k":0,"ix":5},"nm":"Transform"}],"nm":"Group 1","np":2,"cix":2,"bm":0,"ix":1,"mn":"ADBE Vector Group","hd":false},{"ty":"gr","it":[{"ind":0,"ty":"sh","ix":1,"ks":{"a":0,"k":{"i":[[2.6,7.888],[0,0],[-0.217,0.396],[0,0],[-3.957,1.135],[0,0],[-4.137,-3.289],[0,0],[-0.092,-0.321],[0,0],[0.851,-0.244],[0,0],[0.392,0.263],[0,0],[0.477,-0.167],[0,0]],"o":[[0,0],[-0.146,-0.427],[0,0],[2.053,-3.742],[0,0],[4.841,-1.388],[0,0],[0.261,0.208],[0,0],[0.244,0.851],[0,0],[-0.454,0.13],[0,0],[-0.419,-0.281],[0,0],[-7.275,2.549]],"v":[[-26.55,9.021],[-29.345,0.876],[-29.235,-0.416],[-23.277,-11.275],[-13.923,-18.865],[-4.639,-21.528],[9.6,-18.512],[21.841,-8.781],[22.385,-7.967],[29.37,16.393],[28.27,18.376],[15.458,22.05],[14.122,21.84],[3.934,15.006],[2.51,14.824],[-8.609,18.721]],"c":true},"ix":2},"nm":"Path 1","mn":"ADBE Vector Shape - Group","hd":false},{"ty":"fl","c":{"a":0,"k":[1,1,1,1],"ix":4},"o":{"a":0,"k":100,"ix":5},"r":1,"bm":0,"nm":"Fill 1","mn":"ADBE Vector Graphic - Fill","hd":false},{"ty":"tr","p":{"a":0,"k":[560.371,271.382],"ix":2},"a":{"a":0,"k":[0,0],"ix":1},"s":{"a":0,"k":[100,100],"ix":3},"r":{"a":0,"k":0,"ix":6},"o":{"a":0,"k":100,"ix":7},"sk":{"a":0,"k":0,"ix":4},"sa":{"a":0,"k":0,"ix":5},"nm":"Transform"}],"nm":"Group 2","np":2,"cix":2,"bm":0,"ix":2,"mn":"ADBE Vector Group","hd":false},{"ty":"gr","it":[{"ind":0,"ty":"sh","ix":1,"ks":{"a":0,"k":{"i":[[0,0],[0.244,0.851],[0,0],[-4.066,1.166],[0,0],[-0.244,-0.851],[0,0],[4.066,-1.166]],"o":[[-0.851,0.244],[0,0],[-1.257,-4.383],[0,0],[0.851,-0.244],[0,0],[1.257,4.383],[0,0]],"v":[[-6.337,7.309],[-8.32,6.21],[-8.513,5.537],[-3.426,-4.51],[6.337,-7.309],[8.32,-6.21],[8.513,-5.537],[3.426,4.51]],"c":true},"ix":2},"nm":"Path 1","mn":"ADBE Vector Shape - Group","hd":false},{"ty":"fl","c":{"a":0,"k":[1,1,1,1],"ix":4},"o":{"a":0,"k":100,"ix":5},"r":1,"bm":0,"nm":"Fill 1","mn":"ADBE Vector Graphic - Fill","hd":false},{"ty":"tr","p":{"a":0,"k":[541.437,237.275],"ix":2},"a":{"a":0,"k":[0,0],"ix":1},"s":{"a":0,"k":[100,100],"ix":3},"r":{"a":0,"k":0,"ix":6},"o":{"a":0,"k":100,"ix":7},"sk":{"a":0,"k":0,"ix":4},"sa":{"a":0,"k":0,"ix":5},"nm":"Transform"}],"nm":"Group 3","np":2,"cix":2,"bm":0,"ix":3,"mn":"ADBE Vector Group","hd":false},{"ty":"gr","it":[{"ind":0,"ty":"sh","ix":1,"ks":{"a":0,"k":{"i":[[0,0],[0.244,0.851],[0,0],[-3.027,0.868],[0,0],[-0.244,-0.851],[0,0],[3.027,-0.868]],"o":[[-0.851,0.244],[0,0],[-0.935,-3.262],[0,0],[0.851,-0.244],[0,0],[0.935,3.262],[0,0]],"v":[[0.518,9.24],[-1.465,8.141],[-4.305,-1.762],[-0.518,-9.24],[-0.518,-9.24],[1.465,-8.141],[4.305,1.762],[0.518,9.24]],"c":true},"ix":2},"nm":"Path 1","mn":"ADBE Vector Shape - Group","hd":false},{"ty":"fl","c":{"a":0,"k":[1,1,1,1],"ix":4},"o":{"a":0,"k":100,"ix":5},"r":1,"bm":0,"nm":"Fill 1","mn":"ADBE Vector Graphic - Fill","hd":false},{"ty":"tr","p":{"a":0,"k":[519.029,221.825],"ix":2},"a":{"a":0,"k":[0,0],"ix":1},"s":{"a":0,"k":[100,100],"ix":3},"r":{"a":0,"k":0,"ix":6},"o":{"a":0,"k":100,"ix":7},"sk":{"a":0,"k":0,"ix":4},"sa":{"a":0,"k":0,"ix":5},"nm":"Transform"}],"nm":"Group 4","np":2,"cix":2,"bm":0,"ix":4,"mn":"ADBE Vector Group","hd":false},{"ty":"gr","it":[{"ind":0,"ty":"sh","ix":1,"ks":{"a":0,"k":{"i":[[0,0],[0,0],[-2.566,1.278],[0,0],[1.069,0.661],[0,0],[2.877,-3.076],[0,0]],"o":[[0,0],[2.593,1.437],[0,0],[1.125,-0.56],[0,0],[-3.658,-2.261],[0,0],[0,0]],"v":[[-12.488,-2.681],[2.873,5.834],[11.058,6.087],[11.97,5.633],[12.098,2.834],[-1.558,-5.606],[-12.622,-4.226],[-12.858,-3.973]],"c":false},"ix":2},"nm":"Path 1","mn":"ADBE Vector Shape - Group","hd":false},{"ty":"fl","c":{"a":0,"k":[1,1,1,1],"ix":4},"o":{"a":0,"k":100,"ix":5},"r":1,"bm":0,"nm":"Fill 1","mn":"ADBE Vector Graphic - Fill","hd":false},{"ty":"tr","p":{"a":0,"k":[506.505,241.666],"ix":2},"a":{"a":0,"k":[0,0],"ix":1},"s":{"a":0,"k":[100,100],"ix":3},"r":{"a":0,"k":0,"ix":6},"o":{"a":0,"k":100,"ix":7},"sk":{"a":0,"k":0,"ix":4},"sa":{"a":0,"k":0,"ix":5},"nm":"Transform"}],"nm":"Group 5","np":2,"cix":2,"bm":0,"ix":5,"mn":"ADBE Vector Group","hd":false},{"ty":"gr","it":[{"ind":0,"ty":"sh","ix":1,"ks":{"a":0,"k":{"i":[[0,0],[0.851,-0.244],[0,0],[-1.272,-4.434],[0,0],[-0.851,0.244],[0,0],[1.272,4.434]],"o":[[-0.244,-0.851],[0,0],[-4.114,1.18],[0,0],[0.244,0.851],[0,0],[4.114,-1.18],[0,0]],"v":[[2.149,-9.635],[0.165,-10.734],[0.08,-10.71],[-5.068,-0.544],[-2.149,9.635],[-0.165,10.734],[-0.08,10.71],[5.068,0.544]],"c":true},"ix":2},"nm":"Path 1","mn":"ADBE Vector Shape - Group","hd":false},{"ty":"fl","c":{"a":0,"k":[1,1,1,1],"ix":4},"o":{"a":0,"k":100,"ix":5},"r":1,"bm":0,"nm":"Fill 1","mn":"ADBE Vector Graphic - Fill","hd":false},{"ty":"tr","p":{"a":0,"k":[431.132,310.852],"ix":2},"a":{"a":0,"k":[0,0],"ix":1},"s":{"a":0,"k":[100,100],"ix":3},"r":{"a":0,"k":0,"ix":6},"o":{"a":0,"k":100,"ix":7},"sk":{"a":0,"k":0,"ix":4},"sa":{"a":0,"k":0,"ix":5},"nm":"Transform"}],"nm":"Group 6","np":2,"cix":2,"bm":0,"ix":6,"mn":"ADBE Vector Group","hd":false}],"ip":0,"op":210,"st":0,"bm":0},{"ddd":0,"ind":21,"ty":4,"nm":"world","sr":1,"ks":{"o":{"a":0,"k":100,"ix":11},"r":{"a":1,"k":[{"i":{"x":[0],"y":[1]},"o":{"x":[0.167],"y":[0.167]},"t":0,"s":[-238]},{"t":80,"s":[0]}],"ix":10},"p":{"a":0,"k":[123.814,124.954,0],"ix":2},"a":{"a":0,"k":[0,0,0],"ix":1},"s":{"a":0,"k":[100,100,100],"ix":6}},"ao":0,"shapes":[{"ty":"gr","it":[{"d":1,"ty":"el","s":{"a":0,"k":[225.395,225.395],"ix":2},"p":{"a":0,"k":[0,0],"ix":3},"nm":"Ellipse Path 1","mn":"ADBE Vector Shape - Ellipse","hd":false},{"ty":"gf","o":{"a":0,"k":100,"ix":10},"r":1,"bm":0,"g":{"p":3,"k":{"a":0,"k":[0,0.38,0.224,0.855,0.5,0.19,0.347,0.855,1,0,0.471,0.855],"ix":9}},"s":{"a":0,"k":[56.52,98.525],"ix":5},"e":{"a":0,"k":[-56.197,-96.706],"ix":6},"t":1,"nm":"Gradient Fill 1","mn":"ADBE Vector Graphic - G-Fill","hd":false},{"ty":"tr","p":{"a":0,"k":[0,0],"ix":2},"a":{"a":0,"k":[0,0],"ix":1},"s":{"a":0,"k":[100,100],"ix":3},"r":{"a":0,"k":0,"ix":6},"o":{"a":0,"k":100,"ix":7},"sk":{"a":0,"k":0,"ix":4},"sa":{"a":0,"k":0,"ix":5},"nm":"Transform"}],"nm":"SVGID","np":2,"cix":2,"bm":0,"ix":1,"mn":"ADBE Vector Group","hd":false}],"ip":0,"op":210,"st":0,"bm":0}]}],"layers":[{"ddd":0,"ind":1,"ty":0,"nm":"02 - Region - Comped","refId":"comp_0","sr":1,"ks":{"o":{"a":1,"k":[{"i":{"x":[0.833],"y":[0.833]},"o":{"x":[0.167],"y":[0.167]},"t":0,"s":[0]},{"i":{"x":[0.833],"y":[0.833]},"o":{"x":[0.167],"y":[0.167]},"t":10,"s":[100]},{"i":{"x":[0.833],"y":[0.833]},"o":{"x":[0.167],"y":[0.167]},"t":199,"s":[100]},{"t":209,"s":[0]}],"ix":11},"r":{"a":0,"k":0,"ix":10},"p":{"a":1,"k":[{"i":{"x":0.36,"y":1},"o":{"x":0.24,"y":0},"t":0,"s":[276,356,0],"to":[0,-13.333,0],"ti":[0,13.333,0]},{"i":{"x":0.76,"y":0.76},"o":{"x":0.24,"y":0.24},"t":30,"s":[276,276,0],"to":[0,0,0],"ti":[0,0,0]},{"i":{"x":0.833,"y":0.833},"o":{"x":1,"y":0},"t":180,"s":[276,276,0],"to":[0,0,0],"ti":[0,0,0]},{"t":209,"s":[276,216,0]}],"ix":2},"a":{"a":0,"k":[276,276,0],"ix":1},"s":{"a":0,"k":[100,100,100],"ix":6}},"ao":0,"w":552,"h":552,"ip":0,"op":210,"st":0,"bm":0}],"markers":[]}