{"v":"5.6.5","fr":60,"ip":0,"op":59,"w":400,"h":400,"nm":"LockScreen_CameraHelloAnim","ddd":0,"assets":[],"layers":[{"ddd":0,"ind":1,"ty":3,"nm":"Null 153","sr":1,"ks":{"o":{"a":0,"k":0,"ix":11},"r":{"a":0,"k":0,"ix":10},"p":{"a":1,"k":[{"i":{"x":0,"y":1},"o":{"x":0.167,"y":0.167},"t":16,"s":[198,156,0],"to":[0,-8,0],"ti":[0,8,0]},{"t":27,"s":[198,108,0]}],"ix":2},"a":{"a":0,"k":[0,0,0],"ix":1},"s":{"a":0,"k":[28,28,100],"ix":6}},"ao":0,"ip":0,"op":60,"st":0,"bm":0},{"ddd":0,"ind":2,"ty":4,"nm":"Eyebrow","parent":1,"sr":1,"ks":{"o":{"a":0,"k":100,"ix":11},"r":{"a":0,"k":0,"ix":10},"p":{"a":0,"k":[0,151.704,0],"ix":2},"a":{"a":0,"k":[0,0,0],"ix":1},"s":{"a":0,"k":[379.259,379.259,100],"ix":6}},"ao":0,"shapes":[{"d":1,"ty":"el","s":{"a":0,"k":[303,303],"ix":2},"p":{"a":0,"k":[0,0],"ix":3},"nm":"Ellipse Path 1","mn":"ADBE Vector Shape - Ellipse","hd":false},{"ty":"tm","s":{"a":1,"k":[{"i":{"x":[0],"y":[1]},"o":{"x":[0.167],"y":[0.167]},"t":0,"s":[34]},{"t":32,"s":[9]}],"ix":1},"e":{"a":1,"k":[{"i":{"x":[0],"y":[1]},"o":{"x":[0.167],"y":[0.167]},"t":0,"s":[66]},{"t":32,"s":[41]}],"ix":2},"o":{"a":1,"k":[{"i":{"x":[0.75],"y":[1]},"o":{"x":[0.167],"y":[0.167]},"t":0,"s":[180]},{"i":{"x":[0],"y":[1]},"o":{"x":[0.45],"y":[0]},"t":10,"s":[181.875]},{"t":32,"s":[450]}],"ix":3},"m":1,"ix":2,"nm":"Trim Paths 1","mn":"ADBE Vector Filter - Trim","hd":false},{"ty":"st","c":{"a":0,"k":[0,0,0,1],"ix":3},"o":{"a":0,"k":100,"ix":4},"w":{"a":0,"k":44,"ix":5},"lc":2,"lj":1,"ml":4,"bm":0,"nm":"{ Color : var(Foreground) }","mn":"ADBE Vector Graphic - Stroke","hd":false}],"ip":0,"op":60,"st":-180,"bm":0},{"ddd":0,"ind":3,"ty":4,"nm":"Pupils","parent":1,"sr":1,"ks":{"o":{"a":0,"k":100,"ix":11},"r":{"a":0,"k":0,"ix":10},"p":{"a":0,"k":[0,151.704,0],"ix":2},"a":{"a":0,"k":[0,0,0],"ix":1},"s":{"a":0,"k":[379.259,379.259,100],"ix":6}},"ao":0,"shapes":[{"ty":"rc","d":1,"s":{"a":1,"k":[{"i":{"x":[0.833,0.833],"y":[0.833,0.833]},"o":{"x":[0.55,0.55],"y":[0,0]},"t":0,"s":[150,150]},{"i":{"x":[0,0],"y":[1,1]},"o":{"x":[0.167,0.167],"y":[0.167,0.167]},"t":16,"s":[100,170]},{"i":{"x":[0.833,0.833],"y":[1,1]},"o":{"x":[0,0],"y":[0,0]},"t":32,"s":[70,70]},{"i":{"x":[0.833,0.833],"y":[0.833,0.833]},"o":{"x":[0.167,0.167],"y":[0.167,0.167]},"t":36,"s":[70,70]},{"t":41,"s":[70,70]}],"ix":2},"p":{"a":1,"k":[{"i":{"x":0,"y":1},"o":{"x":0.167,"y":0.167},"t":18,"s":[0,0],"to":[0,0],"ti":[0,0]},{"i":{"x":0.833,"y":0.833},"o":{"x":0,"y":0},"t":32,"s":[-80,-40],"to":[0,0],"ti":[0,0]},{"i":{"x":0.833,"y":0.833},"o":{"x":0.167,"y":0.167},"t":36,"s":[-80,-40],"to":[0,0],"ti":[0,0]},{"t":41,"s":[-80,-40]}],"ix":3},"r":{"a":0,"k":150,"ix":4},"nm":"Rectangle Path 1","mn":"ADBE Vector Shape - Rect","hd":false},{"ty":"rc","d":1,"s":{"a":1,"k":[{"i":{"x":[0.833,0.833],"y":[0.833,0.833]},"o":{"x":[0.55,0.55],"y":[0,0]},"t":0,"s":[150,150]},{"i":{"x":[0,0],"y":[1,1]},"o":{"x":[0.167,0.167],"y":[0.167,0.167]},"t":16,"s":[100,170]},{"i":{"x":[1,1],"y":[1,1]},"o":{"x":[0,0],"y":[0,0]},"t":32,"s":[70,70]},{"i":{"x":[0,0],"y":[1,1]},"o":{"x":[1,1],"y":[0,0]},"t":36,"s":[70,70]},{"i":{"x":[0,0],"y":[1,1]},"o":{"x":[0,0],"y":[0,0]},"t":41,"s":[140,20]},{"t":47,"s":[70,70]}],"ix":2},"p":{"a":1,"k":[{"i":{"x":0,"y":1},"o":{"x":0.167,"y":0.167},"t":18,"s":[0,0],"to":[0,0],"ti":[0,0]},{"i":{"x":0.833,"y":0.833},"o":{"x":0,"y":0},"t":32,"s":[80,-40],"to":[0,0],"ti":[0,0]},{"i":{"x":0.833,"y":0.833},"o":{"x":0.167,"y":0.167},"t":36,"s":[80,-40],"to":[0,0],"ti":[0,0]},{"t":41,"s":[80,-40]}],"ix":3},"r":{"a":0,"k":150,"ix":4},"nm":"Rectangle Path 2","mn":"ADBE Vector Shape - Rect","hd":false},{"ty":"fl","c":{"a":0,"k":[0,0,0,1],"ix":4},"o":{"a":0,"k":100,"ix":5},"r":1,"bm":0,"nm":"{ Color : var(Foreground) }","mn":"ADBE Vector Graphic - Fill","hd":false}],"ip":0,"op":60,"st":-120,"bm":0}],"markers":[{"tm":0,"cm":"1","dr":0},{"tm":60,"cm":"2","dr":0},{"tm":120,"cm":"3","dr":0},{"tm":180,"cm":"4","dr":0},{"tm":239,"cm":"5","dr":0}]}