{"v":"5.7.13","fr":60,"ip":0,"op":210,"w":552,"h":552,"nm":"05 - WiFi (found network) (color)","ddd":0,"assets":[{"id":"comp_0","nm":"05 - WiFi (found network) (color)  - Comped - SV2","layers":[{"ddd":0,"ind":1,"ty":3,"nm":"Null 90","sr":1,"ks":{"o":{"a":0,"k":0},"r":{"a":0,"k":0},"p":{"a":1,"k":[{"i":{"x":0.45,"y":1},"o":{"x":0.85,"y":0},"t":30,"s":[276,197,0],"to":[0,12,0],"ti":[0,-12,0]},{"t":50,"s":[276,269,0]}]},"a":{"a":0,"k":[0,0,0]},"s":{"a":0,"k":[100,100,100]}},"ao":0,"ip":0,"op":210,"st":0,"bm":0},{"ddd":0,"ind":2,"ty":0,"nm":"wifi p1 - Color","parent":1,"refId":"comp_1","sr":1,"ks":{"o":{"a":0,"k":100},"r":{"a":0,"k":0},"p":{"a":0,"k":[-0.25,73.286,0]},"a":{"a":0,"k":[551.5,698.88,0]},"s":{"a":1,"k":[{"i":{"x":[0,0,0.833],"y":[1,1,1]},"o":{"x":[0.55,0.55,0.167],"y":[0,0,-4.167]},"t":0,"s":[0,0,100]},{"i":{"x":[0.75,0.75,0.833],"y":[1,1,15.444]},"o":{"x":[0.85,0.85,0.167],"y":[0,0,0]},"t":30,"s":[75,75,100]},{"i":{"x":[0,0,0.833],"y":[1,1,1]},"o":{"x":[0.35,0.35,0.167],"y":[0,0,2.917]},"t":50,"s":[45,45,100]},{"t":85,"s":[50,50,100]}]}},"ao":0,"w":1104,"h":1104,"ip":0,"op":211,"st":0,"bm":0},{"ddd":0,"ind":3,"ty":4,"nm":"Shape Layer 7","parent":1,"sr":1,"ks":{"o":{"a":1,"k":[{"i":{"x":[0.833],"y":[0.833]},"o":{"x":[0.167],"y":[0.167]},"t":20,"s":[100]},{"t":40,"s":[0]}]},"r":{"a":0,"k":0},"p":{"a":0,"k":[-1,74.95,0]},"a":{"a":0,"k":[-1,54.95,0]},"s":{"a":1,"k":[{"i":{"x":[0,0,0.833],"y":[1,1,-8.524]},"o":{"x":[0.55,0.55,0.167],"y":[0,0,16.667]},"t":0,"s":[0,0,100]},{"t":40,"s":[133,133,100]}]}},"ao":0,"shapes":[{"ty":"gr","it":[{"d":1,"ty":"el","s":{"a":0,"k":[356,356]},"p":{"a":0,"k":[0,0]},"nm":"Ellipse Path 1","hd":false},{"ty":"gs","o":{"a":0,"k":100},"w":{"a":0,"k":3},"g":{"p":3,"k":{"a":0,"k":[0,0.38,0.224,0.855,0.5,0.19,0.347,0.855,1,0,0.471,0.855]}},"s":{"a":0,"k":[-201.44,-186.555]},"e":{"a":0,"k":[225.032,190.525]},"t":1,"lc":1,"lj":1,"ml":4,"ml2":{"a":0,"k":4},"bm":0,"nm":"Gradient Stroke 1","hd":false},{"ty":"tr","p":{"a":0,"k":[-1,55]},"a":{"a":0,"k":[0,0]},"s":{"a":0,"k":[83.953,83.953]},"r":{"a":0,"k":0},"o":{"a":0,"k":100},"sk":{"a":0,"k":0},"sa":{"a":0,"k":0},"nm":"Transform"}],"nm":"Ellipse 1","bm":0,"hd":false},{"ty":"tm","s":{"a":0,"k":0},"e":{"a":0,"k":100},"o":{"a":0,"k":0},"m":1,"nm":"Trim Paths 1","hd":false}],"ip":0,"op":41,"st":-60,"bm":0},{"ddd":0,"ind":4,"ty":0,"nm":"wi 4 - Color","parent":5,"refId":"comp_2","sr":1,"ks":{"o":{"a":0,"k":100},"r":{"a":0,"k":55.1},"p":{"a":0,"k":[-3.371,42.521,0]},"a":{"a":0,"k":[551.998,701.586,0]},"s":{"a":0,"k":[50,50,100]}},"ao":0,"w":1104,"h":1104,"ip":50,"op":261,"st":50,"bm":0},{"ddd":0,"ind":5,"ty":4,"nm":"Shape Layer 10","parent":1,"sr":1,"ks":{"o":{"a":0,"k":100},"r":{"a":1,"k":[{"i":{"x":[0],"y":[1]},"o":{"x":[0.35],"y":[0]},"t":40,"s":[133]},{"t":70,"s":[-55.1]}]},"p":{"a":1,"k":[{"i":{"x":0.833,"y":0.833},"o":{"x":0.55,"y":0},"t":40,"s":[-1.506,74.432,0],"to":[0.583,-1.333,0],"ti":[-0.583,1.333,0]},{"t":56,"s":[1.994,66.432,0]}]},"a":{"a":0,"k":[2.141,41.107,0]},"s":{"a":1,"k":[{"i":{"x":[0,0,0.833],"y":[1,1,1]},"o":{"x":[0.55,0.55,0.167],"y":[0,0,0]},"t":2,"s":[0,0,100]},{"t":42,"s":[100,100,100]}]}},"ao":0,"shapes":[{"ty":"gr","it":[{"d":1,"ty":"el","s":{"a":0,"k":[356,356]},"p":{"a":0,"k":[0,0]},"nm":"Ellipse Path 1","hd":false},{"ty":"gs","o":{"a":0,"k":100},"w":{"a":1,"k":[{"i":{"x":[0],"y":[1]},"o":{"x":[0.55],"y":[0]},"t":42,"s":[3]},{"t":50,"s":[25]}]},"g":{"p":3,"k":{"a":0,"k":[0,0,0.471,0.855,0.5,0.19,0.347,0.855,1,0.38,0.224,0.855]}},"s":{"a":0,"k":[200.989,374.51]},"e":{"a":0,"k":[-184.808,-234.71]},"t":1,"lc":2,"lj":1,"ml":4,"ml2":{"a":0,"k":4},"bm":0,"nm":"Gradient Stroke 1","hd":false},{"ty":"tr","p":{"a":0,"k":[1.641,39.107]},"a":{"a":0,"k":[0,0]},"s":{"a":0,"k":[80.185,80.185]},"r":{"a":0,"k":0},"o":{"a":0,"k":100},"sk":{"a":0,"k":0},"sa":{"a":0,"k":0},"nm":"Transform"}],"nm":"Ellipse 1","bm":0,"hd":false},{"ty":"tm","s":{"a":0,"k":0},"e":{"a":1,"k":[{"i":{"x":[0],"y":[1]},"o":{"x":[0.55],"y":[0]},"t":40,"s":[100]},{"t":55,"s":[30.6]}]},"o":{"a":0,"k":0},"m":1,"nm":"Trim Paths 1","hd":false}],"ip":0,"op":56,"st":63,"bm":0},{"ddd":0,"ind":6,"ty":0,"nm":"wi 3 - Color","parent":7,"refId":"comp_3","sr":1,"ks":{"o":{"a":1,"k":[{"i":{"x":[0.833],"y":[0.833]},"o":{"x":[0.167],"y":[0.167]},"t":50,"s":[0]},{"t":52,"s":[100]}]},"r":{"a":0,"k":62.8},"p":{"a":0,"k":[-4.016,42.47,0]},"a":{"a":0,"k":[549.783,696.957,0]},"s":{"a":0,"k":[50,50,100]}},"ao":0,"w":1104,"h":1104,"ip":50,"op":261,"st":50,"bm":0},{"ddd":0,"ind":7,"ty":4,"nm":"Shape Layer 9","parent":1,"sr":1,"ks":{"o":{"a":0,"k":100},"r":{"a":1,"k":[{"i":{"x":[0],"y":[1]},"o":{"x":[0.35],"y":[0]},"t":42,"s":[112]},{"t":75,"s":[-62.8]}]},"p":{"a":1,"k":[{"i":{"x":0.833,"y":0.833},"o":{"x":0.55,"y":0},"t":40,"s":[-1.506,76.932,0],"to":[0.333,-2.417,0],"ti":[-0.333,2.417,0]},{"t":56,"s":[0.494,62.432,0]}]},"a":{"a":0,"k":[2.141,41.107,0]},"s":{"a":1,"k":[{"i":{"x":[0,0,0.833],"y":[1,1,1]},"o":{"x":[0.55,0.55,0.167],"y":[0,0,0]},"t":4,"s":[0,0,100]},{"t":44,"s":[100,100,100]}]}},"ao":0,"shapes":[{"ty":"gr","it":[{"d":1,"ty":"el","s":{"a":0,"k":[356,356]},"p":{"a":0,"k":[0,0]},"nm":"Ellipse Path 1","hd":false},{"ty":"gs","o":{"a":0,"k":100},"w":{"a":1,"k":[{"i":{"x":[0],"y":[1]},"o":{"x":[0.55],"y":[0]},"t":42,"s":[5]},{"t":52,"s":[35]}]},"g":{"p":3,"k":{"a":0,"k":[0,0,0.471,0.855,0.5,0.19,0.347,0.855,1,0.38,0.224,0.855]}},"s":{"a":0,"k":[200.989,374.51]},"e":{"a":0,"k":[-184.808,-234.71]},"t":1,"lc":2,"lj":1,"ml":4,"ml2":{"a":0,"k":4},"bm":0,"nm":"Gradient Stroke 1","hd":false},{"ty":"tr","p":{"a":0,"k":[2.141,41.107]},"a":{"a":0,"k":[0,0]},"s":{"a":0,"k":[52.786,52.786]},"r":{"a":0,"k":0},"o":{"a":0,"k":100},"sk":{"a":0,"k":0},"sa":{"a":0,"k":0},"nm":"Transform"}],"nm":"Ellipse 1","bm":0,"hd":false},{"ty":"tm","s":{"a":0,"k":0},"e":{"a":1,"k":[{"i":{"x":[0],"y":[1]},"o":{"x":[0.55],"y":[0]},"t":40,"s":[100]},{"t":55,"s":[34.9]}]},"o":{"a":0,"k":0},"m":1,"nm":"Trim Paths 1","hd":false}],"ip":0,"op":56,"st":63,"bm":0},{"ddd":0,"ind":8,"ty":0,"nm":"wi 2 - Color","parent":9,"refId":"comp_4","sr":1,"ks":{"o":{"a":1,"k":[{"i":{"x":[0.833],"y":[0.833]},"o":{"x":[0.167],"y":[0.167]},"t":50,"s":[0]},{"t":52,"s":[100]}]},"r":{"a":0,"k":-66.985},"p":{"a":0,"k":[-0.768,51.795,0]},"a":{"a":0,"k":[551.999,701.63,0]},"s":{"a":0,"k":[50,50,100]}},"ao":0,"w":1104,"h":1104,"ip":50,"op":261,"st":50,"bm":0},{"ddd":0,"ind":9,"ty":4,"nm":"Shape Layer 8","parent":1,"sr":1,"ks":{"o":{"a":0,"k":100},"r":{"a":1,"k":[{"i":{"x":[0],"y":[1]},"o":{"x":[0.35],"y":[0]},"t":44,"s":[-15]},{"t":80,"s":[66.1]}]},"p":{"a":1,"k":[{"i":{"x":0.833,"y":0.833},"o":{"x":0.55,"y":0},"t":40,"s":[1.943,77.105,0],"to":[-0.417,-0.25,0],"ti":[0.417,0.25,0]},{"t":56,"s":[-0.557,75.605,0]}]},"a":{"a":0,"k":[1.091,54.279,0]},"s":{"a":1,"k":[{"i":{"x":[0,0,0.833],"y":[1,1,1]},"o":{"x":[0.55,0.55,0.167],"y":[0,0,0]},"t":6,"s":[0,0,100]},{"t":46,"s":[100,100,100]}]}},"ao":0,"shapes":[{"ty":"gr","it":[{"d":1,"ty":"el","s":{"a":0,"k":[356,356]},"p":{"a":0,"k":[0,0]},"nm":"Ellipse Path 1","hd":false},{"ty":"gs","o":{"a":0,"k":100},"w":{"a":1,"k":[{"i":{"x":[0],"y":[1]},"o":{"x":[0.55],"y":[0]},"t":42,"s":[10]},{"t":52,"s":[59]}]},"g":{"p":3,"k":{"a":0,"k":[0,0,0.471,0.855,0.5,0.19,0.347,0.855,1,0.38,0.224,0.855]}},"s":{"a":0,"k":[200.989,374.51]},"e":{"a":0,"k":[-184.808,-234.71]},"t":1,"lc":2,"lj":1,"ml":4,"ml2":{"a":0,"k":4},"bm":0,"nm":"Gradient Stroke 1","hd":false},{"ty":"tr","p":{"a":0,"k":[-0.359,52.107]},"a":{"a":0,"k":[0,0]},"s":{"a":0,"k":[31.029,31.029]},"r":{"a":0,"k":0},"o":{"a":0,"k":100},"sk":{"a":0,"k":0},"sa":{"a":0,"k":0},"nm":"Transform"}],"nm":"Ellipse 1","bm":0,"hd":false},{"ty":"tm","s":{"a":1,"k":[{"i":{"x":[0],"y":[1]},"o":{"x":[0.55],"y":[0]},"t":40,"s":[0]},{"t":55,"s":[63]}]},"e":{"a":0,"k":100},"o":{"a":0,"k":0},"m":1,"nm":"Trim Paths 1","hd":false}],"ip":0,"op":56,"st":63,"bm":0}]},{"id":"comp_1","nm":"wifi p1 - Color","layers":[{"ddd":0,"ind":1,"ty":4,"nm":"Layer 5","sr":1,"ks":{"o":{"a":0,"k":40},"r":{"a":0,"k":0},"p":{"a":0,"k":[551.112,700.507,0]},"a":{"a":0,"k":[0,0,0]},"s":{"a":0,"k":[100,100,100]}},"ao":0,"ef":[{"ty":29,"nm":"Gaussian Blur","np":5,"mn":"ADBE Gaussian Blur 2","ix":1,"en":1,"ef":[{"ty":0,"nm":"Blurriness","mn":"ADBE Gaussian Blur 2-0001","ix":1,"v":{"a":0,"k":40}},{"ty":7,"nm":"Blur Dimensions","mn":"ADBE Gaussian Blur 2-0002","ix":2,"v":{"a":0,"k":1}},{"ty":7,"nm":"Repeat Edge Pixels","mn":"ADBE Gaussian Blur 2-0003","ix":3,"v":{"a":0,"k":0}}]}],"shapes":[{"ty":"gr","it":[{"ind":0,"ty":"sh","ks":{"a":0,"k":{"i":[[-5.281,0],[0,-5.281],[5.281,0],[0,5.281]],"o":[[5.281,0],[0,5.281],[-5.281,0],[0,-5.281]],"v":[[0,-9.562],[9.562,0],[0,9.562],[-9.562,0]],"c":true}},"nm":"Path 1","hd":false},{"ty":"fl","c":{"a":0,"k":[1,1,1,1]},"o":{"a":0,"k":100},"r":1,"bm":0,"nm":"Fill 1","hd":false},{"ty":"tr","p":{"a":0,"k":[0,0]},"a":{"a":0,"k":[0,0]},"s":{"a":0,"k":[100,100]},"r":{"a":0,"k":0},"o":{"a":0,"k":100},"sk":{"a":0,"k":0},"sa":{"a":0,"k":0},"nm":"Transform"}],"nm":"Group 1","bm":0,"hd":false}],"ip":0,"op":210,"st":0,"bm":0},{"ddd":0,"ind":2,"ty":4,"nm":"wifi1","sr":1,"ks":{"o":{"a":0,"k":100},"r":{"a":0,"k":0},"p":{"a":0,"k":[551.999,701.63,0]},"a":{"a":0,"k":[0,0,0]},"s":{"a":0,"k":[200,200,100]}},"ao":0,"shapes":[{"ty":"gr","it":[{"ind":0,"ty":"sh","ks":{"a":0,"k":{"i":[[-7.663,-7.664],[7.664,-7.663],[7.663,7.664],[-7.664,7.663]],"o":[[7.664,7.663],[-7.663,7.664],[-7.664,-7.663],[7.663,-7.664]],"v":[[13.876,-13.876],[13.876,13.876],[-13.876,13.876],[-13.876,-13.876]],"c":true}},"nm":"Path 1","hd":false},{"ty":"gf","o":{"a":0,"k":100},"r":1,"bm":0,"g":{"p":3,"k":{"a":0,"k":[0,0.38,0.224,0.855,0.5,0.19,0.347,0.855,1,0,0.471,0.855]}},"s":{"a":0,"k":[-25.666,-16.494]},"e":{"a":0,"k":[21.205,14.508]},"t":1,"nm":"Gradient Fill 1","hd":false},{"ty":"tr","p":{"a":0,"k":[0,0]},"a":{"a":0,"k":[0,0]},"s":{"a":0,"k":[100,100]},"r":{"a":0,"k":0},"o":{"a":0,"k":100},"sk":{"a":0,"k":0},"sa":{"a":0,"k":0},"nm":"Transform"}],"nm":"Group 1","bm":0,"hd":false}],"ip":0,"op":211,"st":0,"bm":0}]},{"id":"comp_2","nm":"wi 4 - Color","layers":[{"ddd":0,"ind":1,"ty":4,"nm":"Layer 2","sr":1,"ks":{"o":{"a":1,"k":[{"i":{"x":[0.833],"y":[0.833]},"o":{"x":[0.167],"y":[0.167]},"t":0,"s":[0]},{"t":10,"s":[30]}]},"r":{"a":0,"k":0},"p":{"a":0,"k":[553.112,464.908,0]},"a":{"a":0,"k":[0,0,0]},"s":{"a":0,"k":[200,200,100]}},"ao":0,"ef":[{"ty":29,"nm":"Gaussian Blur","np":5,"mn":"ADBE Gaussian Blur 2","ix":1,"en":1,"ef":[{"ty":0,"nm":"Blurriness","mn":"ADBE Gaussian Blur 2-0001","ix":1,"v":{"a":0,"k":40}},{"ty":7,"nm":"Blur Dimensions","mn":"ADBE Gaussian Blur 2-0002","ix":2,"v":{"a":0,"k":1}},{"ty":7,"nm":"Repeat Edge Pixels","mn":"ADBE Gaussian Blur 2-0003","ix":3,"v":{"a":0,"k":0}}]}],"shapes":[{"ty":"gr","it":[{"ind":0,"ty":"sh","ks":{"a":0,"k":{"i":[[-0.176,-3.183],[0.001,0],[0,0],[-0.002,0],[-0.013,0],[-0.06,0.003],[-0.251,0.006],[-0.988,-0.01],[-3.631,-0.328],[-11.601,-3.606],[-22.621,-32.761],[0,0],[24.233,7.534],[7.626,0.688],[2.128,0.022],[0.571,-0.014],[0.154,-0.006],[0.043,-0.002],[0.012,-0.001],[0.004,0],[0.001,0]],"o":[[0.177,3.182],[0,0],[0,0],[0.005,0],[0.027,-0.001],[0.121,-0.005],[0.501,-0.012],[1.975,0.021],[7.266,0.656],[23.181,7.207],[0,0],[-23.598,-34.177],[-12.107,-3.764],[-3.814,-0.344],[-1.064,-0.012],[-0.286,0.006],[-0.077,0.003],[-0.021,0.001],[-0.007,0],[-0.002,0.001],[-0.002,0]],"v":[[-0.001,-31.399],[0.174,-28.217],[0.174,-28.217],[0.177,-28.217],[0.204,-28.218],[0.334,-28.224],[0.893,-28.241],[3.138,-28.253],[11.641,-27.802],[40.69,-21.982],[115.314,33.363],[120.56,29.741],[42.583,-28.069],[12.214,-34.151],[3.205,-34.627],[0.74,-34.614],[0.079,-34.594],[-0.101,-34.586],[-0.152,-34.583],[-0.168,-34.583],[-0.174,-34.582]],"c":true}},"nm":"Path 1","hd":false},{"ind":1,"ty":"sh","ks":{"a":0,"k":{"i":[[0,0],[-22.935,6.899],[-7.126,0.473],[-1.928,-0.037],[-0.488,-0.027],[-0.116,-0.008],[-0.025,-0.002],[-0.004,0],[0,0],[0,0],[-0.288,3.174],[0.002,0],[0.003,0],[0.007,0],[0.021,0.001],[0.076,0.005],[0.281,0.015],[1.046,0.02],[3.76,-0.249],[12.024,-3.617],[24.383,-35.356]],"o":[[23.429,-33.972],[11.484,-3.455],[3.562,-0.236],[0.964,0.019],[0.244,0.014],[0.058,0.004],[0.013,0.001],[0.002,0],[0,0],[-0.001,0],[0.289,-3.175],[-0.001,0],[-0.004,0],[-0.013,-0.001],[-0.043,-0.004],[-0.153,-0.012],[-0.563,-0.032],[-2.094,-0.04],[-7.516,0.498],[-24.08,7.244],[0,0]],"v":[[-115.314,33.362],[-40.121,-22.869],[-11.494,-28.132],[-3.169,-28.351],[-0.98,-28.272],[-0.439,-28.237],[-0.314,-28.227],[-0.289,-28.225],[-0.286,-28.225],[-0.287,-28.225],[-0.001,-31.399],[0.284,-34.574],[0.278,-34.575],[0.262,-34.576],[0.211,-34.58],[0.033,-34.594],[-0.619,-34.636],[-3.045,-34.725],[-11.916,-34.493],[-41.958,-28.974],[-120.562,29.743]],"c":true}},"nm":"Path 2","hd":false},{"ind":2,"ty":"sh","ks":{"a":0,"k":{"i":[[0,0],[-1.449,1.001],[1,1.449]],"o":[[1,1.449],[1.449,-1],[0,0]],"v":[[115.314,33.363],[119.748,34.175],[120.56,29.741]],"c":true}},"nm":"Path 3","hd":false},{"ind":3,"ty":"sh","ks":{"a":0,"k":{"i":[[0,0],[0,0],[0,0],[0,0]],"o":[[0,0],[0,0],[0,0],[0,0]],"v":[[-0.001,-31.399],[-0.289,-28.225],[-0.057,-28.204],[0.176,-28.217]],"c":true}},"nm":"Path 4","hd":false},{"ind":4,"ty":"sh","ks":{"a":0,"k":{"i":[[0,0],[-1.449,-0.999],[-0.999,1.449]],"o":[[-0.999,1.449],[1.45,1],[0,0]],"v":[[-120.562,29.743],[-119.748,34.176],[-115.314,33.362]],"c":true}},"nm":"Path 5","hd":false},{"ty":"fl","c":{"a":0,"k":[1,1,1,1]},"o":{"a":0,"k":100},"r":1,"bm":0,"nm":"Fill 1","hd":false},{"ty":"tr","p":{"a":0,"k":[0,0]},"a":{"a":0,"k":[0,0]},"s":{"a":0,"k":[100,100]},"r":{"a":0,"k":0},"o":{"a":0,"k":100},"sk":{"a":0,"k":0},"sa":{"a":0,"k":0},"nm":"Transform"}],"nm":"Group 1","bm":0,"hd":false}],"ip":0,"op":210,"st":0,"bm":0},{"ddd":0,"ind":2,"ty":4,"nm":"Layer 6","sr":1,"ks":{"o":{"a":0,"k":100},"r":{"a":0,"k":0},"p":{"a":0,"k":[552.647,565.063,0]},"a":{"a":0,"k":[0,0,0]},"s":{"a":0,"k":[200,200,100]}},"ao":0,"shapes":[{"ty":"gr","it":[{"ind":0,"ty":"sh","ks":{"a":0,"k":{"i":[[-59.489,-59.49],[-5.335,-7.73],[4.347,-3],[3,4.347],[5.653,5.653],[52.021,-52.021],[4.868,-7.016],[4.339,3.011],[-3.011,4.339],[-6.238,6.238]],"o":[[6.491,6.49],[3,4.346],[-4.346,2.999],[-4.692,-6.798],[-52.021,-52.021],[-5.379,5.379],[-3.01,4.339],[-4.339,-3.01],[5.484,-7.906],[59.489,-59.49]],"v":[[107.63,-46.04],[125.584,-24.405],[123.145,-11.103],[109.844,-13.542],[94.107,-32.517],[-94.277,-32.517],[-109.858,-13.599],[-123.165,-11.193],[-125.571,-24.5],[-107.8,-46.04]],"c":true}},"nm":"Path 2","hd":false},{"ty":"gf","o":{"a":0,"k":100},"r":1,"bm":0,"g":{"p":3,"k":{"a":0,"k":[0,0.38,0.224,0.855,0.5,0.19,0.347,0.855,1,0,0.471,0.855]}},"s":{"a":0,"k":[-163.667,-155.724]},"e":{"a":0,"k":[122.498,45.049]},"t":1,"nm":"Gradient Fill 1","hd":false},{"ty":"tr","p":{"a":0,"k":[0,0]},"a":{"a":0,"k":[0,0]},"s":{"a":0,"k":[100,100]},"r":{"a":0,"k":0},"o":{"a":0,"k":100},"sk":{"a":0,"k":0},"sa":{"a":0,"k":0},"nm":"Transform"}],"nm":"Group 1","bm":0,"hd":false}],"ip":0,"op":210,"st":0,"bm":0}]},{"id":"comp_3","nm":"wi 3 - Color","layers":[{"ddd":0,"ind":1,"ty":4,"nm":"Layer 3","sr":1,"ks":{"o":{"a":1,"k":[{"i":{"x":[0.833],"y":[0.833]},"o":{"x":[0.167],"y":[0.167]},"t":0,"s":[0]},{"t":10,"s":[30]}]},"r":{"a":0,"k":0},"p":{"a":0,"k":[553.51,546.195,0]},"a":{"a":0,"k":[0,0,0]},"s":{"a":0,"k":[200,200,100]}},"ao":0,"ef":[{"ty":29,"nm":"Gaussian Blur","np":5,"mn":"ADBE Gaussian Blur 2","ix":1,"en":1,"ef":[{"ty":0,"nm":"Blurriness","mn":"ADBE Gaussian Blur 2-0001","ix":1,"v":{"a":0,"k":40}},{"ty":7,"nm":"Blur Dimensions","mn":"ADBE Gaussian Blur 2-0002","ix":2,"v":{"a":0,"k":1}},{"ty":7,"nm":"Repeat Edge Pixels","mn":"ADBE Gaussian Blur 2-0003","ix":3,"v":{"a":0,"k":0}}]}],"shapes":[{"ty":"gr","it":[{"ind":0,"ty":"sh","ks":{"a":0,"k":{"i":[[-0.24,-3.178],[0.001,0],[0,0],[-0.001,0],[-0.008,0],[-0.041,0.003],[-0.177,0.007],[-0.705,0.001],[-2.603,-0.233],[-8.229,-2.838],[-15.102,-26.719],[0,0],[17.658,6.092],[5.623,0.504],[1.585,-0.002],[0.432,-0.017],[0.119,-0.007],[0.035,-0.002],[0.011,-0.001],[0.004,0],[0.001,0]],"o":[[0.241,3.179],[-0.001,0],[-0.001,0],[0.002,0],[0.017,-0.001],[0.082,-0.004],[0.353,-0.014],[1.413,-0.002],[5.21,0.467],[16.408,5.662],[0,0],[-15.976,-28.265],[-8.805,-3.038],[-2.813,-0.252],[-0.793,0.001],[-0.216,0.009],[-0.06,0.004],[-0.017,0.001],[-0.006,0],[-0.002,0],[-0.003,0.001]],"v":[[-0.399,-25.468],[-0.16,-22.289],[-0.162,-22.289],[-0.162,-22.289],[-0.147,-22.29],[-0.061,-22.296],[0.328,-22.314],[1.925,-22.344],[8.02,-22.057],[28.744,-17.575],[80.498,27.099],[86.048,23.962],[30.823,-23.601],[8.589,-28.406],[1.919,-28.719],[0.072,-28.684],[-0.432,-28.66],[-0.574,-28.651],[-0.616,-28.648],[-0.63,-28.647],[-0.635,-28.647]],"c":true}},"nm":"Path 1","hd":false},{"ind":1,"ty":"sh","ks":{"a":0,"k":{"i":[[0,0],[-16.908,6.183],[-5.543,0.773],[-1.526,0.095],[-0.388,0.011],[-0.092,0.001],[-0.02,0],[-0.003,0],[0,0],[0,0],[0,3.188],[0.002,0],[0.002,0],[0.005,0],[0.017,0],[0.062,-0.001],[0.227,-0.007],[0.835,-0.052],[2.946,-0.411],[8.971,-3.281],[13.613,-26.4]],"o":[[12.684,-24.598],[8.46,-3.094],[2.769,-0.386],[0.763,-0.047],[0.194,-0.006],[0.046,-0.001],[0.01,0],[0.002,0],[-0.001,0],[-0.001,0],[0,-3.187],[-0.001,0],[-0.003,0],[-0.011,0],[-0.035,0],[-0.123,0.001],[-0.453,0.013],[-1.671,0.105],[-5.887,0.821],[-17.956,6.567],[0,0]],"v":[[-80.44,26.991],[-30.88,-16.099],[-9.21,-21.514],[-2.683,-22.187],[-0.946,-22.269],[-0.516,-22.279],[-0.417,-22.28],[-0.398,-22.28],[-0.395,-22.28],[-0.396,-22.28],[-0.399,-25.468],[-0.402,-28.655],[-0.407,-28.655],[-0.42,-28.655],[-0.462,-28.655],[-0.608,-28.653],[-1.135,-28.641],[-3.079,-28.55],[-10.09,-27.828],[-33.069,-22.087],[-86.107,24.07]],"c":true}},"nm":"Path 2","hd":false},{"ind":2,"ty":"sh","ks":{"a":0,"k":{"i":[[0,0],[-1.533,0.866],[0.867,1.533]],"o":[[0.867,1.533],[1.532,-0.867],[0,0]],"v":[[80.498,27.099],[84.842,28.306],[86.048,23.962]],"c":true}},"nm":"Path 3","hd":false},{"ind":3,"ty":"sh","ks":{"a":0,"k":{"i":[[0,0],[0,0],[0,0],[0,0]],"o":[[0,0],[0,0],[0,0],[0,0]],"v":[[-0.399,-25.468],[-0.399,-22.28],[-0.278,-22.28],[-0.158,-22.289]],"c":true}},"nm":"Path 4","hd":false},{"ind":4,"ty":"sh","ks":{"a":0,"k":{"i":[[0,0],[-1.565,-0.807],[-0.807,1.565]],"o":[[-0.806,1.564],[1.564,0.806],[0,0]],"v":[[-86.107,24.07],[-84.734,28.364],[-80.44,26.991]],"c":true}},"nm":"Path 5","hd":false},{"ty":"fl","c":{"a":0,"k":[1,1,1,1]},"o":{"a":0,"k":100},"r":1,"bm":0,"nm":"Fill 1","hd":false},{"ty":"tr","p":{"a":0,"k":[0,0]},"a":{"a":0,"k":[0,0]},"s":{"a":0,"k":[100,100]},"r":{"a":0,"k":0},"o":{"a":0,"k":100},"sk":{"a":0,"k":0},"sa":{"a":0,"k":0},"nm":"Transform"}],"nm":"Group 1","bm":0,"hd":false}],"ip":0,"op":210,"st":0,"bm":0},{"ddd":0,"ind":2,"ty":4,"nm":"Layer 8","sr":1,"ks":{"o":{"a":0,"k":100},"r":{"a":0,"k":0},"p":{"a":0,"k":[551.901,566.317,0]},"a":{"a":0,"k":[0,0,0]},"s":{"a":0,"k":[200,200,100]}},"ao":0,"shapes":[{"ty":"gr","it":[{"ty":"fl","c":{"a":0,"k":[1,0,0,1]},"o":{"a":0,"k":100},"r":1,"bm":0,"nm":"Fill 1","hd":false},{"ty":"tr","p":{"a":0,"k":[0,0]},"a":{"a":0,"k":[0,0]},"s":{"a":0,"k":[100,100]},"r":{"a":0,"k":0},"o":{"a":0,"k":100},"sk":{"a":0,"k":0},"sa":{"a":0,"k":0},"nm":"Transform"}],"nm":"Group 2","bm":0,"hd":false},{"ty":"gr","it":[{"ind":0,"ty":"sh","ks":{"a":0,"k":{"i":[[-40.142,-40.142],[-4.968,-9.714],[4.702,-2.405],[2.405,4.702],[6.076,6.076],[32.674,-32.674],[3.97,-7.848],[4.713,2.384],[-2.384,4.712],[-7.785,7.785]],"o":[[7.533,7.533],[2.405,4.702],[-4.702,2.405],[-4.084,-7.986],[-32.674,-32.674],[-6.347,6.347],[-2.384,4.713],[-4.713,-2.384],[4.881,-9.65],[40.142,-40.142]],"v":[[73.165,-14.524],[92.187,11.86],[88.028,24.728],[75.16,20.569],[59.642,-1],[-58.681,-1],[-74.154,20.332],[-87.003,24.549],[-91.22,11.7],[-72.204,-14.524]],"c":true}},"nm":"Path 4","hd":false},{"ty":"gf","o":{"a":0,"k":100},"r":1,"bm":0,"g":{"p":3,"k":{"a":0,"k":[0,0.38,0.224,0.855,0.5,0.19,0.347,0.855,1,0,0.471,0.855]}},"s":{"a":0,"k":[-182.666,-122.899]},"e":{"a":0,"k":[101.904,73.023]},"t":1,"nm":"Gradient Fill 1","hd":false},{"ty":"tr","p":{"a":0,"k":[0,0]},"a":{"a":0,"k":[0,0]},"s":{"a":0,"k":[100,100]},"r":{"a":0,"k":0},"o":{"a":0,"k":100},"sk":{"a":0,"k":0},"sa":{"a":0,"k":0},"nm":"Transform"}],"nm":"Group 1","bm":0,"hd":false}],"ip":0,"op":210,"st":0,"bm":0}]},{"id":"comp_4","nm":"wi 2 - Color","layers":[{"ddd":0,"ind":1,"ty":4,"nm":"Layer 4","sr":1,"ks":{"o":{"a":1,"k":[{"i":{"x":[0.833],"y":[0.833]},"o":{"x":[0.167],"y":[0.167]},"t":10,"s":[0]},{"t":20,"s":[30]}]},"r":{"a":0,"k":0},"p":{"a":0,"k":[553.09,625.415,0]},"a":{"a":0,"k":[0,0,0]},"s":{"a":0,"k":[200,200,100]}},"ao":0,"ef":[{"ty":29,"nm":"Gaussian Blur","np":5,"mn":"ADBE Gaussian Blur 2","ix":1,"en":1,"ef":[{"ty":0,"nm":"Blurriness","mn":"ADBE Gaussian Blur 2-0001","ix":1,"v":{"a":0,"k":40}},{"ty":7,"nm":"Blur Dimensions","mn":"ADBE Gaussian Blur 2-0002","ix":2,"v":{"a":0,"k":1}},{"ty":7,"nm":"Repeat Edge Pixels","mn":"ADBE Gaussian Blur 2-0003","ix":3,"v":{"a":0,"k":0}}]}],"shapes":[{"ty":"gr","it":[{"ind":0,"ty":"sh","ks":{"a":0,"k":{"i":[[-0.368,-3.166],[0.001,0],[0,0],[0.001,0],[-0.004,0.001],[-0.023,0.002],[-0.107,0.008],[-0.439,0.017],[-1.625,-0.093],[-5.005,-1.684],[-7.957,-17.43],[0,0],[11.387,3.83],[3.694,0.211],[1.06,-0.041],[0.296,-0.024],[0.085,-0.008],[0.026,-0.003],[0.009,-0.001],[0.003,-0.001],[0.001,0]],"o":[[0.369,3.166],[0,0.001],[-0.002,0],[0,0],[0.007,0],[0.046,-0.005],[0.214,-0.017],[0.88,-0.034],[3.254,0.187],[9.93,3.341],[0,0],[-8.778,-19.229],[-5.653,-1.902],[-1.849,-0.106],[-0.531,0.021],[-0.148,0.011],[-0.042,0.005],[-0.013,0.001],[-0.004,0],[-0.002,0],[-0.002,0.001]],"v":[[-0.399,-16.272],[-0.033,-13.106],[-0.035,-13.105],[-0.038,-13.105],[-0.033,-13.106],[0.012,-13.11],[0.243,-13.13],[1.229,-13.187],[5.035,-13.14],[17.81,-10.662],[47.702,17.723],[53.501,15.076],[19.842,-16.704],[5.399,-19.504],[0.984,-19.557],[-0.262,-19.485],[-0.612,-19.455],[-0.714,-19.444],[-0.747,-19.44],[-0.758,-19.439],[-0.763,-19.439]],"c":true}},"nm":"Path 1","hd":false},{"ind":1,"ty":"sh","ks":{"a":0,"k":{"i":[[0,0],[-9.991,3.547],[-3.323,0.305],[-0.905,0.003],[-0.223,-0.007],[-0.049,-0.002],[-0.008,0],[0,0],[0.001,0],[0,0],[-0.217,3.18],[0.002,0],[0.001,0],[0.005,0],[0.013,0],[0.043,0.002],[0.149,0.005],[0.536,-0.002],[1.866,-0.172],[5.633,-2],[7.986,-18.495]],"o":[[7.154,-16.568],[5.026,-1.785],[1.658,-0.152],[0.452,-0.001],[0.112,0.004],[0.024,0.002],[0.004,0],[0,0],[0,0],[-0.001,0],[0.218,-3.18],[-0.001,0],[-0.004,0],[-0.008,-0.001],[-0.025,-0.002],[-0.084,-0.004],[-0.298,-0.01],[-1.072,0.003],[-3.725,0.342],[-11.325,4.022],[0,0]],"v":[[-47.675,17.661],[-18.756,-10.082],[-5.822,-12.924],[-1.925,-13.119],[-0.906,-13.105],[-0.664,-13.095],[-0.615,-13.092],[-0.609,-13.091],[-0.611,-13.092],[-0.613,-13.092],[-0.399,-16.272],[-0.185,-19.452],[-0.189,-19.453],[-0.201,-19.453],[-0.233,-19.455],[-0.335,-19.461],[-0.686,-19.476],[-1.944,-19.494],[-6.405,-19.272],[-20.889,-16.09],[-53.528,15.134]],"c":true}},"nm":"Path 2","hd":false},{"ind":2,"ty":"sh","ks":{"a":0,"k":{"i":[[0,0],[-1.601,0.731],[0.731,1.602]],"o":[[0.731,1.602],[1.602,-0.731],[0,0]],"v":[[47.702,17.723],[51.925,19.299],[53.501,15.076]],"c":true}},"nm":"Path 3","hd":false},{"ind":3,"ty":"sh","ks":{"a":0,"k":{"i":[[0,0],[0,0],[0,0],[0,0]],"o":[[0,0],[0,0],[0,0],[0,0]],"v":[[-0.399,-16.272],[-0.616,-13.092],[-0.322,-13.072],[-0.03,-13.106]],"c":true}},"nm":"Path 4","hd":false},{"ind":4,"ty":"sh","ks":{"a":0,"k":{"i":[[0,0],[-1.616,-0.698],[-0.698,1.616]],"o":[[-0.698,1.616],[1.616,0.697],[0,0]],"v":[[-53.528,15.134],[-51.865,19.324],[-47.675,17.661]],"c":true}},"nm":"Path 5","hd":false},{"ty":"fl","c":{"a":0,"k":[1,1,1,1]},"o":{"a":0,"k":100},"r":1,"bm":0,"nm":"Fill 1","hd":false},{"ty":"tr","p":{"a":0,"k":[0,0]},"a":{"a":0,"k":[0,0]},"s":{"a":0,"k":[100,100]},"r":{"a":0,"k":0},"o":{"a":0,"k":100},"sk":{"a":0,"k":0},"sa":{"a":0,"k":0},"nm":"Transform"}],"nm":"Group 1","bm":0,"hd":false}],"ip":10,"op":210,"st":0,"bm":0},{"ddd":0,"ind":2,"ty":4,"nm":"Layer 7","sr":1,"ks":{"o":{"a":0,"k":100},"r":{"a":0,"k":0},"p":{"a":0,"k":[550.71,561.317,0]},"a":{"a":0,"k":[0,0,0]},"s":{"a":0,"k":[200,200,100]}},"ao":0,"shapes":[{"ty":"gr","it":[{"ind":0,"ty":"sh","ks":{"a":0,"k":{"i":[[-25.353,-25.354],[-3.268,-7.456],[4.838,-2.12],[2.119,4.838],[3.98,3.981],[17.885,-17.885],[2.354,-5.379],[4.839,2.117],[-2.117,4.839],[-5.699,5.698]],"o":[[5.707,5.707],[2.119,4.838],[-4.837,2.12],[-2.334,-5.327],[-17.885,-17.885],[-3.959,3.959],[-2.117,4.838],[-4.838,-2.117],[3.283,-7.502],[25.353,-25.354]],"v":[[46.366,24.604],[60.036,44.776],[55.115,57.373],[42.519,52.452],[32.843,38.127],[-31.924,38.127],[-41.451,52.287],[-54.045,57.214],[-58.972,44.62],[-45.447,24.604]],"c":true}},"nm":"Path 3","hd":false},{"ty":"gf","o":{"a":0,"k":100},"r":1,"bm":0,"g":{"p":3,"k":{"a":0,"k":[0,0.38,0.224,0.855,0.5,0.19,0.347,0.855,1,0,0.471,0.855]}},"s":{"a":0,"k":[-73.666,-25.698]},"e":{"a":0,"k":[33.265,89.794]},"t":1,"nm":"Gradient Fill 1","hd":false},{"ty":"tr","p":{"a":0,"k":[0,0]},"a":{"a":0,"k":[0,0]},"s":{"a":0,"k":[100,100]},"r":{"a":0,"k":0},"o":{"a":0,"k":100},"sk":{"a":0,"k":0},"sa":{"a":0,"k":0},"nm":"Transform"}],"nm":"Group 1","bm":0,"hd":false}],"ip":0,"op":210,"st":0,"bm":0}]}],"layers":[{"ddd":0,"ind":1,"ty":0,"nm":"05 - WiFi (found network) (color)  - Comped - SV2","refId":"comp_0","sr":1,"ks":{"o":{"a":1,"k":[{"i":{"x":[0.833],"y":[0.833]},"o":{"x":[0.167],"y":[0.167]},"t":0,"s":[0]},{"i":{"x":[0.833],"y":[0.833]},"o":{"x":[0.167],"y":[0.167]},"t":10,"s":[100]},{"i":{"x":[0.833],"y":[0.833]},"o":{"x":[0.167],"y":[0.167]},"t":199,"s":[100]},{"t":209,"s":[0]}]},"r":{"a":0,"k":0},"p":{"a":1,"k":[{"i":{"x":0.36,"y":1},"o":{"x":0.24,"y":0},"t":0,"s":[276,416,0],"to":[0,-23.333,0],"ti":[0,13.333,0]},{"i":{"x":0.76,"y":0.76},"o":{"x":0.24,"y":0.24},"t":30,"s":[276,276,0],"to":[0,0,0],"ti":[0,0,0]},{"i":{"x":0.833,"y":0.833},"o":{"x":1,"y":0},"t":180,"s":[276,276,0],"to":[0,0,0],"ti":[0,0,0]},{"t":209,"s":[276,216,0]}]},"a":{"a":0,"k":[276,276,0]},"s":{"a":0,"k":[100,100,100]}},"ao":0,"w":552,"h":552,"ip":0,"op":210,"st":0,"bm":0}],"markers":[]}