{"v":"5.6.5","fr":60,"ip":0,"op":210,"w":552,"h":552,"nm":"10 - FingerPrint","ddd":0,"assets":[{"id":"comp_0","layers":[{"ddd":0,"ind":1,"ty":3,"nm":"Null 107","sr":1,"ks":{"o":{"a":0,"k":0,"ix":11},"r":{"a":0,"k":0,"ix":10},"p":{"a":0,"k":[276,276,0],"ix":2},"a":{"a":0,"k":[0,0,0],"ix":1},"s":{"a":0,"k":[100,100,100],"ix":6}},"ao":0,"ip":0,"op":210,"st":0,"bm":0},{"ddd":0,"ind":2,"ty":4,"nm":"Shape Layer 16","parent":1,"sr":1,"ks":{"o":{"a":0,"k":100,"ix":11},"r":{"a":0,"k":270,"ix":10},"p":{"a":1,"k":[{"i":{"x":0,"y":1},"o":{"x":0.167,"y":0.167},"t":60,"s":[-110,110,0],"to":[0,0,0],"ti":[0,0,0]},{"i":{"x":0,"y":1},"o":{"x":1,"y":0},"t":70,"s":[-100,100,0],"to":[0,0,0],"ti":[0,0,0]},{"t":90,"s":[-138,128,0]}],"ix":2},"a":{"a":0,"k":[-109,-108,0],"ix":1},"s":{"a":0,"k":[100,100,100],"ix":6}},"ao":0,"shapes":[{"ty":"gr","it":[{"ind":0,"ty":"sh","ix":1,"ks":{"a":1,"k":[{"i":{"x":0.45,"y":1},"o":{"x":1,"y":0},"t":70,"s":[{"i":[[0,0],[0,0],[0,0]],"o":[[0,0],[0,0],[0,0]],"v":[[-197,-108],[-197,-196],[-109,-196]],"c":false}]},{"t":90,"s":[{"i":[[0,0],[0,0],[0,0]],"o":[[0,0],[0,0],[0,0]],"v":[[-197,-148],[-197,-196],[-149,-196]],"c":false}]}],"ix":2},"nm":"Path 1","mn":"ADBE Vector Shape - Group","hd":false},{"ty":"gs","o":{"a":0,"k":100,"ix":9},"w":{"a":1,"k":[{"i":{"x":[0.833],"y":[0.833]},"o":{"x":[1],"y":[0]},"t":75,"s":[15]},{"t":85,"s":[0]}],"ix":10},"g":{"p":3,"k":{"a":0,"k":[0,0.38,0.224,0.855,0.5,0.19,0.347,0.855,1,0,0.471,0.855],"ix":8}},"s":{"a":0,"k":[-199,134],"ix":4},"e":{"a":0,"k":[198,-184],"ix":5},"t":1,"lc":2,"lj":2,"bm":0,"nm":"Gradient Stroke 1","mn":"ADBE Vector Graphic - G-Stroke","hd":false},{"ty":"tr","p":{"a":0,"k":[0,0],"ix":2},"a":{"a":0,"k":[0,0],"ix":1},"s":{"a":0,"k":[100,100],"ix":3},"r":{"a":0,"k":0,"ix":6},"o":{"a":0,"k":100,"ix":7},"sk":{"a":0,"k":0,"ix":4},"sa":{"a":0,"k":0,"ix":5},"nm":"Transform"}],"nm":"Shape 1","np":3,"cix":2,"bm":0,"ix":1,"mn":"ADBE Vector Group","hd":false},{"ty":"rd","nm":"Round Corners 1","r":{"a":0,"k":20,"ix":1},"ix":2,"mn":"ADBE Vector Filter - RC","hd":false}],"ip":60,"op":210,"st":0,"bm":0},{"ddd":0,"ind":3,"ty":4,"nm":"Shape Layer 15","parent":1,"sr":1,"ks":{"o":{"a":0,"k":100,"ix":11},"r":{"a":0,"k":180,"ix":10},"p":{"a":1,"k":[{"i":{"x":0,"y":1},"o":{"x":0.167,"y":0.167},"t":60,"s":[106,110,0],"to":[0,0,0],"ti":[0,0,0]},{"i":{"x":0,"y":1},"o":{"x":1,"y":0},"t":70,"s":[96,100,0],"to":[0,0,0],"ti":[0,0,0]},{"t":90,"s":[126,130,0]}],"ix":2},"a":{"a":0,"k":[-109,-108,0],"ix":1},"s":{"a":0,"k":[100,100,100],"ix":6}},"ao":0,"shapes":[{"ty":"gr","it":[{"ind":0,"ty":"sh","ix":1,"ks":{"a":1,"k":[{"i":{"x":0.45,"y":1},"o":{"x":1,"y":0},"t":70,"s":[{"i":[[0,0],[0,0],[0,0]],"o":[[0,0],[0,0],[0,0]],"v":[[-197,-108],[-197,-196],[-109,-196]],"c":false}]},{"t":90,"s":[{"i":[[0,0],[0,0],[0,0]],"o":[[0,0],[0,0],[0,0]],"v":[[-197,-148],[-197,-196],[-149,-196]],"c":false}]}],"ix":2},"nm":"Path 1","mn":"ADBE Vector Shape - Group","hd":false},{"ty":"gs","o":{"a":0,"k":100,"ix":9},"w":{"a":1,"k":[{"i":{"x":[0.833],"y":[0.833]},"o":{"x":[1],"y":[0]},"t":75,"s":[15]},{"t":85,"s":[0]}],"ix":10},"g":{"p":3,"k":{"a":0,"k":[0,0.38,0.224,0.855,0.5,0.19,0.347,0.855,1,0,0.471,0.855],"ix":8}},"s":{"a":0,"k":[-199,-184],"ix":4},"e":{"a":0,"k":[208,196],"ix":5},"t":1,"lc":2,"lj":2,"bm":0,"nm":"Gradient Stroke 1","mn":"ADBE Vector Graphic - G-Stroke","hd":false},{"ty":"tr","p":{"a":0,"k":[0,0],"ix":2},"a":{"a":0,"k":[0,0],"ix":1},"s":{"a":0,"k":[100,100],"ix":3},"r":{"a":0,"k":0,"ix":6},"o":{"a":0,"k":100,"ix":7},"sk":{"a":0,"k":0,"ix":4},"sa":{"a":0,"k":0,"ix":5},"nm":"Transform"}],"nm":"Shape 1","np":2,"cix":2,"bm":0,"ix":1,"mn":"ADBE Vector Group","hd":false},{"ty":"rd","nm":"Round Corners 1","r":{"a":0,"k":20,"ix":1},"ix":2,"mn":"ADBE Vector Filter - RC","hd":false}],"ip":60,"op":210,"st":0,"bm":0},{"ddd":0,"ind":4,"ty":4,"nm":"Shape Layer 14","parent":1,"sr":1,"ks":{"o":{"a":0,"k":100,"ix":11},"r":{"a":0,"k":90,"ix":10},"p":{"a":1,"k":[{"i":{"x":0,"y":1},"o":{"x":0.167,"y":0.167},"t":60,"s":[106,-108,0],"to":[0,0,0],"ti":[0,0,0]},{"i":{"x":0,"y":1},"o":{"x":1,"y":0},"t":70,"s":[96,-98,0],"to":[0,0,0],"ti":[0,0,0]},{"t":90,"s":[126,-128,0]}],"ix":2},"a":{"a":0,"k":[-109,-108,0],"ix":1},"s":{"a":0,"k":[100,100,100],"ix":6}},"ao":0,"shapes":[{"ty":"gr","it":[{"ind":0,"ty":"sh","ix":1,"ks":{"a":1,"k":[{"i":{"x":0.45,"y":1},"o":{"x":1,"y":0},"t":70,"s":[{"i":[[0,0],[0,0],[0,0]],"o":[[0,0],[0,0],[0,0]],"v":[[-197,-108],[-197,-196],[-109,-196]],"c":false}]},{"t":90,"s":[{"i":[[0,0],[0,0],[0,0]],"o":[[0,0],[0,0],[0,0]],"v":[[-197,-148],[-197,-196],[-149,-196]],"c":false}]}],"ix":2},"nm":"Path 1","mn":"ADBE Vector Shape - Group","hd":false},{"ty":"gs","o":{"a":0,"k":100,"ix":9},"w":{"a":1,"k":[{"i":{"x":[0.833],"y":[0.833]},"o":{"x":[1],"y":[0]},"t":75,"s":[15]},{"t":85,"s":[0]}],"ix":10},"g":{"p":3,"k":{"a":0,"k":[0,0.38,0.224,0.855,0.5,0.19,0.347,0.855,1,0,0.471,0.855],"ix":8}},"s":{"a":0,"k":[235,-208],"ix":4},"e":{"a":0,"k":[-190,200],"ix":5},"t":1,"lc":2,"lj":2,"bm":0,"nm":"Gradient Stroke 1","mn":"ADBE Vector Graphic - G-Stroke","hd":false},{"ty":"tr","p":{"a":0,"k":[0,0],"ix":2},"a":{"a":0,"k":[0,0],"ix":1},"s":{"a":0,"k":[100,100],"ix":3},"r":{"a":0,"k":0,"ix":6},"o":{"a":0,"k":100,"ix":7},"sk":{"a":0,"k":0,"ix":4},"sa":{"a":0,"k":0,"ix":5},"nm":"Transform"}],"nm":"Shape 1","np":3,"cix":2,"bm":0,"ix":1,"mn":"ADBE Vector Group","hd":false},{"ty":"rd","nm":"Round Corners 1","r":{"a":0,"k":20,"ix":1},"ix":2,"mn":"ADBE Vector Filter - RC","hd":false}],"ip":60,"op":210,"st":0,"bm":0},{"ddd":0,"ind":5,"ty":4,"nm":"Shape Layer 13","parent":1,"sr":1,"ks":{"o":{"a":0,"k":100,"ix":11},"r":{"a":0,"k":0,"ix":10},"p":{"a":1,"k":[{"i":{"x":0,"y":1},"o":{"x":0.167,"y":0.167},"t":60,"s":[-109,-108,0],"to":[0,0,0],"ti":[0,0,0]},{"i":{"x":0,"y":1},"o":{"x":1,"y":0},"t":70,"s":[-99,-98,0],"to":[0,0,0],"ti":[0,0,0]},{"t":90,"s":[-129,-128,0]}],"ix":2},"a":{"a":0,"k":[-109,-108,0],"ix":1},"s":{"a":0,"k":[100,100,100],"ix":6}},"ao":0,"shapes":[{"ty":"gr","it":[{"ind":0,"ty":"sh","ix":1,"ks":{"a":1,"k":[{"i":{"x":0.45,"y":1},"o":{"x":1,"y":0},"t":70,"s":[{"i":[[0,0],[0,0],[0,0]],"o":[[0,0],[0,0],[0,0]],"v":[[-198,-108],[-198,-196],[-109,-196]],"c":false}]},{"t":90,"s":[{"i":[[0,0],[0,0],[0,0]],"o":[[0,0],[0,0],[0,0]],"v":[[-198,-148],[-198,-196],[-149,-196]],"c":false}]}],"ix":2},"nm":"Path 1","mn":"ADBE Vector Shape - Group","hd":false},{"ty":"gs","o":{"a":0,"k":100,"ix":9},"w":{"a":1,"k":[{"i":{"x":[0.833],"y":[0.833]},"o":{"x":[1],"y":[0]},"t":75,"s":[15]},{"t":85,"s":[0]}],"ix":10},"g":{"p":3,"k":{"a":0,"k":[0,0.38,0.224,0.855,0.5,0.19,0.347,0.855,1,0,0.471,0.855],"ix":8}},"s":{"a":0,"k":[201,198],"ix":4},"e":{"a":0,"k":[-198,-208],"ix":5},"t":1,"lc":2,"lj":2,"bm":0,"nm":"Gradient Stroke 1","mn":"ADBE Vector Graphic - G-Stroke","hd":false},{"ty":"tr","p":{"a":0,"k":[0,0],"ix":2},"a":{"a":0,"k":[0,0],"ix":1},"s":{"a":0,"k":[100,100],"ix":3},"r":{"a":0,"k":0,"ix":6},"o":{"a":0,"k":100,"ix":7},"sk":{"a":0,"k":0,"ix":4},"sa":{"a":0,"k":0,"ix":5},"nm":"Transform"}],"nm":"Shape 1","np":3,"cix":2,"bm":0,"ix":1,"mn":"ADBE Vector Group","hd":false},{"ty":"rd","nm":"Round Corners 1","r":{"a":0,"k":20,"ix":1},"ix":2,"mn":"ADBE Vector Filter - RC","hd":false}],"ip":60,"op":210,"st":0,"bm":0},{"ddd":0,"ind":6,"ty":4,"nm":"Shape Layer 4","parent":1,"sr":1,"ks":{"o":{"a":0,"k":100,"ix":11},"r":{"a":0,"k":270,"ix":10},"p":{"a":1,"k":[{"i":{"x":0,"y":1},"o":{"x":0.167,"y":0.167},"t":21,"s":[-140,130,0],"to":[0,0,0],"ti":[0,0,0]},{"i":{"x":0.15,"y":1},"o":{"x":0,"y":0},"t":60,"s":[-110,110,0],"to":[0,0,0],"ti":[0,0,0]},{"t":70,"s":[-100,100,0]}],"ix":2},"a":{"a":0,"k":[-109,-108,0],"ix":1},"s":{"a":0,"k":[100,100,100],"ix":6}},"ao":0,"shapes":[{"ty":"gr","it":[{"ind":0,"ty":"sh","ix":1,"ks":{"a":1,"k":[{"i":{"x":0,"y":1},"o":{"x":1,"y":0},"t":21,"s":[{"i":[[0,0],[0,0],[0,0]],"o":[[0,0],[0,0],[0,0]],"v":[[-197,-108],[-197,-196],[-109,-196]],"c":false}]},{"t":41,"s":[{"i":[[0,0],[0,0],[0,0]],"o":[[0,0],[0,0],[0,0]],"v":[[-197,-108],[-197,-196],[-109,-196]],"c":false}]}],"ix":2},"nm":"Path 1","mn":"ADBE Vector Shape - Group","hd":false},{"ty":"st","c":{"a":0,"k":[0.8,0.8,0.8,1],"ix":3},"o":{"a":0,"k":100,"ix":4},"w":{"a":1,"k":[{"i":{"x":[0],"y":[1]},"o":{"x":[0.167],"y":[0.167]},"t":21,"s":[0]},{"i":{"x":[0],"y":[0.841]},"o":{"x":[0],"y":[0]},"t":41,"s":[15]},{"i":{"x":[0.634],"y":[1]},"o":{"x":[0.302],"y":[0.038]},"t":60,"s":[12]},{"t":70,"s":[10]}],"ix":5},"lc":2,"lj":2,"bm":0,"nm":"Stroke 1","mn":"ADBE Vector Graphic - Stroke","hd":false},{"ty":"tr","p":{"a":0,"k":[0,0],"ix":2},"a":{"a":0,"k":[0,0],"ix":1},"s":{"a":0,"k":[100,100],"ix":3},"r":{"a":0,"k":0,"ix":6},"o":{"a":0,"k":100,"ix":7},"sk":{"a":0,"k":0,"ix":4},"sa":{"a":0,"k":0,"ix":5},"nm":"Transform"}],"nm":"Shape 1","np":3,"cix":2,"bm":0,"ix":1,"mn":"ADBE Vector Group","hd":false},{"ty":"rd","nm":"Round Corners 1","r":{"a":0,"k":20,"ix":1},"ix":2,"mn":"ADBE Vector Filter - RC","hd":false}],"ip":21,"op":70,"st":0,"bm":0},{"ddd":0,"ind":7,"ty":4,"nm":"Shape Layer 3","parent":1,"sr":1,"ks":{"o":{"a":0,"k":100,"ix":11},"r":{"a":0,"k":180,"ix":10},"p":{"a":1,"k":[{"i":{"x":0,"y":1},"o":{"x":0.167,"y":0.167},"t":21,"s":[126,130,0],"to":[0,0,0],"ti":[0,0,0]},{"i":{"x":0.15,"y":1},"o":{"x":0,"y":0},"t":60,"s":[106,110,0],"to":[0,0,0],"ti":[0,0,0]},{"t":70,"s":[96,100,0]}],"ix":2},"a":{"a":0,"k":[-109,-108,0],"ix":1},"s":{"a":0,"k":[100,100,100],"ix":6}},"ao":0,"shapes":[{"ty":"gr","it":[{"ind":0,"ty":"sh","ix":1,"ks":{"a":1,"k":[{"i":{"x":0,"y":1},"o":{"x":1,"y":0},"t":21,"s":[{"i":[[0,0],[0,0],[0,0]],"o":[[0,0],[0,0],[0,0]],"v":[[-197,-108],[-197,-196],[-109,-196]],"c":false}]},{"t":41,"s":[{"i":[[0,0],[0,0],[0,0]],"o":[[0,0],[0,0],[0,0]],"v":[[-197,-108],[-197,-196],[-109,-196]],"c":false}]}],"ix":2},"nm":"Path 1","mn":"ADBE Vector Shape - Group","hd":false},{"ty":"st","c":{"a":0,"k":[0.8,0.8,0.8,1],"ix":3},"o":{"a":0,"k":100,"ix":4},"w":{"a":1,"k":[{"i":{"x":[0],"y":[1]},"o":{"x":[0.167],"y":[0.167]},"t":21,"s":[0]},{"i":{"x":[0],"y":[0.841]},"o":{"x":[0],"y":[0]},"t":41,"s":[15]},{"i":{"x":[0.634],"y":[1]},"o":{"x":[0.302],"y":[0.038]},"t":60,"s":[12]},{"t":70,"s":[10]}],"ix":5},"lc":2,"lj":2,"bm":0,"nm":"Stroke 1","mn":"ADBE Vector Graphic - Stroke","hd":false},{"ty":"tr","p":{"a":0,"k":[0,0],"ix":2},"a":{"a":0,"k":[0,0],"ix":1},"s":{"a":0,"k":[100,100],"ix":3},"r":{"a":0,"k":0,"ix":6},"o":{"a":0,"k":100,"ix":7},"sk":{"a":0,"k":0,"ix":4},"sa":{"a":0,"k":0,"ix":5},"nm":"Transform"}],"nm":"Shape 1","np":3,"cix":2,"bm":0,"ix":1,"mn":"ADBE Vector Group","hd":false},{"ty":"rd","nm":"Round Corners 1","r":{"a":0,"k":20,"ix":1},"ix":2,"mn":"ADBE Vector Filter - RC","hd":false}],"ip":21,"op":70,"st":0,"bm":0},{"ddd":0,"ind":8,"ty":4,"nm":"Shape Layer 2","parent":1,"sr":1,"ks":{"o":{"a":0,"k":100,"ix":11},"r":{"a":0,"k":90,"ix":10},"p":{"a":1,"k":[{"i":{"x":0,"y":1},"o":{"x":0.167,"y":0.167},"t":21,"s":[126,-128,0],"to":[0,0,0],"ti":[0,0,0]},{"i":{"x":0.15,"y":1},"o":{"x":0,"y":0},"t":60,"s":[106,-108,0],"to":[0,0,0],"ti":[0,0,0]},{"t":70,"s":[96,-98,0]}],"ix":2},"a":{"a":0,"k":[-109,-108,0],"ix":1},"s":{"a":0,"k":[100,100,100],"ix":6}},"ao":0,"shapes":[{"ty":"gr","it":[{"ind":0,"ty":"sh","ix":1,"ks":{"a":1,"k":[{"i":{"x":0,"y":1},"o":{"x":1,"y":0},"t":21,"s":[{"i":[[0,0],[0,0],[0,0]],"o":[[0,0],[0,0],[0,0]],"v":[[-197,-108],[-197,-196],[-109,-196]],"c":false}]},{"t":41,"s":[{"i":[[0,0],[0,0],[0,0]],"o":[[0,0],[0,0],[0,0]],"v":[[-197,-108],[-197,-196],[-109,-196]],"c":false}]}],"ix":2},"nm":"Path 1","mn":"ADBE Vector Shape - Group","hd":false},{"ty":"st","c":{"a":0,"k":[0.8,0.8,0.8,1],"ix":3},"o":{"a":0,"k":100,"ix":4},"w":{"a":1,"k":[{"i":{"x":[0],"y":[1]},"o":{"x":[0.167],"y":[0.167]},"t":21,"s":[0]},{"i":{"x":[0],"y":[0.841]},"o":{"x":[0],"y":[0]},"t":41,"s":[15]},{"i":{"x":[0.634],"y":[1]},"o":{"x":[0.302],"y":[0.038]},"t":60,"s":[12]},{"t":70,"s":[10]}],"ix":5},"lc":2,"lj":2,"bm":0,"nm":"Stroke 1","mn":"ADBE Vector Graphic - Stroke","hd":false},{"ty":"tr","p":{"a":0,"k":[0,0],"ix":2},"a":{"a":0,"k":[0,0],"ix":1},"s":{"a":0,"k":[100,100],"ix":3},"r":{"a":0,"k":0,"ix":6},"o":{"a":0,"k":100,"ix":7},"sk":{"a":0,"k":0,"ix":4},"sa":{"a":0,"k":0,"ix":5},"nm":"Transform"}],"nm":"Shape 1","np":3,"cix":2,"bm":0,"ix":1,"mn":"ADBE Vector Group","hd":false},{"ty":"rd","nm":"Round Corners 1","r":{"a":0,"k":20,"ix":1},"ix":2,"mn":"ADBE Vector Filter - RC","hd":false}],"ip":21,"op":70,"st":0,"bm":0},{"ddd":0,"ind":9,"ty":4,"nm":"Shape Layer 1","parent":1,"sr":1,"ks":{"o":{"a":0,"k":100,"ix":11},"r":{"a":0,"k":0,"ix":10},"p":{"a":1,"k":[{"i":{"x":0,"y":1},"o":{"x":0.167,"y":0.167},"t":21,"s":[-129,-128,0],"to":[0,0,0],"ti":[0,0,0]},{"i":{"x":0.15,"y":1},"o":{"x":0,"y":0},"t":60,"s":[-109,-108,0],"to":[0,0,0],"ti":[0,0,0]},{"t":70,"s":[-99,-98,0]}],"ix":2},"a":{"a":0,"k":[-109,-108,0],"ix":1},"s":{"a":0,"k":[100,100,100],"ix":6}},"ao":0,"shapes":[{"ty":"gr","it":[{"ind":0,"ty":"sh","ix":1,"ks":{"a":1,"k":[{"i":{"x":0,"y":1},"o":{"x":1,"y":0},"t":21,"s":[{"i":[[0,0],[0,0],[0,0]],"o":[[0,0],[0,0],[0,0]],"v":[[-198,-108],[-198,-196],[-109,-196]],"c":false}]},{"t":41,"s":[{"i":[[0,0],[0,0],[0,0]],"o":[[0,0],[0,0],[0,0]],"v":[[-198,-108],[-198,-196],[-109,-196]],"c":false}]}],"ix":2},"nm":"Path 1","mn":"ADBE Vector Shape - Group","hd":false},{"ty":"st","c":{"a":0,"k":[0.8,0.8,0.8,1],"ix":3},"o":{"a":0,"k":100,"ix":4},"w":{"a":1,"k":[{"i":{"x":[0],"y":[1]},"o":{"x":[0.167],"y":[0.167]},"t":21,"s":[0]},{"i":{"x":[0],"y":[0.841]},"o":{"x":[0],"y":[0]},"t":41,"s":[15]},{"i":{"x":[0.634],"y":[1]},"o":{"x":[0.302],"y":[0.038]},"t":60,"s":[12]},{"t":70,"s":[10]}],"ix":5},"lc":2,"lj":2,"bm":0,"nm":"Stroke 1","mn":"ADBE Vector Graphic - Stroke","hd":false},{"ty":"tr","p":{"a":0,"k":[0,0],"ix":2},"a":{"a":0,"k":[0,0],"ix":1},"s":{"a":0,"k":[100,100],"ix":3},"r":{"a":0,"k":0,"ix":6},"o":{"a":0,"k":100,"ix":7},"sk":{"a":0,"k":0,"ix":4},"sa":{"a":0,"k":0,"ix":5},"nm":"Transform"}],"nm":"Shape 1","np":3,"cix":2,"bm":0,"ix":1,"mn":"ADBE Vector Group","hd":false},{"ty":"rd","nm":"Round Corners 1","r":{"a":0,"k":20,"ix":1},"ix":2,"mn":"ADBE Vector Filter - RC","hd":false}],"ip":21,"op":70,"st":0,"bm":0},{"ddd":0,"ind":10,"ty":3,"nm":"Null 92","parent":1,"sr":1,"ks":{"o":{"a":0,"k":0,"ix":11},"r":{"a":0,"k":0,"ix":10},"p":{"a":1,"k":[{"i":{"x":0.25,"y":1},"o":{"x":0.167,"y":0.167},"t":0,"s":[0,120,0],"to":[0,0,0],"ti":[0,0,0]},{"i":{"x":0,"y":1},"o":{"x":0.1,"y":0},"t":20,"s":[0,-6.5,0],"to":[0,0,0],"ti":[0,0,0]},{"t":65,"s":[0,0,0]}],"ix":2},"a":{"a":0,"k":[0,0,0],"ix":1},"s":{"a":1,"k":[{"i":{"x":[0.75,0.75,0.833],"y":[1,1,1]},"o":{"x":[0.85,0.85,0.167],"y":[0,0,3.056]},"t":50,"s":[115,115,100]},{"i":{"x":[0,0,0.833],"y":[1,1,1]},"o":{"x":[0.35,0.35,0.167],"y":[0,0,0]},"t":65,"s":[145,145,100]},{"t":90,"s":[140,140,100]}],"ix":6}},"ao":0,"ip":0,"op":210,"st":0,"bm":0},{"ddd":0,"ind":11,"ty":4,"nm":"Print 5","parent":10,"sr":1,"ks":{"o":{"a":0,"k":100,"ix":11},"r":{"a":0,"k":0,"ix":10},"p":{"a":0,"k":[14.215,64.653,0],"ix":2},"a":{"a":0,"k":[14.215,64.653,0],"ix":1},"s":{"a":0,"k":[100,100,100],"ix":6}},"ao":0,"shapes":[{"ty":"gr","it":[{"ind":0,"ty":"sh","ix":1,"ks":{"a":0,"k":{"i":[[0.001,0],[1.655,22.135]],"o":[[-13.912,-15.922],[1.687,22.125]],"v":[[25.944,93.328],[2.485,35.976]],"c":false},"ix":2},"nm":"Path 7","mn":"ADBE Vector Shape - Group","hd":false},{"ty":"gs","o":{"a":0,"k":100,"ix":9},"w":{"a":0,"k":12,"ix":10},"g":{"p":3,"k":{"a":0,"k":[0,0.38,0.224,0.855,0.498,0.19,0.347,0.855,0.996,0,0.471,0.855],"ix":8}},"s":{"a":0,"k":[71,86],"ix":4},"e":{"a":0,"k":[-96,-98],"ix":5},"t":1,"lc":2,"lj":2,"bm":0,"nm":"Gradient Stroke 1","mn":"ADBE Vector Graphic - G-Stroke","hd":false},{"ty":"tr","p":{"a":0,"k":[0,0],"ix":2},"a":{"a":0,"k":[0,0],"ix":1},"s":{"a":0,"k":[100,100],"ix":3},"r":{"a":0,"k":0,"ix":6},"o":{"a":0,"k":100,"ix":7},"sk":{"a":0,"k":0,"ix":4},"sa":{"a":0,"k":0,"ix":5},"nm":"Transform"}],"nm":"Group 1","np":2,"cix":2,"bm":0,"ix":1,"mn":"ADBE Vector Group","hd":false},{"ty":"tm","s":{"a":0,"k":0,"ix":1},"e":{"a":1,"k":[{"i":{"x":[0],"y":[1]},"o":{"x":[0.167],"y":[0.167]},"t":3,"s":[0]},{"t":73,"s":[100]}],"ix":2},"o":{"a":0,"k":0,"ix":3},"m":2,"ix":2,"nm":"Trim Paths 1","mn":"ADBE Vector Filter - Trim","hd":false}],"ip":3,"op":211,"st":0,"bm":0},{"ddd":0,"ind":12,"ty":4,"nm":"Print 4","parent":10,"sr":1,"ks":{"o":{"a":0,"k":100,"ix":11},"r":{"a":0,"k":0,"ix":10},"p":{"a":0,"k":[16.499,51.534,0],"ix":2},"a":{"a":0,"k":[16.499,51.534,0],"ix":1},"s":{"a":0,"k":[100,100,100],"ix":6}},"ao":0,"shapes":[{"ty":"gr","it":[{"ind":0,"ty":"sh","ix":1,"ks":{"a":0,"k":{"i":[[0.004,0.003],[0.002,16.925],[-0.493,3.073],[-4.796,4.308],[-6.397,0],[-1.059,-0.1],[-4.152,-5.637],[-1.681,-7.58],[0,0],[-18.127,-13.069]],"o":[[-10.68,-21.581],[0,-3.491],[1.356,-8.425],[4.276,-3.844],[1.018,0],[9.158,0.868],[3.757,5.101],[0,0],[3.271,14.9],[-18.238,-13.111]],"v":[[-7.926,98.537],[-24.254,39.681],[-23.512,29.789],[-14.108,10.323],[1.976,4.531],[5.106,4.682],[24.615,14.217],[31.749,33.587],[32.154,35.431],[57.256,80.269]],"c":false},"ix":2},"nm":"Path 8","mn":"ADBE Vector Shape - Group","hd":false},{"ty":"gs","o":{"a":0,"k":100,"ix":9},"w":{"a":0,"k":12,"ix":10},"g":{"p":3,"k":{"a":0,"k":[0,0.38,0.224,0.855,0.498,0.19,0.347,0.855,0.996,0,0.471,0.855],"ix":8}},"s":{"a":0,"k":[71,86],"ix":4},"e":{"a":0,"k":[-96,-98],"ix":5},"t":1,"lc":2,"lj":2,"bm":0,"nm":"Gradient Stroke 1","mn":"ADBE Vector Graphic - G-Stroke","hd":false},{"ty":"tr","p":{"a":0,"k":[0,0],"ix":2},"a":{"a":0,"k":[0,0],"ix":1},"s":{"a":0,"k":[100,100],"ix":3},"r":{"a":0,"k":0,"ix":6},"o":{"a":0,"k":100,"ix":7},"sk":{"a":0,"k":0,"ix":4},"sa":{"a":0,"k":0,"ix":5},"nm":"Transform"}],"nm":"Group 1","np":2,"cix":2,"bm":0,"ix":1,"mn":"ADBE Vector Group","hd":false},{"ty":"tm","s":{"a":0,"k":0,"ix":1},"e":{"a":1,"k":[{"i":{"x":[0],"y":[1]},"o":{"x":[0.167],"y":[0.167]},"t":7,"s":[0]},{"t":76,"s":[100]}],"ix":2},"o":{"a":0,"k":0,"ix":3},"m":2,"ix":2,"nm":"Trim Paths 1","mn":"ADBE Vector Filter - Trim","hd":false}],"ip":7,"op":211,"st":0,"bm":0},{"ddd":0,"ind":13,"ty":4,"nm":"Print 3","parent":10,"sr":1,"ks":{"o":{"a":0,"k":100,"ix":11},"r":{"a":0,"k":0,"ix":10},"p":{"a":0,"k":[11.89,31.089,0],"ix":2},"a":{"a":0,"k":[11.89,31.089,0],"ix":1},"s":{"a":0,"k":[100,100,100],"ix":6}},"ao":0,"shapes":[{"ty":"gr","it":[{"ind":0,"ty":"sh","ix":1,"ks":{"a":0,"k":{"i":[[2.09,13.214],[-11.282,-8.121]],"o":[[2.059,13.228],[0,0]],"v":[[58.519,30.763],[78.074,62.054]],"c":false},"ix":2},"nm":"Path 5","mn":"ADBE Vector Shape - Group","hd":false},{"ind":1,"ty":"sh","ix":2,"ks":{"a":0,"k":{"i":[[0.004,0.003],[-0.002,15.683],[-15.094,12.078],[-11.609,0],[-2.523,-0.396],[-10.766,-15.514]],"o":[[-8.274,-16.72],[0.002,-21.97],[9.516,-7.615],[2.543,0],[15.425,2.424],[-13.627,-19.573]],"v":[[-41.827,88.111],[-54.294,39.28],[-30.54,-14.295],[1.752,-25.934],[9.386,-25.337],[49.42,2.082]],"c":false},"ix":2},"nm":"Path 6","mn":"ADBE Vector Shape - Group","hd":false},{"ty":"gs","o":{"a":0,"k":100,"ix":9},"w":{"a":0,"k":12,"ix":10},"g":{"p":3,"k":{"a":0,"k":[0,0.38,0.224,0.855,0.498,0.19,0.347,0.855,0.996,0,0.471,0.855],"ix":8}},"s":{"a":0,"k":[71,86],"ix":4},"e":{"a":0,"k":[-96,-98],"ix":5},"t":1,"lc":2,"lj":2,"bm":0,"nm":"Gradient Stroke 1","mn":"ADBE Vector Graphic - G-Stroke","hd":false},{"ty":"tr","p":{"a":0,"k":[0,0],"ix":2},"a":{"a":0,"k":[0,0],"ix":1},"s":{"a":0,"k":[100,100],"ix":3},"r":{"a":0,"k":0,"ix":6},"o":{"a":0,"k":100,"ix":7},"sk":{"a":0,"k":0,"ix":4},"sa":{"a":0,"k":0,"ix":5},"nm":"Transform"}],"nm":"Group 1","np":3,"cix":2,"bm":0,"ix":1,"mn":"ADBE Vector Group","hd":false},{"ty":"tm","s":{"a":0,"k":0,"ix":1},"e":{"a":1,"k":[{"i":{"x":[0],"y":[1]},"o":{"x":[0.167],"y":[0.167]},"t":10,"s":[0]},{"t":79,"s":[100]}],"ix":2},"o":{"a":0,"k":0,"ix":3},"m":2,"ix":2,"nm":"Trim Paths 1","mn":"ADBE Vector Filter - Trim","hd":false}],"ip":10,"op":211,"st":0,"bm":0},{"ddd":0,"ind":14,"ty":4,"nm":"Print 2","parent":10,"sr":1,"ks":{"o":{"a":0,"k":100,"ix":11},"r":{"a":0,"k":0,"ix":10},"p":{"a":0,"k":[3.337,0.786,0],"ix":2},"a":{"a":0,"k":[3.337,0.786,0],"ix":1},"s":{"a":0,"k":[100,100,100],"ix":6}},"ao":0,"shapes":[{"ty":"gr","it":[{"ind":0,"ty":"sh","ix":1,"ks":{"a":0,"k":{"i":[[42.023,4.956],[-8.593,-48.884]],"o":[[42.004,4.985],[0,0]],"v":[[7.71,-55.25],[88.506,30.773]],"c":false},"ix":2},"nm":"Path 3","mn":"ADBE Vector Shape - Group","hd":false},{"ind":1,"ty":"sh","ix":2,"ks":{"a":0,"k":{"i":[[0,0],[0,5.122],[-38.678,16.307]],"o":[[-0.625,-5.301],[-0.003,-43.296],[-38.692,16.278]],"v":[[-80.889,56.823],[-81.831,41.115],[-20.967,-52.656]],"c":false},"ix":2},"nm":"Path 4","mn":"ADBE Vector Shape - Group","hd":false},{"ty":"gs","o":{"a":0,"k":100,"ix":9},"w":{"a":0,"k":12,"ix":10},"g":{"p":3,"k":{"a":0,"k":[0,0.38,0.224,0.855,0.498,0.19,0.347,0.855,0.996,0,0.471,0.855],"ix":8}},"s":{"a":0,"k":[71,86],"ix":4},"e":{"a":0,"k":[-96,-98],"ix":5},"t":1,"lc":2,"lj":2,"bm":0,"nm":"Gradient Stroke 1","mn":"ADBE Vector Graphic - G-Stroke","hd":false},{"ty":"tr","p":{"a":0,"k":[0,0],"ix":2},"a":{"a":0,"k":[0,0],"ix":1},"s":{"a":0,"k":[100,100],"ix":3},"r":{"a":0,"k":0,"ix":6},"o":{"a":0,"k":100,"ix":7},"sk":{"a":0,"k":0,"ix":4},"sa":{"a":0,"k":0,"ix":5},"nm":"Transform"}],"nm":"Group 1","np":3,"cix":2,"bm":0,"ix":1,"mn":"ADBE Vector Group","hd":false},{"ty":"tm","s":{"a":0,"k":0,"ix":1},"e":{"a":1,"k":[{"i":{"x":[0],"y":[1]},"o":{"x":[0.167],"y":[0.167]},"t":13,"s":[0]},{"t":82,"s":[100]}],"ix":2},"o":{"a":0,"k":0,"ix":3},"m":2,"ix":2,"nm":"Trim Paths 1","mn":"ADBE Vector Filter - Trim","hd":false}],"ip":13,"op":211,"st":0,"bm":0},{"ddd":0,"ind":15,"ty":4,"nm":"Print","parent":10,"sr":1,"ks":{"o":{"a":0,"k":100,"ix":11},"r":{"a":0,"k":0,"ix":10},"p":{"a":0,"k":[-15.735,-58.658,0],"ix":2},"a":{"a":0,"k":[-15.735,-58.658,0],"ix":1},"s":{"a":0,"k":[100,100,100],"ix":6}},"ao":0,"shapes":[{"ty":"gr","it":[{"ind":0,"ty":"sh","ix":1,"ks":{"a":0,"k":{"i":[[12.719,-7.752],[-18.534,0],[-1.301,-0.043],[-14.306,-10.378]],"o":[[12.707,-7.782],[1.302,0],[20.826,0.696],[0,0]],"v":[[-49.619,-73.479],[-1.163,-85.532],[2.76,-85.467],[57.24,-68.293]],"c":false},"ix":2},"nm":"Path 1","mn":"ADBE Vector Shape - Group","hd":false},{"ind":1,"ty":"sh","ix":2,"ks":{"a":0,"k":{"i":[[0,0],[-8.306,7.37]],"o":[[6.286,-10.92],[-8.327,7.346]],"v":[[-88.71,-31.783],[-67.883,-57.866]],"c":false},"ix":2},"nm":"Path 2","mn":"ADBE Vector Shape - Group","hd":false},{"ty":"gs","o":{"a":0,"k":100,"ix":9},"w":{"a":0,"k":12,"ix":10},"g":{"p":3,"k":{"a":0,"k":[0,0,0.471,0.855,0.5,0.19,0.347,0.855,1,0.38,0.224,0.855],"ix":8}},"s":{"a":0,"k":[71,86],"ix":4},"e":{"a":0,"k":[-96,-98],"ix":5},"t":1,"lc":2,"lj":2,"bm":0,"nm":"Gradient Stroke 1","mn":"ADBE Vector Graphic - G-Stroke","hd":false},{"ty":"tr","p":{"a":0,"k":[0,0],"ix":2},"a":{"a":0,"k":[0,0],"ix":1},"s":{"a":0,"k":[100,100],"ix":3},"r":{"a":0,"k":0,"ix":6},"o":{"a":0,"k":100,"ix":7},"sk":{"a":0,"k":0,"ix":4},"sa":{"a":0,"k":0,"ix":5},"nm":"Transform"}],"nm":"Group 1","np":3,"cix":2,"bm":0,"ix":1,"mn":"ADBE Vector Group","hd":false},{"ty":"tm","s":{"a":0,"k":0,"ix":1},"e":{"a":1,"k":[{"i":{"x":[0],"y":[1]},"o":{"x":[0.167],"y":[0.167]},"t":16,"s":[0]},{"t":85,"s":[100]}],"ix":2},"o":{"a":0,"k":0,"ix":3},"m":2,"ix":2,"nm":"Trim Paths 1","mn":"ADBE Vector Filter - Trim","hd":false}],"ip":16,"op":211,"st":0,"bm":0},{"ddd":0,"ind":16,"ty":4,"nm":"Print 6","parent":10,"sr":1,"ks":{"o":{"a":0,"k":100,"ix":11},"r":{"a":0,"k":0,"ix":10},"p":{"a":0,"k":[-15.735,-58.658,0],"ix":2},"a":{"a":0,"k":[-15.735,-58.658,0],"ix":1},"s":{"a":0,"k":[100,100,100],"ix":6}},"ao":0,"shapes":[{"ty":"gr","it":[{"ind":0,"ty":"sh","ix":1,"ks":{"a":0,"k":{"i":[[12.719,-7.752],[-18.534,0],[-1.301,-0.043],[-14.306,-10.378]],"o":[[12.707,-7.782],[1.302,0],[20.826,0.696],[0,0]],"v":[[-49.619,-73.479],[-1.163,-85.532],[2.76,-85.467],[57.24,-68.293]],"c":false},"ix":2},"nm":"Path 1","mn":"ADBE Vector Shape - Group","hd":false},{"ind":1,"ty":"sh","ix":2,"ks":{"a":0,"k":{"i":[[0,0],[-8.306,7.37]],"o":[[6.286,-10.92],[-8.327,7.346]],"v":[[-88.71,-31.783],[-67.883,-57.866]],"c":false},"ix":2},"nm":"Path 2","mn":"ADBE Vector Shape - Group","hd":false},{"ty":"tr","p":{"a":0,"k":[0,0],"ix":2},"a":{"a":0,"k":[0,0],"ix":1},"s":{"a":0,"k":[100,100],"ix":3},"r":{"a":0,"k":0,"ix":6},"o":{"a":0,"k":100,"ix":7},"sk":{"a":0,"k":0,"ix":4},"sa":{"a":0,"k":0,"ix":5},"nm":"Transform"}],"nm":"Group 1","np":2,"cix":2,"bm":0,"ix":1,"mn":"ADBE Vector Group","hd":false},{"ty":"gr","it":[{"ind":0,"ty":"sh","ix":1,"ks":{"a":0,"k":{"i":[[0.001,0],[1.655,22.135]],"o":[[-13.912,-15.922],[1.687,22.125]],"v":[[25.944,93.328],[2.485,35.976]],"c":false},"ix":2},"nm":"Path 7","mn":"ADBE Vector Shape - Group","hd":false},{"ty":"tr","p":{"a":0,"k":[0,0],"ix":2},"a":{"a":0,"k":[0,0],"ix":1},"s":{"a":0,"k":[100,100],"ix":3},"r":{"a":0,"k":0,"ix":6},"o":{"a":0,"k":100,"ix":7},"sk":{"a":0,"k":0,"ix":4},"sa":{"a":0,"k":0,"ix":5},"nm":"Transform"}],"nm":"Group 2","np":1,"cix":2,"bm":0,"ix":2,"mn":"ADBE Vector Group","hd":false},{"ty":"gr","it":[{"ind":0,"ty":"sh","ix":1,"ks":{"a":0,"k":{"i":[[0.004,0.003],[0.002,16.925],[-0.493,3.073],[-4.796,4.308],[-6.397,0],[-1.059,-0.1],[-4.152,-5.637],[-1.681,-7.58],[0,0],[-18.127,-13.069]],"o":[[-10.68,-21.581],[0,-3.491],[1.356,-8.425],[4.276,-3.844],[1.018,0],[9.158,0.868],[3.757,5.101],[0,0],[3.271,14.9],[-18.238,-13.111]],"v":[[-7.926,98.537],[-24.254,39.681],[-23.512,29.789],[-14.108,10.323],[1.976,4.531],[5.106,4.682],[24.615,14.217],[31.749,33.587],[32.154,35.431],[57.256,80.269]],"c":false},"ix":2},"nm":"Path 8","mn":"ADBE Vector Shape - Group","hd":false},{"ty":"tr","p":{"a":0,"k":[0,0],"ix":2},"a":{"a":0,"k":[0,0],"ix":1},"s":{"a":0,"k":[100,100],"ix":3},"r":{"a":0,"k":0,"ix":6},"o":{"a":0,"k":100,"ix":7},"sk":{"a":0,"k":0,"ix":4},"sa":{"a":0,"k":0,"ix":5},"nm":"Transform"}],"nm":"Group 3","np":1,"cix":2,"bm":0,"ix":3,"mn":"ADBE Vector Group","hd":false},{"ty":"gr","it":[{"ind":0,"ty":"sh","ix":1,"ks":{"a":0,"k":{"i":[[2.09,13.214],[-11.282,-8.121]],"o":[[2.059,13.228],[0,0]],"v":[[58.519,30.763],[78.074,62.054]],"c":false},"ix":2},"nm":"Path 5","mn":"ADBE Vector Shape - Group","hd":false},{"ind":1,"ty":"sh","ix":2,"ks":{"a":0,"k":{"i":[[0.004,0.003],[-0.002,15.683],[-15.094,12.078],[-11.609,0],[-2.523,-0.396],[-10.766,-15.514]],"o":[[-8.274,-16.72],[0.002,-21.97],[9.516,-7.615],[2.543,0],[15.425,2.424],[-13.627,-19.573]],"v":[[-41.827,88.111],[-54.294,39.28],[-30.54,-14.295],[1.752,-25.934],[9.386,-25.337],[49.42,2.082]],"c":false},"ix":2},"nm":"Path 6","mn":"ADBE Vector Shape - Group","hd":false},{"ty":"tr","p":{"a":0,"k":[0,0],"ix":2},"a":{"a":0,"k":[0,0],"ix":1},"s":{"a":0,"k":[100,100],"ix":3},"r":{"a":0,"k":0,"ix":6},"o":{"a":0,"k":100,"ix":7},"sk":{"a":0,"k":0,"ix":4},"sa":{"a":0,"k":0,"ix":5},"nm":"Transform"}],"nm":"Group 4","np":2,"cix":2,"bm":0,"ix":4,"mn":"ADBE Vector Group","hd":false},{"ty":"gr","it":[{"ind":0,"ty":"sh","ix":1,"ks":{"a":0,"k":{"i":[[42.023,4.956],[-8.593,-48.884]],"o":[[42.004,4.985],[0,0]],"v":[[7.71,-55.25],[88.506,30.773]],"c":false},"ix":2},"nm":"Path 3","mn":"ADBE Vector Shape - Group","hd":false},{"ind":1,"ty":"sh","ix":2,"ks":{"a":0,"k":{"i":[[0,0],[0,5.122],[-38.678,16.307]],"o":[[-0.625,-5.301],[-0.003,-43.296],[-38.692,16.278]],"v":[[-80.889,56.823],[-81.831,41.115],[-20.967,-52.656]],"c":false},"ix":2},"nm":"Path 4","mn":"ADBE Vector Shape - Group","hd":false},{"ty":"tr","p":{"a":0,"k":[0,0],"ix":2},"a":{"a":0,"k":[0,0],"ix":1},"s":{"a":0,"k":[100,100],"ix":3},"r":{"a":0,"k":0,"ix":6},"o":{"a":0,"k":100,"ix":7},"sk":{"a":0,"k":0,"ix":4},"sa":{"a":0,"k":0,"ix":5},"nm":"Transform"}],"nm":"Group 5","np":2,"cix":2,"bm":0,"ix":5,"mn":"ADBE Vector Group","hd":false},{"ty":"tm","s":{"a":0,"k":0,"ix":1},"e":{"a":0,"k":100,"ix":2},"o":{"a":0,"k":0,"ix":3},"m":1,"ix":6,"nm":"Trim Paths 1","mn":"ADBE Vector Filter - Trim","hd":false},{"ty":"st","c":{"a":0,"k":[0.8,0.8,0.8,1],"ix":3},"o":{"a":0,"k":100,"ix":4},"w":{"a":1,"k":[{"i":{"x":[0],"y":[1]},"o":{"x":[0.167],"y":[0.167]},"t":0,"s":[0]},{"t":20,"s":[8]}],"ix":5},"lc":2,"lj":2,"bm":0,"nm":"Stroke 1","mn":"ADBE Vector Graphic - Stroke","hd":false}],"ip":0,"op":70,"st":0,"bm":0}]}],"layers":[{"ddd":0,"ind":1,"ty":0,"nm":"10 - FingerPrint - Comped","refId":"comp_0","sr":1,"ks":{"o":{"a":1,"k":[{"i":{"x":[0.833],"y":[0.833]},"o":{"x":[0.167],"y":[0.167]},"t":0,"s":[0]},{"i":{"x":[0.833],"y":[0.833]},"o":{"x":[0.167],"y":[0.167]},"t":10,"s":[100]},{"i":{"x":[0.833],"y":[0.833]},"o":{"x":[0.167],"y":[0.167]},"t":199,"s":[100]},{"t":209,"s":[0]}],"ix":11},"r":{"a":0,"k":0,"ix":10},"p":{"a":1,"k":[{"i":{"x":0.36,"y":1},"o":{"x":0.24,"y":0},"t":0,"s":[276,336,0],"to":[0,-10,0],"ti":[0,13.333,0]},{"i":{"x":0.76,"y":0.76},"o":{"x":0.24,"y":0.24},"t":30,"s":[276,276,0],"to":[0,0,0],"ti":[0,0,0]},{"i":{"x":0.833,"y":0.833},"o":{"x":1,"y":0},"t":180,"s":[276,276,0],"to":[0,0,0],"ti":[0,0,0]},{"t":209,"s":[276,216,0]}],"ix":2},"a":{"a":0,"k":[276,276,0],"ix":1},"s":{"a":0,"k":[100,100,100],"ix":6}},"ao":0,"w":552,"h":552,"ip":0,"op":210,"st":0,"bm":0}],"markers":[]}