{"v":"5.6.5","fr":60,"ip":0,"op":210,"w":552,"h":552,"nm":"06 - Zero Day Patch","ddd":0,"assets":[{"id":"comp_0","layers":[{"ddd":0,"ind":1,"ty":3,"nm":"Null 103","sr":1,"ks":{"o":{"a":0,"k":0,"ix":11},"r":{"a":0,"k":0,"ix":10},"p":{"a":0,"k":[276,276,0],"ix":2},"a":{"a":0,"k":[0,0,0],"ix":1},"s":{"a":0,"k":[100,100,100],"ix":6}},"ao":0,"ip":0,"op":210,"st":0,"bm":0},{"ddd":0,"ind":2,"ty":3,"nm":"Null 71","parent":1,"sr":1,"ks":{"o":{"a":0,"k":0,"ix":11},"r":{"a":1,"k":[{"i":{"x":[0.25],"y":[1]},"o":{"x":[0.167],"y":[0.167]},"t":0,"s":[239]},{"t":60,"s":[0]}],"ix":10},"p":{"a":0,"k":[0,0,0],"ix":2},"a":{"a":0,"k":[0,0,0],"ix":1},"s":{"a":0,"k":[49.819,49.819,100],"ix":6}},"ao":0,"ip":0,"op":210,"st":0,"bm":0},{"ddd":0,"ind":3,"ty":4,"nm":"ball_emb_mask","parent":5,"td":1,"sr":1,"ks":{"o":{"a":0,"k":100,"ix":11},"r":{"a":0,"k":0,"ix":10},"p":{"a":0,"k":[169.234,221.782,0],"ix":2},"a":{"a":0,"k":[169.234,221.782,0],"ix":1},"s":{"a":0,"k":[100,100,100],"ix":6}},"ao":0,"shapes":[{"ty":"gr","it":[{"ind":0,"ty":"sh","ix":1,"ks":{"a":0,"k":{"i":[[0,-34.055],[34.054,0],[0,34.055],[-34.055,0]],"o":[[0,34.055],[-34.055,0],[0,-34.055],[34.054,0]],"v":[[61.661,0],[0.001,61.661],[-61.66,0],[0.001,-61.661]],"c":true},"ix":2},"nm":"Path 1","mn":"ADBE Vector Shape - Group","hd":false},{"ty":"gf","o":{"a":0,"k":100,"ix":10},"r":1,"bm":0,"g":{"p":3,"k":{"a":0,"k":[0,0,0.753,0.647,0.5,0.227,0.837,0.753,1,0.455,0.922,0.859],"ix":9}},"s":{"a":0,"k":[34.25,52.75],"ix":5},"e":{"a":0,"k":[-33.75,-53.5],"ix":6},"t":1,"nm":"Gradient Fill 1","mn":"ADBE Vector Graphic - G-Fill","hd":false},{"ty":"tr","p":{"a":0,"k":[169.234,221.782],"ix":2},"a":{"a":0,"k":[0,0],"ix":1},"s":{"a":0,"k":[100,100],"ix":3},"r":{"a":0,"k":0,"ix":6},"o":{"a":0,"k":100,"ix":7},"sk":{"a":0,"k":0,"ix":4},"sa":{"a":0,"k":0,"ix":5},"nm":"Transform"}],"nm":"Group 1","np":2,"cix":2,"bm":0,"ix":1,"mn":"ADBE Vector Group","hd":false}],"ip":5,"op":215,"st":5,"bm":0},{"ddd":0,"ind":4,"ty":4,"nm":"ball_emb","parent":5,"tt":1,"sr":1,"ks":{"o":{"a":0,"k":20,"ix":11},"r":{"a":0,"k":0,"ix":10},"p":{"a":0,"k":[169.234,221.782,0],"ix":2},"a":{"a":0,"k":[169.234,221.782,0],"ix":1},"s":{"a":0,"k":[100,100,100],"ix":6}},"ao":0,"ef":[{"ty":29,"nm":"Gaussian Blur","np":5,"mn":"ADBE Gaussian Blur 2","ix":1,"en":1,"ef":[{"ty":0,"nm":"Blurriness","mn":"ADBE Gaussian Blur 2-0001","ix":1,"v":{"a":0,"k":8,"ix":1}},{"ty":7,"nm":"Blur Dimensions","mn":"ADBE Gaussian Blur 2-0002","ix":2,"v":{"a":0,"k":1,"ix":2}},{"ty":7,"nm":"Repeat Edge Pixels","mn":"ADBE Gaussian Blur 2-0003","ix":3,"v":{"a":0,"k":0,"ix":3}}]}],"shapes":[{"ty":"gr","it":[{"ind":0,"ty":"sh","ix":1,"ks":{"a":0,"k":{"i":[[0,-35.213],[35.212,0],[0,35.213],[-23.019,9.618],[-8.705,0]],"o":[[0,35.213],[-35.213,0],[0,-26.508],[7.56,-3.159],[35.212,0]],"v":[[61.661,-2.097],[-2.096,61.661],[-65.854,-2.097],[-26.659,-60.952],[-2.096,-65.855]],"c":true},"ix":2},"nm":"Path 1","mn":"ADBE Vector Shape - Group","hd":false},{"ty":"st","c":{"a":0,"k":[0,0,0,1],"ix":3},"o":{"a":0,"k":100,"ix":4},"w":{"a":0,"k":1,"ix":5},"lc":1,"lj":1,"ml":4,"bm":0,"nm":"Stroke 1","mn":"ADBE Vector Graphic - Stroke","hd":false},{"ty":"tr","p":{"a":0,"k":[169.234,221.782],"ix":2},"a":{"a":0,"k":[0,0],"ix":1},"s":{"a":0,"k":[100,100],"ix":3},"r":{"a":0,"k":0,"ix":6},"o":{"a":0,"k":100,"ix":7},"sk":{"a":0,"k":0,"ix":4},"sa":{"a":0,"k":0,"ix":5},"nm":"Transform"}],"nm":"Group 1","np":2,"cix":2,"bm":0,"ix":1,"mn":"ADBE Vector Group","hd":false}],"ip":5,"op":215,"st":5,"bm":0},{"ddd":0,"ind":5,"ty":4,"nm":"Ball","parent":2,"sr":1,"ks":{"o":{"a":0,"k":100,"ix":11},"r":{"a":0,"k":0,"ix":10},"p":{"a":1,"k":[{"i":{"x":0,"y":1},"o":{"x":0.167,"y":0.167},"t":5,"s":[-38.727,342.693,0],"to":[-13.462,-429.005,0],"ti":[0,0,0]},{"i":{"x":0.75,"y":1},"o":{"x":0.85,"y":0},"t":35,"s":[81.708,-98.901,0],"to":[0,0,0],"ti":[0,0,0]},{"i":{"x":0.75,"y":1},"o":{"x":0.605,"y":0},"t":55,"s":[81.708,242.331,0],"to":[0,0,0],"ti":[0,0,0]},{"i":{"x":0,"y":1},"o":{"x":0.35,"y":0},"t":65,"s":[81.708,155.609,0],"to":[0,0,0],"ti":[0,0,0]},{"t":85,"s":[81.708,182.113,0]}],"ix":2},"a":{"a":0,"k":[169.234,221.782,0],"ix":1},"s":{"a":1,"k":[{"i":{"x":[0,0,0.833],"y":[1,1,-15.667]},"o":{"x":[0.167,0.167,0.167],"y":[0.167,0.167,16.667]},"t":5,"s":[0,0,100]},{"t":35,"s":[200,200,100]}],"ix":6}},"ao":0,"shapes":[{"ty":"gr","it":[{"ind":0,"ty":"sh","ix":1,"ks":{"a":0,"k":{"i":[[0,-34.055],[34.054,0],[0,34.055],[-34.055,0]],"o":[[0,34.055],[-34.055,0],[0,-34.055],[34.054,0]],"v":[[61.661,0],[0.001,61.661],[-61.66,0],[0.001,-61.661]],"c":true},"ix":2},"nm":"Path 1","mn":"ADBE Vector Shape - Group","hd":false},{"ty":"gf","o":{"a":0,"k":100,"ix":10},"r":1,"bm":0,"g":{"p":3,"k":{"a":0,"k":[0,0,0.753,0.647,0.5,0.227,0.837,0.753,1,0.455,0.922,0.859],"ix":9}},"s":{"a":0,"k":[34.25,52.75],"ix":5},"e":{"a":0,"k":[-33.75,-53.5],"ix":6},"t":1,"nm":"Gradient Fill 1","mn":"ADBE Vector Graphic - G-Fill","hd":false},{"ty":"tr","p":{"a":0,"k":[169.234,221.782],"ix":2},"a":{"a":0,"k":[0,0],"ix":1},"s":{"a":0,"k":[100,100],"ix":3},"r":{"a":0,"k":0,"ix":6},"o":{"a":0,"k":100,"ix":7},"sk":{"a":0,"k":0,"ix":4},"sa":{"a":0,"k":0,"ix":5},"nm":"Transform"}],"nm":"Group 1","np":2,"cix":2,"bm":0,"ix":1,"mn":"ADBE Vector Group","hd":false}],"ip":5,"op":215,"st":5,"bm":0},{"ddd":0,"ind":6,"ty":4,"nm":"ball_shdw","parent":5,"sr":1,"ks":{"o":{"a":1,"k":[{"i":{"x":[0.833],"y":[0.833]},"o":{"x":[0.167],"y":[0.167]},"t":60,"s":[0]},{"t":70,"s":[20]}],"ix":11},"r":{"a":0,"k":0,"ix":10},"p":{"a":0,"k":[166.734,220.782,0],"ix":2},"a":{"a":0,"k":[169.234,221.782,0],"ix":1},"s":{"a":0,"k":[100,100,100],"ix":6}},"ao":0,"ef":[{"ty":29,"nm":"Gaussian Blur","np":5,"mn":"ADBE Gaussian Blur 2","ix":1,"en":1,"ef":[{"ty":0,"nm":"Blurriness","mn":"ADBE Gaussian Blur 2-0001","ix":1,"v":{"a":0,"k":20,"ix":1}},{"ty":7,"nm":"Blur Dimensions","mn":"ADBE Gaussian Blur 2-0002","ix":2,"v":{"a":0,"k":1,"ix":2}},{"ty":7,"nm":"Repeat Edge Pixels","mn":"ADBE Gaussian Blur 2-0003","ix":3,"v":{"a":0,"k":0,"ix":3}}]}],"shapes":[{"ty":"gr","it":[{"ind":0,"ty":"sh","ix":1,"ks":{"a":1,"k":[{"i":{"x":0.833,"y":0.833},"o":{"x":0.167,"y":0.167},"t":60,"s":[{"i":[[0,-34.055],[0,0],[-6.967,7.985],[0,0]],"o":[[0,34.055],[0,0],[10.169,-11.654],[0,0]],"v":[[-11.604,-10.538],[-60.799,-10.33],[-48.613,-40.572],[-24.335,-56.673]],"c":true}]},{"i":{"x":0.833,"y":0.833},"o":{"x":0.167,"y":0.167},"t":70,"s":[{"i":[[0,-34.055],[0,0],[-22.86,31.671],[0,0]],"o":[[0,34.055],[0,0],[9.052,-12.541],[0,0]],"v":[[-11.604,-10.538],[-59.795,22.288],[-53.631,-38.063],[-24.335,-56.673]],"c":true}]},{"t":80,"s":[{"i":[[0,-34.055],[0,0],[-6.967,7.985],[0,0]],"o":[[0,34.055],[0,0],[10.169,-11.654],[0,0]],"v":[[-11.604,-10.538],[-60.799,-10.33],[-48.613,-40.572],[-24.335,-56.673]],"c":true}]}],"ix":2},"nm":"Path 1","mn":"ADBE Vector Shape - Group","hd":false},{"ty":"fl","c":{"a":0,"k":[0,0.16862745098,0.403921568627,1],"ix":4},"o":{"a":0,"k":100,"ix":5},"r":1,"bm":0,"nm":"Fill 1","mn":"ADBE Vector Graphic - Fill","hd":false},{"ty":"tr","p":{"a":0,"k":[169.234,221.782],"ix":2},"a":{"a":0,"k":[0,0],"ix":1},"s":{"a":0,"k":[100,100],"ix":3},"r":{"a":0,"k":0,"ix":6},"o":{"a":0,"k":100,"ix":7},"sk":{"a":0,"k":0,"ix":4},"sa":{"a":0,"k":0,"ix":5},"nm":"Transform"}],"nm":"Group 1","np":2,"cix":2,"bm":0,"ix":1,"mn":"ADBE Vector Group","hd":false}],"ip":60,"op":210,"st":0,"bm":0},{"ddd":0,"ind":7,"ty":4,"nm":"sqs_emb_msk","parent":12,"td":1,"sr":1,"ks":{"o":{"a":0,"k":100,"ix":11},"r":{"a":0,"k":0,"ix":10},"p":{"a":0,"k":[-0.066,209.73,0],"ix":2},"a":{"a":0,"k":[-0.066,209.73,0],"ix":1},"s":{"a":0,"k":[100,100,100],"ix":6}},"ao":0,"shapes":[{"ty":"gr","it":[{"ind":0,"ty":"sh","ix":1,"ks":{"a":0,"k":{"i":[[2.841,0],[0,0],[0,2.842],[0,0],[-2.841,0],[0,0],[0,-2.841],[0,0]],"o":[[0,0],[-2.841,0],[0,0],[0,-2.841],[0,0],[2.841,0],[0,0],[0,2.842]],"v":[[66.227,71.371],[-66.227,71.371],[-71.372,66.226],[-71.372,-66.226],[-66.227,-71.371],[66.227,-71.371],[71.372,-66.226],[71.372,66.226]],"c":true},"ix":2},"nm":"Path 1","mn":"ADBE Vector Shape - Group","hd":false},{"ty":"gf","o":{"a":0,"k":100,"ix":10},"r":1,"bm":0,"g":{"p":3,"k":{"a":0,"k":[0,0.38,0.224,0.855,0.5,0.19,0.347,0.855,1,0,0.471,0.855],"ix":9}},"s":{"a":0,"k":[49.05,91.673],"ix":5},"e":{"a":0,"k":[-48.43,-85.548],"ix":6},"t":1,"nm":"Gradient Fill 1","mn":"ADBE Vector Graphic - G-Fill","hd":false},{"ty":"tr","p":{"a":0,"k":[71.621,138.23],"ix":2},"a":{"a":0,"k":[0,0],"ix":1},"s":{"a":0,"k":[100,100],"ix":3},"r":{"a":0,"k":0,"ix":6},"o":{"a":0,"k":100,"ix":7},"sk":{"a":0,"k":0,"ix":4},"sa":{"a":0,"k":0,"ix":5},"nm":"Transform"}],"nm":"Group 4","np":2,"cix":2,"bm":0,"ix":1,"mn":"ADBE Vector Group","hd":false}],"ip":0,"op":210,"st":0,"bm":0},{"ddd":0,"ind":8,"ty":4,"nm":"sqs_emb","parent":12,"tt":1,"sr":1,"ks":{"o":{"a":0,"k":15,"ix":11},"r":{"a":0,"k":0,"ix":10},"p":{"a":0,"k":[-0.066,209.73,0],"ix":2},"a":{"a":0,"k":[-0.066,209.73,0],"ix":1},"s":{"a":0,"k":[100,100,100],"ix":6}},"ao":0,"ef":[{"ty":29,"nm":"Gaussian Blur","np":5,"mn":"ADBE Gaussian Blur 2","ix":1,"en":1,"ef":[{"ty":0,"nm":"Blurriness","mn":"ADBE Gaussian Blur 2-0001","ix":1,"v":{"a":0,"k":8,"ix":1}},{"ty":7,"nm":"Blur Dimensions","mn":"ADBE Gaussian Blur 2-0002","ix":2,"v":{"a":0,"k":1,"ix":2}},{"ty":7,"nm":"Repeat Edge Pixels","mn":"ADBE Gaussian Blur 2-0003","ix":3,"v":{"a":0,"k":0,"ix":3}}]}],"shapes":[{"ty":"gr","it":[{"ind":0,"ty":"sh","ix":1,"ks":{"a":0,"k":{"i":[[2.908,0],[0,0],[0,2.909],[0,0],[-2.908,0],[0,0],[0,-2.908],[0,0]],"o":[[0,0],[-2.908,0],[0,0],[0,-2.908],[0,0],[2.908,0],[0,0],[0,2.909]],"v":[[66.105,71.371],[-69.49,71.371],[-74.757,66.104],[-74.757,-69.489],[-69.49,-74.756],[66.105,-74.756],[71.372,-69.489],[71.372,66.104]],"c":true},"ix":2},"nm":"Path 1","mn":"ADBE Vector Shape - Group","hd":false},{"ty":"st","c":{"a":0,"k":[0,0,0,1],"ix":3},"o":{"a":0,"k":100,"ix":4},"w":{"a":0,"k":4,"ix":5},"lc":1,"lj":1,"ml":4,"bm":0,"nm":"Stroke 1","mn":"ADBE Vector Graphic - Stroke","hd":false},{"ty":"tr","p":{"a":0,"k":[71.621,138.23],"ix":2},"a":{"a":0,"k":[0,0],"ix":1},"s":{"a":0,"k":[100,100],"ix":3},"r":{"a":0,"k":0,"ix":6},"o":{"a":0,"k":100,"ix":7},"sk":{"a":0,"k":0,"ix":4},"sa":{"a":0,"k":0,"ix":5},"nm":"Transform"}],"nm":"Group 4","np":2,"cix":2,"bm":0,"ix":1,"mn":"ADBE Vector Group","hd":false}],"ip":0,"op":210,"st":0,"bm":0},{"ddd":0,"ind":9,"ty":4,"nm":"Mini Squares - Top","parent":10,"sr":1,"ks":{"o":{"a":0,"k":100,"ix":11},"r":{"a":0,"k":0,"ix":10},"p":{"a":0,"k":[-0.505,209.73,0],"ix":2},"a":{"a":0,"k":[-0.004,209.73,0],"ix":1},"s":{"a":1,"k":[{"i":{"x":[0,0,0.667],"y":[1,1,1]},"o":{"x":[0.55,0.55,0.167],"y":[0,0,0]},"t":40,"s":[0,0,100]},{"t":75,"s":[100,100,100]}],"ix":6}},"ao":0,"shapes":[{"ty":"gr","it":[{"ind":0,"ty":"sh","ix":1,"ks":{"a":0,"k":{"i":[[2.841,0],[0,0],[0,2.842],[0,0],[-2.841,0],[0,0],[0,-2.841],[0,0]],"o":[[0,0],[-2.841,0],[0,0],[0,-2.841],[0,0],[2.841,0],[0,0],[0,2.842]],"v":[[18.646,23.79],[-18.646,23.79],[-23.79,18.645],[-23.79,-18.646],[-18.646,-23.79],[18.646,-23.79],[23.79,-18.646],[23.79,18.645]],"c":true},"ix":2},"nm":"Path 1","mn":"ADBE Vector Shape - Group","hd":false},{"ty":"fl","c":{"a":0,"k":[0.588235294118,0.913725490196,0.862745098039,1],"ix":4},"o":{"a":0,"k":100,"ix":5},"r":1,"bm":0,"nm":"Fill 1","mn":"ADBE Vector Graphic - Fill","hd":false},{"ty":"tr","p":{"a":0,"k":[24.041,185.811],"ix":2},"a":{"a":0,"k":[0,0],"ix":1},"s":{"a":0,"k":[100,100],"ix":3},"r":{"a":0,"k":0,"ix":6},"o":{"a":0,"k":100,"ix":7},"sk":{"a":0,"k":0,"ix":4},"sa":{"a":0,"k":0,"ix":5},"nm":"Transform"}],"nm":"Group 2","np":2,"cix":2,"bm":0,"ix":1,"mn":"ADBE Vector Group","hd":false}],"ip":40,"op":225,"st":15,"bm":0},{"ddd":0,"ind":10,"ty":4,"nm":"Mini Squares - Middle","parent":12,"sr":1,"ks":{"o":{"a":0,"k":100,"ix":11},"r":{"a":0,"k":0,"ix":10},"p":{"a":0,"k":[-0.129,209.73,0],"ix":2},"a":{"a":0,"k":[-0.129,209.73,0],"ix":1},"s":{"a":1,"k":[{"i":{"x":[0,0,0.667],"y":[1,1,1]},"o":{"x":[0.55,0.55,0.167],"y":[0,0,0]},"t":30,"s":[0,0,100]},{"t":65,"s":[100,100,100]}],"ix":6}},"ao":0,"shapes":[{"ty":"gr","it":[{"ind":0,"ty":"sh","ix":1,"ks":{"a":1,"k":[{"i":{"x":0.833,"y":0.833},"o":{"x":0.167,"y":0.167},"t":50,"s":[{"i":[[2.841,0],[0,0],[0,0],[0,2.842],[0,0],[0,0],[-2.842,0],[0,0],[0,-2.842],[0,0]],"o":[[0,0],[0,0],[-2.842,0],[0,0],[0,0],[0,-2.842],[0,0],[2.841,0],[0,0],[0,2.842]],"v":[[42.472,47.616],[-7.938,47.616],[-42.472,47.616],[-47.617,42.471],[-47.617,9.939],[-47.617,-42.471],[-42.472,-47.616],[42.472,-47.616],[47.617,-42.471],[47.617,42.471]],"c":true}]},{"t":60,"s":[{"i":[[2.841,0],[0,0],[0,0],[0,2.842],[0,0],[0,0],[-2.842,0],[0,0],[0,-2.842],[0,0]],"o":[[0,0],[0,0],[-2.842,0],[0,0],[0,0],[0,-2.842],[0,0],[2.841,0],[0,0],[0,2.842]],"v":[[42.472,47.616],[-5.32,47.616],[-8.915,11.453],[-14.06,6.309],[-47.617,6.681],[-47.617,-42.471],[-42.472,-47.616],[42.472,-47.616],[47.617,-42.471],[47.617,42.471]],"c":true}]}],"ix":2},"nm":"Path 1","mn":"ADBE Vector Shape - Group","hd":false},{"ty":"fl","c":{"a":0,"k":[0,0.470588235294,0.83137254902,1],"ix":4},"o":{"a":0,"k":100,"ix":5},"r":1,"bm":0,"nm":"Fill 1","mn":"ADBE Vector Graphic - Fill","hd":false},{"ty":"tr","p":{"a":0,"k":[47.867,161.985],"ix":2},"a":{"a":0,"k":[0,0],"ix":1},"s":{"a":0,"k":[100,100],"ix":3},"r":{"a":0,"k":0,"ix":6},"o":{"a":0,"k":100,"ix":7},"sk":{"a":0,"k":0,"ix":4},"sa":{"a":0,"k":0,"ix":5},"nm":"Transform"}],"nm":"Group 3","np":2,"cix":2,"bm":0,"ix":1,"mn":"ADBE Vector Group","hd":false}],"ip":30,"op":220,"st":10,"bm":0},{"ddd":0,"ind":11,"ty":4,"nm":"sqs 2_shdw","parent":10,"sr":1,"ks":{"o":{"a":0,"k":20,"ix":11},"r":{"a":0,"k":0,"ix":10},"p":{"a":0,"k":[0.371,211.73,0],"ix":2},"a":{"a":0,"k":[-0.129,209.73,0],"ix":1},"s":{"a":0,"k":[100,100,100],"ix":6}},"ao":0,"ef":[{"ty":29,"nm":"Gaussian Blur","np":5,"mn":"ADBE Gaussian Blur 2","ix":1,"en":1,"ef":[{"ty":0,"nm":"Blurriness","mn":"ADBE Gaussian Blur 2-0001","ix":1,"v":{"a":0,"k":7,"ix":1}},{"ty":7,"nm":"Blur Dimensions","mn":"ADBE Gaussian Blur 2-0002","ix":2,"v":{"a":0,"k":1,"ix":2}},{"ty":7,"nm":"Repeat Edge Pixels","mn":"ADBE Gaussian Blur 2-0003","ix":3,"v":{"a":0,"k":0,"ix":3}}]}],"shapes":[{"ty":"gr","it":[{"ind":0,"ty":"sh","ix":1,"ks":{"a":0,"k":{"i":[[2.841,0],[0,0],[0,2.842],[0,0],[-2.842,0],[0,0],[0,-2.842],[0,0]],"o":[[0,0],[-2.842,0],[0,0],[0,-2.842],[0,0],[2.841,0],[0,0],[0,2.842]],"v":[[42.472,47.616],[-42.472,47.616],[-47.617,42.471],[-47.617,-42.471],[-42.472,-47.616],[42.472,-47.616],[47.617,-42.471],[47.617,42.471]],"c":true},"ix":2},"nm":"Path 1","mn":"ADBE Vector Shape - Group","hd":false},{"ty":"fl","c":{"a":0,"k":[0,0.168627455831,0.403921574354,1],"ix":4},"o":{"a":0,"k":100,"ix":5},"r":1,"bm":0,"nm":"Fill 1","mn":"ADBE Vector Graphic - Fill","hd":false},{"ty":"tr","p":{"a":0,"k":[47.867,161.985],"ix":2},"a":{"a":0,"k":[0,0],"ix":1},"s":{"a":0,"k":[100,100],"ix":3},"r":{"a":0,"k":0,"ix":6},"o":{"a":0,"k":100,"ix":7},"sk":{"a":0,"k":0,"ix":4},"sa":{"a":0,"k":0,"ix":5},"nm":"Transform"}],"nm":"Group 3","np":2,"cix":2,"bm":0,"ix":1,"mn":"ADBE Vector Group","hd":false}],"ip":30,"op":240,"st":30,"bm":0},{"ddd":0,"ind":12,"ty":4,"nm":"Mini Squares - Back","parent":2,"sr":1,"ks":{"o":{"a":0,"k":100,"ix":11},"r":{"a":1,"k":[{"i":{"x":[0.25],"y":[1]},"o":{"x":[0.35],"y":[0]},"t":0,"s":[153]},{"i":{"x":[0],"y":[1]},"o":{"x":[0.35],"y":[0]},"t":30,"s":[-39]},{"i":{"x":[0.75],"y":[1]},"o":{"x":[0.16],"y":[0]},"t":50,"s":[-56]},{"i":{"x":[0],"y":[1]},"o":{"x":[0.35],"y":[0]},"t":70,"s":[9.2]},{"t":88,"s":[0]}],"ix":10},"p":{"a":1,"k":[{"i":{"x":0,"y":1},"o":{"x":0.167,"y":0.167},"t":0,"s":[-33.944,336.884,0],"to":[-2.186,-730.305,0],"ti":[0,0,0]},{"i":{"x":0,"y":1},"o":{"x":0,"y":0},"t":25,"s":[-194.524,-305.434,0],"to":[0,0,0],"ti":[0,0,0]},{"i":{"x":0.75,"y":1},"o":{"x":0.167,"y":0},"t":50,"s":[-194.524,136.16,0],"to":[56.024,-236.522,0],"ti":[0,0,0]},{"i":{"x":0,"y":1},"o":{"x":0.35,"y":0},"t":70,"s":[-114.234,55.87,0],"to":[0,0,0],"ti":[0,0,0]},{"t":88,"s":[-114.234,15.725,0]}],"ix":2},"a":{"a":0,"k":[71.621,138.23,0],"ix":1},"s":{"a":1,"k":[{"i":{"x":[0,0,0.833],"y":[1,1,-15.667]},"o":{"x":[0.167,0.167,0.167],"y":[0.167,0.167,16.667]},"t":0,"s":[0,0,100]},{"t":30,"s":[200,200,100]}],"ix":6}},"ao":0,"shapes":[{"ty":"gr","it":[{"ind":0,"ty":"sh","ix":1,"ks":{"a":1,"k":[{"i":{"x":0.833,"y":0.833},"o":{"x":0.167,"y":0.167},"t":50,"s":[{"i":[[2.841,0],[0,0],[0,0],[0,2.842],[0,0],[0,0],[-2.841,0],[0,0],[0,-2.841],[0,0]],"o":[[0,0],[0,0],[-2.841,0],[0,0],[0,0],[0,-2.841],[0,0],[2.841,0],[0,0],[0,2.842]],"v":[[66.227,71.371],[10.122,71.371],[-66.227,71.371],[-71.372,66.226],[-71.372,-9.323],[-71.372,-66.226],[-66.227,-71.371],[66.227,-71.371],[71.372,-66.226],[71.372,66.226]],"c":true}]},{"t":70,"s":[{"i":[[2.841,0],[0,0],[0,0],[0,2.842],[0,0],[0,0],[-2.841,0],[0,0],[0,-2.841],[0,0]],"o":[[0,0],[0,0],[-2.841,0],[0,0],[0,0],[0,-2.841],[0,0],[2.841,0],[0,0],[0,2.842]],"v":[[66.227,71.371],[20.158,71.588],[4.889,-1.149],[-0.256,-6.294],[-71.259,-17.352],[-71.372,-66.226],[-66.227,-71.371],[66.227,-71.371],[71.372,-66.226],[71.372,66.226]],"c":true}]}],"ix":2},"nm":"Path 1","mn":"ADBE Vector Shape - Group","hd":false},{"ty":"gf","o":{"a":0,"k":100,"ix":10},"r":1,"bm":0,"g":{"p":3,"k":{"a":0,"k":[0,0.38,0.224,0.855,0.5,0.19,0.347,0.855,1,0,0.471,0.855],"ix":9}},"s":{"a":0,"k":[49.05,91.673],"ix":5},"e":{"a":0,"k":[-48.43,-85.548],"ix":6},"t":1,"nm":"Gradient Fill 1","mn":"ADBE Vector Graphic - G-Fill","hd":false},{"ty":"tr","p":{"a":0,"k":[71.621,138.23],"ix":2},"a":{"a":0,"k":[0,0],"ix":1},"s":{"a":0,"k":[100,100],"ix":3},"r":{"a":0,"k":0,"ix":6},"o":{"a":0,"k":100,"ix":7},"sk":{"a":0,"k":0,"ix":4},"sa":{"a":0,"k":0,"ix":5},"nm":"Transform"}],"nm":"Group 4","np":2,"cix":2,"bm":0,"ix":1,"mn":"ADBE Vector Group","hd":false}],"ip":0,"op":210,"st":0,"bm":0},{"ddd":0,"ind":13,"ty":4,"nm":"sqs_shdw","parent":12,"sr":1,"ks":{"o":{"a":1,"k":[{"i":{"x":[0.833],"y":[0.833]},"o":{"x":[0.167],"y":[0.167]},"t":69,"s":[0]},{"t":79,"s":[30]}],"ix":11},"r":{"a":0,"k":0,"ix":10},"p":{"a":0,"k":[119.088,88.506,0],"ix":2},"a":{"a":0,"k":[119.05,88.979,0],"ix":1},"s":{"a":0,"k":[100,100,100],"ix":6}},"ao":0,"ef":[{"ty":29,"nm":"Gaussian Blur","np":5,"mn":"ADBE Gaussian Blur 2","ix":1,"en":1,"ef":[{"ty":0,"nm":"Blurriness","mn":"ADBE Gaussian Blur 2-0001","ix":1,"v":{"a":0,"k":20,"ix":1}},{"ty":7,"nm":"Blur Dimensions","mn":"ADBE Gaussian Blur 2-0002","ix":2,"v":{"a":0,"k":1,"ix":2}},{"ty":7,"nm":"Repeat Edge Pixels","mn":"ADBE Gaussian Blur 2-0003","ix":3,"v":{"a":0,"k":0,"ix":3}}]}],"shapes":[{"ty":"gr","it":[{"ind":0,"ty":"sh","ix":1,"ks":{"a":1,"k":[{"i":{"x":0.833,"y":0.833},"o":{"x":0.167,"y":0.167},"t":69,"s":[{"i":[[0,2.842],[0,0],[0,0],[0,-2.841],[0,0]],"o":[[0,0],[0,0],[2.841,0],[0,0],[0,0]],"v":[[23.973,-30.122],[25.999,-71.384],[66.227,-71.371],[71.372,-66.226],[71.217,-31.445]],"c":true}]},{"i":{"x":0.833,"y":0.833},"o":{"x":0.167,"y":0.167},"t":79,"s":[{"i":[[0,2.842],[0,0],[0,0],[0,-2.841],[0,0]],"o":[[0,0],[0,0],[2.841,0],[0,0],[0,0]],"v":[[23.973,-30.122],[23.485,-71.576],[66.227,-71.371],[71.372,-66.226],[71.181,-26.927]],"c":true}]},{"t":99,"s":[{"i":[[0,2.842],[0,0],[0,0],[0,-2.841],[0,0]],"o":[[0,0],[0,0],[2.841,0],[0,0],[0,0]],"v":[[23.973,-30.122],[28.253,-71.543],[66.227,-71.371],[71.372,-66.226],[71.268,-34.705]],"c":true}]}],"ix":2},"nm":"Path 1","mn":"ADBE Vector Shape - Group","hd":false},{"ty":"fl","c":{"a":0,"k":[0,0.16862745098,0.403921568627,1],"ix":4},"o":{"a":0,"k":100,"ix":5},"r":1,"bm":0,"nm":"Fill 1","mn":"ADBE Vector Graphic - Fill","hd":false},{"ty":"tr","p":{"a":0,"k":[71.621,138.23],"ix":2},"a":{"a":0,"k":[0,0],"ix":1},"s":{"a":0,"k":[100,100],"ix":3},"r":{"a":0,"k":0,"ix":6},"o":{"a":0,"k":100,"ix":7},"sk":{"a":0,"k":0,"ix":4},"sa":{"a":0,"k":0,"ix":5},"nm":"Transform"}],"nm":"Group 4","np":2,"cix":2,"bm":0,"ix":1,"mn":"ADBE Vector Group","hd":false},{"ty":"fl","c":{"a":0,"k":[0,0.16862745098,0.403921568627,1],"ix":4},"o":{"a":0,"k":100,"ix":5},"r":1,"bm":0,"nm":"Fill 2","mn":"ADBE Vector Graphic - Fill","hd":false}],"ip":69,"op":210,"st":0,"bm":0},{"ddd":0,"ind":14,"ty":4,"nm":"sq bck_emb_msk","parent":16,"td":1,"sr":1,"ks":{"o":{"a":0,"k":100,"ix":11},"r":{"a":0,"k":0,"ix":10},"p":{"a":0,"k":[157.605,58.239,0],"ix":2},"a":{"a":0,"k":[157.105,58.239,0],"ix":1},"s":{"a":0,"k":[100,100,100],"ix":6}},"ao":0,"shapes":[{"ty":"gr","it":[{"ind":0,"ty":"sh","ix":1,"ks":{"a":0,"k":{"i":[[4.419,0],[0,0],[0,4.418],[0,0],[-4.419,0],[0,0],[0,-4.418],[0,0]],"o":[[0,0],[-4.419,0],[0,0],[0,-4.418],[0,0],[4.419,0],[0,0],[0,4.418]],"v":[[49.989,57.989],[-49.988,57.989],[-57.988,49.989],[-57.988,-49.989],[-49.988,-57.989],[49.989,-57.989],[57.989,-49.989],[57.989,49.989]],"c":true},"ix":2},"nm":"Path 1","mn":"ADBE Vector Shape - Group","hd":false},{"ty":"fl","c":{"a":0,"k":[1,1,1,1],"ix":4},"o":{"a":0,"k":100,"ix":5},"r":1,"bm":0,"nm":"Fill 1","mn":"ADBE Vector Graphic - Fill","hd":false},{"ty":"tr","p":{"a":0,"k":[157.105,58.239],"ix":2},"a":{"a":0,"k":[0,0],"ix":1},"s":{"a":0,"k":[100,100],"ix":3},"r":{"a":0,"k":0,"ix":6},"o":{"a":0,"k":100,"ix":7},"sk":{"a":0,"k":0,"ix":4},"sa":{"a":0,"k":0,"ix":5},"nm":"Transform"}],"nm":"Group 5","np":2,"cix":2,"bm":0,"ix":1,"mn":"ADBE Vector Group","hd":false}],"ip":0,"op":210,"st":0,"bm":0},{"ddd":0,"ind":15,"ty":4,"nm":"sq bck_emb","parent":16,"tt":1,"sr":1,"ks":{"o":{"a":0,"k":20,"ix":11},"r":{"a":0,"k":0,"ix":10},"p":{"a":0,"k":[160.615,62.755,0],"ix":2},"a":{"a":0,"k":[157.105,58.239,0],"ix":1},"s":{"a":0,"k":[100,100,100],"ix":6}},"ao":0,"ef":[{"ty":29,"nm":"Gaussian Blur","np":5,"mn":"ADBE Gaussian Blur 2","ix":1,"en":1,"ef":[{"ty":0,"nm":"Blurriness","mn":"ADBE Gaussian Blur 2-0001","ix":1,"v":{"a":0,"k":4,"ix":1}},{"ty":7,"nm":"Blur Dimensions","mn":"ADBE Gaussian Blur 2-0002","ix":2,"v":{"a":0,"k":1,"ix":2}},{"ty":7,"nm":"Repeat Edge Pixels","mn":"ADBE Gaussian Blur 2-0003","ix":3,"v":{"a":0,"k":0,"ix":3}}]}],"shapes":[{"ty":"gr","it":[{"ind":0,"ty":"sh","ix":1,"ks":{"a":0,"k":{"i":[[4.58,0],[0,0],[0,4.579],[0,0],[-4.58,0],[0,0],[0,-4.579],[0,0]],"o":[[0,0],[-4.58,0],[0,0],[0,-4.579],[0,0],[4.58,0],[0,0],[0,4.579]],"v":[[49.696,57.989],[-53.932,57.989],[-62.224,49.697],[-62.224,-53.933],[-53.932,-62.225],[49.696,-62.225],[57.989,-53.933],[57.989,49.697]],"c":true},"ix":2},"nm":"Path 1","mn":"ADBE Vector Shape - Group","hd":false},{"ty":"st","c":{"a":0,"k":[0,0,0,1],"ix":3},"o":{"a":0,"k":100,"ix":4},"w":{"a":0,"k":2,"ix":5},"lc":1,"lj":1,"ml":4,"bm":0,"nm":"Stroke 1","mn":"ADBE Vector Graphic - Stroke","hd":false},{"ty":"tr","p":{"a":0,"k":[157.105,58.239],"ix":2},"a":{"a":0,"k":[0,0],"ix":1},"s":{"a":0,"k":[100,100],"ix":3},"r":{"a":0,"k":0,"ix":6},"o":{"a":0,"k":100,"ix":7},"sk":{"a":0,"k":0,"ix":4},"sa":{"a":0,"k":0,"ix":5},"nm":"Transform"}],"nm":"Group 5","np":2,"cix":2,"bm":0,"ix":1,"mn":"ADBE Vector Group","hd":false}],"ip":0,"op":210,"st":0,"bm":0},{"ddd":0,"ind":16,"ty":4,"nm":"Square - Back","parent":2,"sr":1,"ks":{"o":{"a":0,"k":100,"ix":11},"r":{"a":1,"k":[{"i":{"x":[0.45],"y":[1]},"o":{"x":[0.167],"y":[0.167]},"t":0,"s":[0]},{"i":{"x":[0.45],"y":[1]},"o":{"x":[0.55],"y":[0]},"t":45,"s":[428]},{"i":{"x":[0.833],"y":[0.833]},"o":{"x":[0],"y":[0]},"t":55,"s":[436.3]},{"i":{"x":[0.056],"y":[0.898]},"o":{"x":[0.218],"y":[0.089]},"t":65,"s":[494]},{"i":{"x":[0.611],"y":[1]},"o":{"x":[0.281],"y":[-0.114]},"t":80,"s":[550]},{"t":90,"s":[540]}],"ix":10},"p":{"a":1,"k":[{"i":{"x":0.15,"y":1},"o":{"x":0.167,"y":0.167},"t":0,"s":[-40.906,344.796,0],"to":[-17.731,-708.558,0],"ti":[0,0,0]},{"i":{"x":0,"y":1},"o":{"x":0.55,"y":0},"t":35,"s":[57.449,-365.769,0],"to":[0,0,0],"ti":[0,0,0]},{"i":{"x":0.75,"y":1},"o":{"x":0.85,"y":0},"t":55,"s":[57.449,-106.834,0],"to":[0,0,0],"ti":[0,0,0]},{"i":{"x":0,"y":1},"o":{"x":0.35,"y":0},"t":65,"s":[57.449,-285.479,0],"to":[0,0,0],"ti":[0,0,0]},{"i":{"x":0.516,"y":1},"o":{"x":0,"y":0},"t":80,"s":[57.449,-147.458,0],"to":[0,0,0],"ti":[0,0,0]},{"t":90,"s":[57.449,-165.045,0]}],"ix":2},"a":{"a":0,"k":[157.105,58.239,0],"ix":1},"s":{"a":1,"k":[{"i":{"x":[0,0,0.833],"y":[1,1,-14]},"o":{"x":[0.167,0.167,0.167],"y":[0.167,0.167,16.667]},"t":0,"s":[0,0,100]},{"t":45,"s":[200,200,100]}],"ix":6}},"ao":0,"shapes":[{"ty":"gr","it":[{"ind":0,"ty":"sh","ix":1,"ks":{"a":0,"k":{"i":[[4.419,0],[0,0],[0,4.418],[0,0],[-4.419,0],[0,0],[0,-4.418],[0,0]],"o":[[0,0],[-4.419,0],[0,0],[0,-4.418],[0,0],[4.419,0],[0,0],[0,4.418]],"v":[[49.989,57.989],[-49.988,57.989],[-57.988,49.989],[-57.988,-49.989],[-49.988,-57.989],[49.989,-57.989],[57.989,-49.989],[57.989,49.989]],"c":true},"ix":2},"nm":"Path 1","mn":"ADBE Vector Shape - Group","hd":false},{"ty":"fl","c":{"a":0,"k":[1,1,1,1],"ix":4},"o":{"a":0,"k":100,"ix":5},"r":1,"bm":0,"nm":"Fill 1","mn":"ADBE Vector Graphic - Fill","hd":false},{"ty":"tr","p":{"a":0,"k":[157.105,58.239],"ix":2},"a":{"a":0,"k":[0,0],"ix":1},"s":{"a":0,"k":[100,100],"ix":3},"r":{"a":0,"k":0,"ix":6},"o":{"a":0,"k":100,"ix":7},"sk":{"a":0,"k":0,"ix":4},"sa":{"a":0,"k":0,"ix":5},"nm":"Transform"}],"nm":"Group 5","np":2,"cix":2,"bm":0,"ix":1,"mn":"ADBE Vector Group","hd":false}],"ip":0,"op":210,"st":0,"bm":0},{"ddd":0,"ind":17,"ty":4,"nm":"Square - Back - Shadow","parent":16,"sr":1,"ks":{"o":{"a":0,"k":3,"ix":11},"r":{"a":0,"k":360,"ix":10},"p":{"a":0,"k":[157.105,58.239,0],"ix":2},"a":{"a":0,"k":[157.105,58.239,0],"ix":1},"s":{"a":0,"k":[100,100,100],"ix":6}},"ao":0,"ef":[{"ty":29,"nm":"Gaussian Blur","np":5,"mn":"ADBE Gaussian Blur 2","ix":1,"en":1,"ef":[{"ty":0,"nm":"Blurriness","mn":"ADBE Gaussian Blur 2-0001","ix":1,"v":{"a":0,"k":10,"ix":1}},{"ty":7,"nm":"Blur Dimensions","mn":"ADBE Gaussian Blur 2-0002","ix":2,"v":{"a":0,"k":1,"ix":2}},{"ty":7,"nm":"Repeat Edge Pixels","mn":"ADBE Gaussian Blur 2-0003","ix":3,"v":{"a":0,"k":0,"ix":3}}]}],"shapes":[{"ty":"gr","it":[{"ind":0,"ty":"sh","ix":1,"ks":{"a":0,"k":{"i":[[4.419,0],[0,0],[0,4.418],[0,0],[-4.419,0],[0,0],[0,-4.418],[0,0]],"o":[[0,0],[-4.419,0],[0,0],[0,-4.418],[0,0],[4.419,0],[0,0],[0,4.418]],"v":[[49.989,57.989],[-49.988,57.989],[-57.988,49.989],[-57.988,-49.989],[-49.988,-57.989],[49.989,-57.989],[57.989,-49.989],[57.989,49.989]],"c":true},"ix":2},"nm":"Path 1","mn":"ADBE Vector Shape - Group","hd":false},{"ty":"fl","c":{"a":0,"k":[0,0,0,1],"ix":4},"o":{"a":0,"k":100,"ix":5},"r":1,"bm":0,"nm":"Fill 1","mn":"ADBE Vector Graphic - Fill","hd":false},{"ty":"tr","p":{"a":0,"k":[157.105,58.239],"ix":2},"a":{"a":0,"k":[0,0],"ix":1},"s":{"a":0,"k":[100,100],"ix":3},"r":{"a":0,"k":0,"ix":6},"o":{"a":0,"k":100,"ix":7},"sk":{"a":0,"k":0,"ix":4},"sa":{"a":0,"k":0,"ix":5},"nm":"Transform"}],"nm":"Group 5","np":2,"cix":2,"bm":0,"ix":1,"mn":"ADBE Vector Group","hd":false}],"ip":0,"op":210,"st":0,"bm":0}]}],"layers":[{"ddd":0,"ind":1,"ty":0,"nm":"06 - Zero Day Patch - Comped","refId":"comp_0","sr":1,"ks":{"o":{"a":1,"k":[{"i":{"x":[0.833],"y":[0.833]},"o":{"x":[0.167],"y":[0.167]},"t":0,"s":[0]},{"i":{"x":[0.833],"y":[0.833]},"o":{"x":[0.167],"y":[0.167]},"t":10,"s":[100]},{"i":{"x":[0.833],"y":[0.833]},"o":{"x":[0.167],"y":[0.167]},"t":199,"s":[100]},{"t":209,"s":[0]}],"ix":11},"r":{"a":0,"k":0,"ix":10},"p":{"a":1,"k":[{"i":{"x":0.36,"y":1},"o":{"x":0.24,"y":0},"t":0,"s":[276,356,0],"to":[0,-13.333,0],"ti":[0,13.333,0]},{"i":{"x":0.76,"y":0.76},"o":{"x":0.24,"y":0.24},"t":30,"s":[276,276,0],"to":[0,0,0],"ti":[0,0,0]},{"i":{"x":0.833,"y":0.833},"o":{"x":1,"y":0},"t":180,"s":[276,276,0],"to":[0,0,0],"ti":[0,0,0]},{"t":209,"s":[276,216,0]}],"ix":2},"a":{"a":0,"k":[276,276,0],"ix":1},"s":{"a":0,"k":[100,100,100],"ix":6}},"ao":0,"w":552,"h":552,"ip":0,"op":210,"st":0,"bm":0}],"markers":[]}