<?xml version="1.0" encoding="utf-8"?>
<Tokens>

  <Category name="Voices" categoryBase="HKEY_LOCAL_MACHINE\SOFTWARE\Microsoft\Speech_OneCore">
    <Token name="MSTTS_V110_esES_AnaM">
      <String name="" value="Microsoft Ana Mobile - Spanish (Spain)" />
      <String name="LangDataPath" value="%windir%\Speech_OneCore\Engines\TTS\es-ES\MSTTSLocesES.dat" />
      <String name="LangUpdateDataDirectory" value="%SystemDrive%\Data\SharedData\Speech_OneCore\Engines\TTS\es-ES" />
      <String name="VoicePath" value="%windir%\Speech_OneCore\Engines\TTS\es-ES\M3082Ana" />
      <String name="VoiceUpdateDataDirectory" value="%SystemDrive%\Data\SharedData\Speech_OneCore\Engines\TTS\es-ES" />
      <String name="C0A" value="Microsoft Ana Mobile - Spanish (Spain)" />
      <String name="CLSID" value="{179F3D56-1B0B-42B2-A962-59B7EF59FE1B}" />
      <Attribute name="Version" value="11.0" />
      <Attribute name="Language" value="C0A" />
      <Attribute name="Gender" value="Female" />
      <Attribute name="Age" value="Adult" />
      <Attribute name="DataVersion" value="11.0.2014.1222" />
      <Attribute name="SharedPronunciation" value="" />
      <Attribute name="Name" value="Microsoft Ana Mobile" />
      <Attribute name="Vendor" value="Microsoft" />
      <Attribute name="PersonalAssistant" value="1" />
    </Token>
  </Category>
  
</Tokens>