<?xml version="1.0" encoding="utf-8"?>
<Tokens>

  <Category name="Voices" categoryBase="HKEY_LOCAL_MACHINE\SOFTWARE\Microsoft\Speech_OneCore">
    <Token name="MSTTS_V110_enIN_CortanaKoyalM">
      <String name="" value="Microsoft Koyal Mobile - English (India)" />
      <String name="LangDataPath" value="%windir%\Speech_OneCore\Engines\TTS\en-IN\MSTTSLocEnIN.dat" />
      <String name="LangUpdateDataDirectory" value="%SystemDrive%\Data\SharedData\Speech_OneCore\Engines\TTS\en-IN" />
      <String name="VoicePath" value="%windir%\Speech_OneCore\Engines\TTS\en-IN\M16393Koyal" />
      <String name="VoiceUpdateDataDirectory" value="%SystemDrive%\Data\SharedData\Speech_OneCore\Engines\TTS\en-IN" />
      <String name="4009" value="Microsoft Koyal Mobile - English (India)" />
      <String name="CLSID" value="{179F3D56-1B0B-42B2-A962-59B7EF59FE1B}" />
      <Attribute name="Version" value="11.0" />
      <Attribute name="Language" value="4009" />
      <Attribute name="Gender" value="Female" />
      <Attribute name="Age" value="Adult" />
      <Attribute name="DataVersion" value="11.0.2015.0630" />
      <Attribute name="SharedPronunciation" value="" />
      <Attribute name="Name" value="Microsoft Koyal Mobile" />
      <Attribute name="Vendor" value="Microsoft" />
      <Attribute name="PersonalAssistant" value="1" />
    </Token>
  </Category>

</Tokens>