<?xml version="1.0" encoding="utf-8"?>
<Tokens>

  <Category name="Voices" categoryBase="HKEY_LOCAL_MACHINE\SOFTWARE\Microsoft\Speech_OneCore">
    <Token name="MSTTS_V110_enAU_MatildaM">
      <String name="" value="Microsoft Matilda Mobile - English (Australia)" />
      <String name="LangDataPath" value="%windir%\Speech_OneCore\Engines\TTS\en-AU\MSTTSLocenAU.dat" />
      <String name="LangUpdateDataDirectory" value="%SystemDrive%\Data\SharedData\Speech_OneCore\Engines\TTS\en-AU" />
      <String name="VoicePath" value="%windir%\Speech_OneCore\Engines\TTS\en-AU\M3081Matilda" />
      <String name="VoiceUpdateDataDirectory" value="%SystemDrive%\Data\SharedData\Speech_OneCore\Engines\TTS\en-AU" />
      <String name="C09" value="Microsoft Matilda Mobile - English (Australia)" />
      <String name="CLSID" value="{179F3D56-1B0B-42B2-A962-59B7EF59FE1B}" />
      <Attribute name="Version" value="11.0" />
      <Attribute name="Language" value="C09" />
      <Attribute name="Gender" value="Female" />
      <Attribute name="Age" value="Adult" />
      <Attribute name="DataVersion" value="11.0.2015.0910" />
      <Attribute name="SharedPronunciation" value="" />
      <Attribute name="Name" value="Microsoft Matilda Mobile" />
      <Attribute name="Vendor" value="Microsoft" />
      <Attribute name="PersonalAssistant" value="1" />
    </Token>
  </Category>
 
</Tokens>