{
  "apiRules": {
    "CloudExperienceHost.*": [ "ms-appx-web://microsoft.windows.cloudexperiencehost/webapps/test/view/*", "ms-appx-web://microsoft.cloudexperiencehost/webapps/test/view/*", "ms-appx-web://microsoft.cloudexperiencehost.testapp/webapps/test/view/*" ],
    "CloudExperienceHost.AgeAppropriateDesignCode.Eligibility.*": [ "*" ],
    "CloudExperienceHost.AppFrame.*": [ "*" ],
    "CloudExperienceHost.AppFrameInternal.*": [ "ms-appx-web://microsoft.windows.cloudexperiencehost/*", "ms-appx-web://microsoft.cloudexperiencehost.testapp/*" ],
    "CloudExperienceHost.AutoPilot.*": [ "ms-appx-web://microsoft.windows.cloudexperiencehost/*", "ms-appx-web://microsoft.cloudexperiencehost.testapp/*", "https://login.microsoftonline.com/WebApp/AutoPilot/", "https://login.windows-ppe.net/WebApp/AutoPilot/", "https://login.microsoftonline.com/WebApp/OtaDomainJoin/", "https://login.windows-ppe.net/WebApp/OtaDomainJoin/" ],
    "CloudExperienceHost.AccountAndServices.*": [ "ms-appx-web://microsoft.windows.cloudexperiencehost/*", "ms-appx-web://microsoft.cloudexperiencehost.testapp/*", "https://sdx.microsoft.com/*", "https://sdx.microsoft-ppe.com/*", "https://sdx.microsoft-int.com/*", "https://canary.sdx.microsoft.com/*" ],
    "CloudExperienceHost.BackupRestore.*": [ "ms-appx-web://microsoft.windows.cloudexperiencehost/*", "ms-appx-web://microsoft.cloudexperiencehost.testapp/*", "https://sdx.microsoft.com/*", "https://sdx.microsoft-ppe.com/*", "https://sdx.microsoft-int.com/*", "https://canary.sdx.microsoft.com/*" ],
    "CloudExperienceHost.BrowserSettings.*": [ "ms-appx-web://microsoft.windows.cloudexperiencehost/*", "ms-appx-web://microsoft.cloudexperiencehost.testapp/*", "https://sdx.microsoft.com/*", "https://sdx.microsoft-ppe.com/*", "https://sdx.microsoft-int.com/*", "https://canary.sdx.microsoft.com/*" ],
    "CloudExperienceHost.CloudDomain.*": [ "https://login.microsoftonline.com/WebApp/CloudDomainJoin/", "https://login.microsoftonline.com/WebApp/ConnectAADAccount/", "https://login.microsoftonline.com/WebApp/WindowsLogon/*", "https://login.microsoftonline.com/WebApp/OtaDomainJoin/", "https://login.windows-ppe.net/WebApp/CloudDomainJoin/", "https://login.windows-ppe.net/WebApp/ConnectAADAccount/", "https://login.windows-ppe.net/WebApp/WindowsLogon/*", "https://login.windows-ppe.net/WebApp/OtaDomainJoin/" ],
    "CloudExperienceHost.Cortana.*": [ "ms-appx-web://microsoft.windows.cloudexperiencehost/*", "ms-appx-web://microsoft.cloudexperiencehost/*", "ms-appx-web://microsoft.cloudexperiencehost.testapp/*" ],
    "CloudExperienceHost.CredUI.*": [ "ms-appx-web://microsoft.windows.cloudexperiencehost/*", "ms-appx-web://microsoft.cloudexperiencehost.testapp/*" ],
    "CloudExperienceHost.DeviceDisplayNameSetup.*": [ "https://login.microsoftonline.com/WebApp/DeviceDisplayName/", "https://login.windows-ppe.net/WebApp/DeviceDisplayName/" ],
    "CloudExperienceHost.DeviceName.*": [ "ms-appx-web://microsoft.windows.cloudexperiencehost/*", "ms-appx-web://microsoft.cloudexperiencehost.testapp/*", "https://sdx.microsoft-ppe.com/*", "https://sdx.microsoft-int.com/*", "https://canary.sdx.microsoft.com/*", "https://sdx.microsoft.com/*" ],
    "CloudExperienceHost.DeviceUser.*": [ "ms-appx-web://microsoft.windows.cloudexperiencehost/*", "ms-appx-web://microsoft.cloudexperiencehost/*", "ms-appx-web://microsoft.cloudexperiencehost.testapp/*", "https://login.microsoftonline.com/WebApp/DeviceSubscription/", "https://login.windows-ppe.net/WebApp/DeviceSubscription/" ],
    "CloudExperienceHost.EnterpriseNgcEnrollment.*": [ "https://login.microsoftonline.com/webapp/windowsngc/*", "https://login.windows-ppe.net/webapp/windowsngc/*", "ms-appx-web://microsoft.windows.cloudexperiencehost/*", "ms-appx-web://microsoft.cloudexperiencehost/*", "ms-appx-web://microsoft.cloudexperiencehost.testapp/*" ],
    "CloudExperienceHost.Environment.*": [ "*" ],
    "CloudExperienceHost.ExpeditedUpdate.*": [ "https://sdx.microsoft.com/*", "https://sdx.microsoft-int.com/*", "https://sdx.microsoft-ppe.com/*", "https://canary.sdx.microsoft.com/*" ],
    "CloudExperienceHost.FamilyAPI.*": [ "https://account.live.com/*", "https://signup.live.com/*", "https://account.live-int.com/*", "https://signup.live-int.com/*" ],
    "CloudExperienceHost.FeatureStaging.*": [ "*" ],
    "CloudExperienceHost.Globalization.*": [ "*" ],
    "CloudExperienceHost.LocalAccount.*": [ "ms-appx-web://microsoft.windows.cloudexperiencehost/*", "ms-appx-web://microsoft.cloudexperiencehost/*", "ms-appx-web://microsoft.cloudexperiencehost.testapp/*" ],
    "CloudExperienceHost.SurfaceHubAccount.*": [ "ms-appx-web://microsoft.windows.cloudexperiencehost/*", "ms-appx-web://microsoft.cloudexperiencehost/*", "ms-appx-web://microsoft.cloudexperiencehost.testapp/*" ],
    "CloudExperienceHost.Hello.*": [ "ms-appx-web://microsoft.windows.cloudexperiencehost/*", "ms-appx-web://microsoft.cloudexperiencehost/*", "ms-appx-web://microsoft.cloudexperiencehost.testapp/*" ],
    "CloudExperienceHost.HelloCleanup.*": [ "ms-appx-web://microsoft.windows.cloudexperiencehost/*", "ms-appx-web://microsoft.cloudexperiencehost/*", "ms-appx-web://microsoft.cloudexperiencehost.testapp/*", "https://login.microsoftonline.com/WebApp/NextGenCredentials/", "https://account.live.com/*", "https://login.microsoftonline-ppe.com/WebApp/NextGenCredentials/", "https://account.live-int.com/*", "https://login.microsoftonline.com/webapp/windowsngc/*", "https://login.windows-ppe.net/webapp/windowsngc/*" ],
    "CloudExperienceHost.HoloLensAccount.*": [ "ms-appx-web://microsoft.windows.cloudexperiencehost/*", "ms-appx-web://microsoft.cloudexperiencehost/*" ],
    "CloudExperienceHost.LocalNgc.*": [ "ms-appx-web://microsoft.windows.cloudexperiencehost/*", "ms-appx-web://microsoft.cloudexperiencehost/*", "ms-appx-web://microsoft.cloudexperiencehost.testapp/*" ],
    "CloudExperienceHost.MSA.*": [ "https://login.live.com/*", "https://account.live.com/*", "https://signup.live.com/*", "https://login.live-int.com/*", "https://account.live-int.com/*", "https://signup.live-int.com/*" ],
    "CloudExperienceHost.MSA.encryptUserData": [ "https://login.microsoftonline.com/*", "https://login.windows-ppe.net/*" ],
    "CloudExperienceHost.MSA.getUserInfo": [ "ms-appx-web://microsoft.windows.cloudexperiencehost/*", "ms-appx-web://microsoft.cloudexperiencehost.testapp/*" ],
    "CloudExperienceHost.MSA.getAadSscrParameters": [ "https://passwordreset.microsoftonline.com/*", "https://login.microsoftonline.com/WebApp/WindowsLogon/*", "https://passwordreset.microsoftonline.com/*", "https://login.windows-ppe.net/WebApp/WindowsLogon/*" ],
    "CloudExperienceHost.MSA.getContextParametersForAccount": [ "https://login.microsoftonline.com/webapp/windowsngc/*", "https://login.windows-ppe.net/webapp/windowsngc/*" ],
    "CloudExperienceHost.MSA.getContextParametersForLogin": [ "https://sdx.microsoft.com/frx/mmx/phonepairingexperience/oobe/*", "https://sdx.microsoft-int.com/frx/mmx/phonepairingexperience/oobe/*", "https://sdx.microsoft-ppe.com/frx/mmx/phonepairingexperience/oobe/*" ],
    "CloudExperienceHost.MSA.setUpAadUserPinResetTransition": [ "https://login.microsoftonline.com/WebApp/WindowsLogon/*", "https://login.windows-ppe.net/WebApp/WindowsLogon/*" ],
    "CloudExperienceHost.MSA.setUpAadUserTransition": [ "https://login.microsoftonline.com/WebApp/WindowsLogon/*", "https://login.windows-ppe.net/WebApp/WindowsLogon/*" ],
    "CloudExperienceHost.MSA.getAccountInformation": [ "ms-appx-web://microsoft.windows.cloudexperiencehost/*", "ms-appx-web://microsoft.cloudexperiencehost.testapp/*" ],
    "CloudExperienceHost.MSAUIHandler.*": [ "https://login.live.com/*", "https://account.live.com/*", "https://signup.live.com/*", "https://login.live-int.com/*", "https://account.live-int.com/*", "https://signup.live-int.com/*" ],
    "CloudExperienceHost.OEMRegistrationInfo.*": [ "ms-appx-web://microsoft.windows.cloudexperiencehost/*", "ms-appx-web://microsoft.cloudexperiencehost.testapp/*" ],
    "CloudExperienceHost.MobileExperience.*": [ "https://sdx.microsoft.com/*", "https://sdx.microsoft-ppe.com/*", "https://sdx.microsoft-int.com/*", "https://canary.sdx.microsoft.com/*" ],
    "CloudExperienceHost.OneDrive.*": [ "https://onedrive.live.com/windows/", "https://www.microsoft.com/officeoobe/*", "https://wwwqa.microsoft.com/officeoobe/*", "https://onedrive.live-int.com/windows/", "https://oloobe.officeapps.live.com/*", "https://oloobe.officeapps.live-int.com/*", "ms-appx-web://microsoft.cloudexperiencehost.testapp/*" ],
    "CloudExperienceHost.OobeSettings.*": [ "ms-appx-web://microsoft.windows.cloudexperiencehost/views/*", "ms-appx-web://microsoft.cloudexperiencehost.testapp/views/" ],
    "CloudExperienceHost.Policy.*": [ "*" ],
    "CloudExperienceHost.Privacy.*": [ "ms-appx-web://microsoft.windows.cloudexperiencehost/*", "ms-appx-web://microsoft.cloudexperiencehost.testapp/*", "https://sdx.microsoft-ppe.com/frx/privacy/*", "https://sdx.microsoft-int.com/frx/privacy/*", "https://canary.sdx.microsoft.com/frx/privacy/*", "https://sdx.microsoft.com/frx/privacy/*" ],
    "CloudExperienceHost.Resources.*": [ "*" ],
    "CloudExperienceHost.Rewards.*": [ "ms-appx-web://microsoft.windows.cloudexperiencehost/*", "ms-appx-web://microsoft.cloudexperiencehost/*", "ms-appx-web://microsoft.cloudexperiencehost.testapp/*", "https://sdx.microsoft.com/*", "https://sdx.microsoft-ppe.com/*", "https://sdx.microsoft-int.com/*", "https://canary.sdx.microsoft.com/*" ],
    "CloudExperienceHost.RoamingSettings.*": [ "ms-appx-web://microsoft.windows.cloudexperiencehost/views/", "ms-appx-web://microsoft.cloudexperiencehost.testapp/views/" ],
    "CloudExperienceHost.ScheduledTasks.*": [ "ms-appx-web://microsoft.windows.cloudexperiencehost/*", "ms-appx-web://microsoft.cloudexperiencehost/*", "ms-appx-web://microsoft.cloudexperiencehost.testapp/*", "https://sdx.microsoft.com/*", "https://sdx.microsoft-ppe.com/*", "https://sdx.microsoft-int.com/*", "https://canary.sdx.microsoft.com/*" ],
    "CloudExperienceHost.SessionState.*": [ "*" ],
    "CloudExperienceHost.Storage.*": [ "*" ],
    "CloudExperienceHost.Styling.getThemeColors": [ "*" ],
    "CloudExperienceHost.Styling.getColorFromUserPreference": [ "*" ],
    "CloudExperienceHost.Styling.getColorsFromUserPreference": [ "*" ],
    "CloudExperienceHost.StringResources.getRetailDemoStrings": [ "ms-appx-web://microsoft.windows.cloudexperiencehost/retailDemo/", "ms-appx-web://microsoft.cloudexperiencehost/retailDemo/", "ms-appx-web://microsoft.cloudexperiencehost.testapp/retailDemo/" ],
    "CloudExperienceHost.StringResources.makeResourceObject": [ "ms-appx-web://microsoft.windows.cloudexperiencehost/*", "ms-appx-web://microsoft.cloudexperiencehost/*", "ms-appx-web://microsoft.cloudexperiencehost.testapp/*" ],
    "CloudExperienceHost.Telemetry.*": [ "*" ],
    "CloudExperienceHost.getAllowedIdentityProviders": [ "*" ],
    "CloudExperienceHost.getContext": [ "*" ],
    "CloudExperienceHost.getIUser": [ "*" ],
    "CloudExperienceHost.getUserId": [ "*" ],
    "CloudExperienceHost.promptForKnownCommandsAsync": [ "*" ],
    "CloudExperienceHost.postDeviceTicketToUrl": [ "*" ],
    "CloudExperienceHost.postTicketToReturnUrl": [ "*" ],
    "CloudExperienceHost.postSharedAccountRegistrationTicketsToUrl": [ "https://sdx.microsoft.com/*", "https://sdx.microsoft-ppe.com/*", "https://sdx.microsoft-int.com/*", "https://canary.sdx.microsoft.com/*" ],
    "CloudExperienceHost.registerNgcForUser": [ "https://account.live.com/*", "https://account.live-int.com/*" ],
    "CloudExperienceHost.reportTargetedContentInteraction": [ "*" ],
    "CloudExperienceHost.resetNgcForUser": [ "https://account.live.com/*", "https://account.live-int.com/*" ],
    "CloudExperienceHost.setDisableBackNavigation": [ "*" ],
    "CloudExperienceHost.setShowBackButton": [ "*" ],
    "CloudExperienceHost.setShowCloseButton": [ "https://login.live.com/*", "https://account.live.com/*", "https://login.microsoftonline.com/*", "https://login.live-int.com/*", "https://account.live-int.com/*", "https://login.windows-ppe.net/*" ],
    "CloudExperienceHost.setBackNavigationCheckpoint": [ "*" ],
    "CloudExperienceHost.setIUserFromId": [ "*" ],
    "CloudExperienceHost.notifyPanelChange": [ "*" ],
    "CloudExperienceHost.shouldShowEaseOfAccessControl": [ "*" ],
    "CloudExperienceHost.shouldShowInputSwitchButton": [ "*" ],
    "CloudExperienceHost.showInputSwitchFlyout": [ "*" ],
    "CloudExperienceHost.setShowInputSwitchButton": [ "*" ],
    "CloudExperienceHost.backButtonClicked": [ "*" ],
    "CloudExperienceHost.showProgressWhenPageIsBusy": [ "*" ],
    "CloudExperienceHost.getFailedNode": [ "*" ],
    "CloudExperienceHost.showEaseOfAccessFlyout": [ "*" ],
    "CloudExperienceHost.getBoundingClientRect": [ "*" ],
    "CloudExperienceHost.getFrameViewBoundingRect": [ "*" ],
    "CloudExperienceHost.dimChrome": [ "*" ],
    "CloudExperienceHost.undimChrome": [ "*" ],
    "CloudExperienceHost.showVolumeControlFlyout": [ "*" ],
    "CloudExperienceHost.getChromeFooterOffset": [ "*" ],
    "CloudExperienceHost.getOverrideLanguage": [ "*" ],
    "CloudExperienceHost.languageOverridden": [ "*" ],
    "CloudExperienceHost.updateTransitionMessage": [ "*" ],
    "CloudExperienceHost.Licensing.activateDeviceWithPreviousId": [ "https://sdx.microsoft.com/*", "https://sdx.microsoft-ppe.com/*", "https://sdx.microsoft-int.com/*", "https://canary.sdx.microsoft.com/*" ],
    "CloudExperienceHost.UnifiedEnroll.*": [ "ms-appx-web://microsoft.windows.cloudexperiencehost/*", "ms-appx-web://microsoft.cloudexperiencehost.testapp/*", "https://login.microsoftonline.com/WebApp/UnifiedEnrollment/*", "https://login.windows-ppe.net/WebApp/UnifiedEnrollment/*", "https://login.microsoftonline.com/WebApp/OtaDomainJoin/*", "https://login.windows-ppe.net/WebApp/OtaDomainJoin/*" ],
    "CloudExperienceHost.setRebootForOOBE": [ "https://sdx.microsoft.com/*", "https://sdx.microsoft-int.com/*", "ms-appx-web://microsoft.windows.cloudexperiencehost/*", "ms-appx-web://microsoft.cloudexperiencehost.testapp/*", "https://login.microsoftonline.com/WebApp/CloudDomainJoin/", "https://login.microsoftonline.com/WebApp/OtaDomainJoin/", "https://login.windows-ppe.net/WebApp/CloudDomainJoin/", "https://login.windows-ppe.net/WebApp/OtaDomainJoin/*" ],
    "CloudExperienceHost.showFolderPicker": [ "ms-appx-web://microsoft.windows.cloudexperiencehost/*", "ms-appx-web://microsoft.cloudexperiencehost.testapp/*" ],
    "CloudExperienceHost.unhandledException": [ "*" ],
    "CloudExperienceHost.cancel": [ "ms-appx-web://microsoft.windows.cloudexperiencehost/webapps/inclusiveSspr/view/*", "ms-appx-web://microsoft.cloudexperiencehost.testapp/*" ],
    "CloudExperienceHostAPI.Speech.SpeechSynthesis.*": [ "*" ],
    "CloudExperienceHostBroker.RetailDemo.*": [ "ms-appx-web://microsoft.windows.cloudexperiencehost/retailDemo/", "ms-appx-web://microsoft.cloudexperiencehost/retailDemo/", "ms-appx-web://microsoft.cloudexperiencehost.testapp/retailDemo/" ],
    "RetailDemo.Internal.*": [ "ms-appx-web://microsoft.windows.cloudexperiencehost/retailDemo/", "ms-appx-web://microsoft.cloudexperiencehost/retailDemo/", "ms-appx-web://microsoft.cloudexperiencehost.testapp/retailDemo/" ],
    "UserDeviceRegistration.Ngc.NgcRegManager.*": [ "https://login.microsoftonline.com/WebApp/NextGenCredentials/", "https://login.windows-ppe.net/WebApp/NextGenCredentials/", "https://login.microsoftonline.com/webapp/windowsngc/*", "https://login.windows-ppe.net/webapp/windowsngc/*", "ms-appx-web://microsoft.windows.cloudexperiencehost/*", "ms-appx-web://microsoft.cloudexperiencehost/*", "ms-appx-web://microsoft.cloudexperiencehost.testapp/*" ],
    "Windows.System.Profile.RetailInfo.*": [ "ms-appx-web://microsoft.windows.cloudexperiencehost/retailDemo/", "ms-appx-web://microsoft.cloudexperiencehost/retailDemo/", "ms-appx-web://microsoft.cloudexperiencehost.testapp/retailDemo/" ],
    "CloudExperienceHost.RetailDemo.*": [ "ms-appx-web://microsoft.windows.cloudexperiencehost/retailDemo/", "ms-appx-web://microsoft.cloudexperiencehost/retailDemo/", "ms-appx-web://microsoft.cloudexperiencehost.testapp/retailDemo/" ],
    "CloudExperienceHost.UserManager.*": [ "*" ],
    "CloudExperienceHost.DeviceIntegrationPolicy.*": [ "*" ],
    "CloudExperienceHost.WindowsAccountSyncConsent.*": [ "*" ],
    "WinJS.xhr": [ "*" ]
  }
}
