<?xml version="1.0" encoding="utf-8"?>
<Tokens>

  <Category name="Voices" categoryBase="HKEY_LOCAL_MACHINE\SOFTWARE\Microsoft\Speech_OneCore">
    <Token name="MSTTS_V110_enGB_SarahM">
      <String name="" value="Microsoft Sarah Mobile - English (United Kingdom)" />
      <String name="LangDataPath" value="%windir%\Speech_OneCore\Engines\TTS\en-GB\MSTTSLocenGB.dat" />
      <String name="LangUpdateDataDirectory" value="%SystemDrive%\Data\SharedData\Speech_OneCore\Engines\TTS\en-GB" />
      <String name="VoicePath" value="%windir%\Speech_OneCore\Engines\TTS\en-GB\M2057Sarah" />
      <String name="VoiceUpdateDataDirectory" value="%SystemDrive%\Data\SharedData\Speech_OneCore\Engines\TTS\en-GB" />
      <String name="809" value="Microsoft Sarah Mobile - English (United Kingdom)" />
      <String name="CLSID" value="{179F3D56-1B0B-42B2-A962-59B7EF59FE1B}" />
      <Attribute name="Version" value="11.0" />
      <Attribute name="Language" value="809" />
      <Attribute name="Gender" value="Female" />
      <Attribute name="Age" value="Adult" />
      <Attribute name="DataVersion" value="11.0.2013.1022" />
      <Attribute name="SharedPronunciation" value="" />
      <Attribute name="Name" value="Microsoft Sarah Mobile" />
      <Attribute name="Vendor" value="Microsoft" />
      <Attribute name="PersonalAssistant" value="1" />
    </Token>
  </Category>
  
</Tokens>