<?xml version="1.0" encoding="utf-8"?>
<Tokens>

  <Category name="Voices" categoryBase="HKEY_LOCAL_MACHINE\SOFTWARE\Microsoft\Speech_OneCore">
    <Token name="MSTTS_V110_ptBR_AnaM">
      <String name="" value="Microsoft Ana Mobile - Portuguese (Brazil)" />
      <String name="LangDataPath" value="%windir%\Speech_OneCore\Engines\TTS\pt-BR\MSTTSLocptBR.dat" />
      <String name="LangUpdateDataDirectory" value="%SystemDrive%\Data\SharedData\Speech_OneCore\Engines\TTS\pt-BR" />
      <String name="VoicePath" value="%windir%\Speech_OneCore\Engines\TTS\pt-BR\M1046Ana" />
      <String name="VoiceUpdateDataDirectory" value="%SystemDrive%\Data\SharedData\Speech_OneCore\Engines\TTS\pt-BR" />
      <String name="416" value="Microsoft Ana Mobile - Portuguese (Brazil)" />
      <String name="CLSID" value="{179F3D56-1B0B-42B2-A962-59B7EF59FE1B}" />
      <Attribute name="Version" value="11.0" />
      <Attribute name="Language" value="416" />
      <Attribute name="Gender" value="Female" />
      <Attribute name="Age" value="Adult" />
      <Attribute name="DataVersion" value="11.0.2016.0229" />
      <Attribute name="SharedPronunciation" value="" />
      <Attribute name="Name" value="Microsoft Ana Mobile" />
      <Attribute name="Vendor" value="Microsoft" />
      <Attribute name="PersonalAssistant" value="1" />
      <Attribute name="EnableRusBackend" value="true" />
    </Token>
  </Category>
  
</Tokens>