<?xml version="1.0" encoding="utf-8"?>
<Tokens>

  <Category name="Voices" categoryBase="HKEY_LOCAL_MACHINE\SOFTWARE\Microsoft\Speech_OneCore">
    <Token name="MSTTS_V110_frFR_NathalieM">
      <String name="" value="Microsoft Nathalie Mobile - French (France)" />
      <String name="LangDataPath" value="%windir%\Speech_OneCore\Engines\TTS\fr-FR\MSTTSLocfrFR.dat" />
      <String name="LangUpdateDataDirectory" value="%SystemDrive%\Data\SharedData\Speech_OneCore\Engines\TTS\fr-FR" />
      <String name="VoicePath" value="%windir%\Speech_OneCore\Engines\TTS\fr-fr\M1036Nathalie" />
      <String name="VoiceUpdateDataDirectory" value="%SystemDrive%\Data\SharedData\Speech_OneCore\Engines\TTS\fr-FR" />
      <String name="40C" value="Microsoft Nathalie Mobile - French (France)" />
      <String name="CLSID" value="{179F3D56-1B0B-42B2-A962-59B7EF59FE1B}" />
      <Attribute name="Version" value="11.0" />
      <Attribute name="Language" value="40C" />
      <Attribute name="Gender" value="Female" />
      <Attribute name="Age" value="Adult" />
      <Attribute name="DataVersion" value="11.0.2014.1222" />
      <Attribute name="SharedPronunciation" value="" />
      <Attribute name="Name" value="Microsoft Nathalie Mobile" />
      <Attribute name="Vendor" value="Microsoft" />
      <Attribute name="PersonalAssistant" value="1" />
    </Token>
  </Category>
  
</Tokens>