<?xml version="1.0" encoding="utf-8"?>
<Tokens>

  <Category name="Voices" categoryBase="HKEY_LOCAL_MACHINE\SOFTWARE\Microsoft\Speech_OneCore">
    <Token name="MSTTS_V110_itIT_ElsaCortanaM">
      <String name="" value="Microsoft Elsa Cortana Mobile - Italian (Italy)" />
      <String name="LangDataPath" value="%windir%\Speech_OneCore\Engines\TTS\it-IT\MSTTSLocitIT.dat" />
      <String name="LangUpdateDataDirectory" value="%SystemDrive%\Data\SharedData\Speech_OneCore\Engines\TTS\it-IT" />
      <String name="VoicePath" value="%windir%\Speech_OneCore\Engines\TTS\it-it\M1040ElsaV2" />
      <String name="VoiceUpdateDataDirectory" value="%SystemDrive%\Data\SharedData\Speech_OneCore\Engines\TTS\it-IT" />
      <String name="410" value="Microsoft Elsa Cortana Mobile - Italian (Italy)" />
      <String name="CLSID" value="{179F3D56-1B0B-42B2-A962-59B7EF59FE1B}" />
      <Attribute name="Version" value="11.1" />
      <Attribute name="Language" value="410" />
      <Attribute name="Gender" value="Female" />
      <Attribute name="Age" value="Adult" />
      <Attribute name="DataVersion" value="11.1.2014.1222" />
      <Attribute name="SharedPronunciation" value="" />
      <Attribute name="Name" value="Microsoft Elsa Cortana Mobile" />
      <Attribute name="Vendor" value="Microsoft" />
      <Attribute name="PersonalAssistant" value="1" />
    </Token>
  </Category>
  
</Tokens>