<?xml version="1.0" encoding="utf-8"?>
<Tokens>

  <Category name="Voices" categoryBase="HKEY_LOCAL_MACHINE\SOFTWARE\Microsoft\Speech_OneCore">
    <Token name="MSTTS_V110_zhCN_HongyuM">
      <String name="" value="Microsoft Hongyu Mobile - Chinese (Simplified, PRC)" />
      <String name="LangDataPath" value="%windir%\Speech_OneCore\Engines\TTS\zh-CN\MSTTSLoczhCN.dat" />
      <String name="LangUpdateDataDirectory" value="%SystemDrive%\Data\SharedData\Speech_OneCore\Engines\TTS\zh-CN" />
      <String name="VoicePath" value="%windir%\Speech_OneCore\Engines\TTS\zh-CN\M2052Hongyu" />
      <String name="VoiceUpdateDataDirectory" value="%SystemDrive%\Data\SharedData\Speech_OneCore\Engines\TTS\zh-CN" />
      <String name="804" value="Microsoft Hongyu Mobile - Chinese (Simplified, PRC)" />
      <String name="CLSID" value="{179F3D56-1B0B-42B2-A962-59B7EF59FE1B}" />
      <Attribute name="Version" value="11.0" />
      <Attribute name="Language" value="804" />
      <Attribute name="Gender" value="Female" />
      <Attribute name="Age" value="Adult" />
      <Attribute name="DataVersion" value="11.0.2013.1022" />
      <Attribute name="SharedPronunciation" value="" />
      <Attribute name="Name" value="Microsoft Hongyu Mobile" />
      <Attribute name="Vendor" value="Microsoft" />
      <Attribute name="PersonalAssistant" value="1" />
    </Token>
  </Category>
  
</Tokens>